50732,22.00,-0.04,-0.24,23.00,-0.32,-0.44,22.00,-0.05,0.04
50792,22.00,0.08,-0.03,23.00,0.24,-0.49,22.00,-0.02,-0.02
50852,22.00,-0.07,-0.21,23.00,0.77,0.26,22.00,-0.02,-0.06
50912,22.00,0.01,-0.19,23.00,1.18,-0.15,22.00,-0.01,-0.01
50972,22.00,-0.01,-0.18,23.00,2.16,-0.73,22.00,-0.10,-0.06
51032,22.00,-0.11,-0.24,23.00,2.66,-0.04,22.00,-0.05,-0.04
51093,22.00,0.02,-0.29,23.00,2.86,-0.43,22.00,0.02,0.05
51153,22.00,-0.07,-0.20,23.00,3.38,-0.17,22.00,-0.07,-0.02
51213,22.00,0.01,-0.24,23.00,3.58,-0.06,22.00,-0.02,-0.06
51273,22.00,-0.04,-0.28,23.00,3.77,-0.23,22.00,-0.01,0.04
51333,22.00,-0.05,-0.19,23.00,3.86,0.64,22.00,-0.01,-0.04
51393,22.00,0.01,-0.28,23.00,3.85,-0.20,22.00,-0.01,-0.01
51453,22.00,0.08,-0.13,23.00,3.82,-0.46,22.00,-0.04,-0.04
51514,22.00,-0.10,-0.27,23.00,3.58,-0.12,22.00,-0.04,-0.00
51574,22.00,-0.07,-0.28,23.00,3.45,0.15,22.00,-0.04,-0.02
51634,22.00,-0.20,-0.24,23.00,3.47,-0.06,22.00,0.10,-0.10
51694,22.00,-0.08,-0.15,23.00,2.56,0.30,22.00,-0.02,-0.01
51754,22.00,0.04,-0.17,23.00,2.47,0.08,22.00,-0.05,-0.07
51814,22.00,-0.04,-0.29,23.00,1.88,0.01,22.00,-0.05,-0.03
51874,22.00,0.07,-0.15,23.00,1.19,0.25,22.00,-0.05,0.01
51934,22.00,0.05,-0.20,23.00,0.68,-0.49,22.00,0.04,-0.06
51995,22.00,-0.07,-0.16,23.00,0.15,0.03,22.00,-0.01,0.01
52055,22.00,-0.05,-0.29,23.00,-0.53,-0.02,22.00,0.12,-0.08
52115,22.00,-0.05,-0.29,23.00,-1.15,-0.23,22.00,0.04,-0.08
52175,22.00,-0.01,-0.16,23.00,-1.53,-0.35,22.00,-0.02,-0.11
52235,22.00,0.14,-0.03,23.00,-2.10,-0.13,22.00,-0.02,-0.03
52295,22.00,0.08,-0.26,23.00,-2.82,-0.26,22.00,-0.07,-0.03
52355,22.00,0.04,-0.26,23.00,-3.10,-0.36,22.00,-0.01,-0.07
52416,22.00,-0.07,-0.38,23.00,-3.25,-0.27,22.00,-0.07,0.07
52476,22.00,0.10,-0.11,23.00,-3.63,-0.70,22.00,-0.04,-0.08
52536,22.00,0.01,-0.22,23.00,-3.71,-0.24,22.00,0.04,-0.04
52596,22.00,0.10,-0.15,23.00,-3.70,0.12,22.00,0.02,-0.01
52656,22.00,-0.15,-0.25,23.00,-3.70,-0.59,22.00,0.01,-0.00
52716,22.00,-0.01,-0.18,23.00,-3.77,-0.34,22.00,0.02,-0.14
52776,22.00,-0.04,-0.23,23.00,-3.76,-0.36,22.00,-0.04,-0.03
52836,22.00,0.11,-0.29,23.00,-3.42,-0.60,22.00,-0.01,-0.02
52897,22.00,-0.02,-0.13,23.00,-3.05,-0.43,22.00,0.02,-0.10
52957,22.00,-0.05,-0.17,23.00,-2.86,-0.54,22.00,0.02,-0.00
53017,22.00,-0.07,-0.22,23.00,-2.10,-0.23,22.00,0.02,-0.06
53077,22.00,0.08,-0.15,23.00,-1.87,-0.21,22.00,-0.02,0.00
53137,22.00,-0.12,-0.10,23.00,-1.28,-0.59,22.00,-0.07,-0.06
53197,22.00,-0.02,-0.22,23.00,-0.68,-0.57,22.00,-0.07,0.02
53257,22.00,0.01,-0.17,23.00,-0.14,-0.45,22.00,-0.07,-0.05
53318,22.00,-0.05,-0.26,23.00,0.62,-0.51,22.00,0.02,0.03
53378,22.00,-0.07,-0.27,23.00,0.92,-0.18,22.00,-0.01,-0.12
53438,22.00,-0.04,-0.21,23.00,1.27,-0.11,22.00,0.04,-0.02
53498,22.00,0.05,-0.19,23.00,2.18,-0.21,22.00,-0.04,-0.03
53558,22.00,-0.15,-0.14,23.00,2.72,-0.29,22.00,0.01,-0.02
53618,22.00,-0.14,-0.22,23.00,2.94,-0.00,22.00,0.07,0.07
53678,22.00,0.12,-0.15,23.00,3.67,-0.44,22.00,0.02,0.01
53739,22.00,0.01,-0.19,23.00,3.42,-0.27,22.00,-0.07,-0.09
53799,22.00,0.07,-0.15,23.00,4.04,0.38,22.00,0.05,-0.03
53859,22.00,-0.08,-0.22,23.00,3.60,0.24,22.00,0.02,-0.02
53919,22.00,0.08,-0.29,23.00,3.66,-0.01,22.00,-0.02,-0.05
53979,22.00,-0.04,-0.19,23.00,3.63,0.09,22.00,-0.04,-0.14
54039,22.00,-0.02,-0.21,23.00,3.58,0.41,22.00,0.02,-0.02
54099,22.00,0.04,-0.15,23.00,3.55,-0.26,22.00,0.01,-0.04
54159,22.00,-0.02,-0.20,23.00,2.92,0.10,22.00,0.02,-0.08
54220,22.00,-0.07,-0.19,23.00,2.53,0.37,22.00,-0.01,-0.10
54280,22.00,-0.04,-0.07,23.00,1.79,0.33,22.00,-0.04,-0.03
54340,22.00,-0.02,-0.23,23.00,1.75,-0.19,22.00,0.02,-0.02
54400,22.00,-0.10,-0.37,23.00,0.80,0.31,22.00,0.01,-0.05
54460,22.00,-0.01,-0.15,23.00,0.23,0.19,22.00,-0.11,0.00
54520,22.00,-0.02,-0.15,23.00,-0.15,0.07,22.00,0.05,-0.02
54580,22.00,0.07,-0.14,23.00,-0.62,0.03,22.00,-0.02,-0.06
54641,22.00,0.12,-0.15,23.00,-1.18,-0.32,22.00,0.01,-0.09
54701,22.00,0.07,-0.23,23.00,-1.78,0.22,22.00,-0.04,-0.01
54761,22.00,-0.05,-0.37,23.00,-2.10,0.03,22.00,0.05,0.00
54821,22.00,0.07,-0.12,23.00,-2.70,-0.04,22.00,-0.07,-0.02
54881,22.00,-0.02,-0.27,23.00,-3.22,-0.29,22.00,0.02,-0.07
54941,22.00,0.14,-0.21,23.00,-3.38,-0.26,22.00,-0.05,-0.06
55001,22.00,-0.21,-0.30,23.00,-3.67,-0.04,22.00,0.01,-0.09
55061,22.00,-0.08,-0.28,23.00,-3.68,-0.14,22.00,-0.02,-0.06
55122,22.00,-0.08,-0.24,23.00,-3.99,-0.46,22.00,0.04,-0.00
55182,22.00,0.17,-0.27,23.00,-3.96,-0.54,22.00,0.04,0.00
55242,22.00,0.05,-0.24,23.00,-3.68,-0.15,22.00,0.01,-0.07
55302,22.00,-0.07,-0.25,23.00,-3.61,-0.16,22.00,0.02,-0.03
55362,22.00,0.08,-0.37,23.00,-3.29,-0.69,22.00,-0.04,-0.05
55422,22.00,0.10,-0.22,23.00,-2.91,-0.32,22.00,0.04,-0.10
55482,22.00,-0.01,-0.24,23.00,-2.60,-0.36,22.00,0.02,-0.06
55543,22.00,-0.08,-0.13,23.00,-2.01,-0.41,22.00,0.05,0.00
55603,22.00,-0.14,-0.25,23.00,-1.37,-0.45,22.00,0.01,-0.04
55663,22.00,-0.02,-0.09,23.00,-0.73,-0.68,22.00,0.04,-0.06
55723,22.00,-0.01,-0.14,23.00,-0.30,-0.80,22.00,-0.04,-0.08
55783,22.00,-0.07,-0.21,23.00,0.27,-0.29,22.00,-0.04,-0.07
55843,22.00,-0.18,-0.33,23.00,0.77,-0.44,22.00,-0.04,-0.02
55903,22.00,-0.10,-0.15,23.00,1.44,-0.51,22.00,-0.05,0.02
55963,22.00,0.05,-0.29,23.00,1.82,0.36,22.00,-0.01,-0.02
56024,22.00,-0.02,-0.13,23.00,2.10,0.15,22.00,0.01,-0.01
56084,22.00,0.10,-0.15,23.00,3.03,0.05,22.00,-0.01,-0.01
56144,22.00,-0.01,-0.11,23.00,3.00,0.29,22.00,0.01,0.07
56204,22.00,0.07,-0.30,23.00,3.29,0.35,22.00,0.04,0.01
56264,22.00,-0.08,-0.22,23.00,3.63,0.11,22.00,0.01,-0.07
56324,22.00,-0.12,-0.26,23.00,3.88,-0.04,22.00,0.04,-0.03
56384,22.00,-0.10,-0.17,23.00,3.73,0.25,22.00,-0.04,-0.01
56445,22.00,0.04,-0.16,23.00,3.99,0.10,22.00,-0.05,-0.08
56505,22.00,-0.04,-0.22,23.00,3.61,-0.03,22.00,-0.02,-0.05
56565,22.00,0.05,-0.17,23.00,3.35,0.27,22.00,0.02,-0.07
56625,22.00,-0.27,-0.15,23.00,3.03,0.18,22.00,-0.04,-0.03
56685,22.00,0.15,-0.14,23.00,2.97,-0.38,22.00,0.02,-0.06
56745,22.00,-0.12,-0.35,23.00,2.23,0.14,22.00,0.01,-0.06
56805,22.00,0.05,-0.16,23.00,1.71,-0.27,22.00,-0.05,-0.09
56865,22.00,-0.04,-0.30,23.00,1.19,0.29,22.00,-0.04,-0.03
56926,22.00,-0.07,-0.22,23.00,0.86,0.33,22.00,0.07,-0.01
56986,22.00,-0.02,-0.27,23.00,0.24,0.07,22.00,-0.01,0.00
57046,22.00,0.10,-0.25,23.00,-0.27,-0.29,22.00,-0.04,-0.10
57106,22.00,0.01,-0.28,23.00,-0.96,0.27,22.00,0.01,0.00
57166,22.00,0.02,-0.16,23.00,-1.78,0.44,22.00,-0.05,-0.07
57226,22.00,0.05,-0.24,23.00,-1.85,-0.18,22.00,-0.02,-0.07
57286,22.00,-0.04,-0.31,23.00,-2.56,-0.36,22.00,0.08,-0.04
57347,22.00,-0.11,-0.25,23.00,-2.88,0.06,22.00,-0.01,-0.05
57407,22.00,-0.08,-0.31,23.00,-3.30,-0.27,22.00,0.04,-0.00
57467,22.00,-0.04,-0.22,23.00,-3.48,-0.22,22.00,0.01,0.03
57527,22.00,-0.01,-0.30,23.00,-4.05,-0.30,22.00,0.04,-0.06
57587,22.00,-0.04,-0.25,23.00,-3.83,-0.56,22.00,-0.02,-0.00
57647,22.00,-0.02,-0.21,23.00,-3.95,-0.24,22.00,-0.01,-0.03
57707,22.00,-0.02,-0.24,23.00,-3.64,-0.45,22.00,-0.01,-0.03
57767,22.00,0.05,-0.20,23.00,-3.48,-0.41,22.00,0.07,-0.05
57828,22.00,0.12,-0.23,23.00,-3.42,-0.21,22.00,-0.05,-0.01
57888,22.00,-0.10,-0.33,23.00,-3.10,-0.62,22.00,0.07,-0.00
57948,22.00,-0.05,-0.28,23.00,-2.66,-0.43,22.00,-0.04,-0.07
58008,22.00,0.21,-0.08,23.00,-2.29,-0.80,22.00,0.07,-0.07
58068,22.00,0.02,-0.23,23.00,-1.62,-0.72,22.00,-0.01,-0.03
58128,22.00,-0.01,-0.14,23.00,-1.31,-0.58,22.00,-0.08,-0.01
58188,22.00,0.01,-0.24,23.00,-0.74,-0.73,22.00,-0.04,0.04
58249,22.00,0.07,-0.22,23.00,-0.27,-0.49,22.00,-0.01,-0.07
58309,22.00,-0.01,-0.24,23.00,0.37,-0.38,22.00,-0.02,0.00
58369,22.00,-0.05,-0.31,23.00,0.95,-0.10,22.00,-0.04,-0.04
58429,22.00,-0.10,-0.24,23.00,1.68,-0.06,22.00,-0.02,-0.04
58489,22.00,-0.08,-0.22,23.00,2.06,-0.43,22.00,0.01,-0.06
58549,22.00,-0.24,-0.15,23.00,2.42,0.02,22.00,0.02,-0.05
58609,22.00,0.01,-0.11,23.00,2.89,-0.36,22.00,-0.04,-0.04
58669,22.00,0.10,-0.13,23.00,3.42,0.29,22.00,-0.01,-0.07
58730,22.00,0.15,-0.08,23.00,3.48,-0.09,22.00,0.02,0.02
58790,22.00,0.04,-0.22,23.00,3.79,-0.07,22.00,0.07,-0.04
58850,22.00,-0.05,-0.24,23.00,3.73,0.03,22.00,-0.07,0.00
58910,22.00,-0.02,-0.16,23.00,3.95,-0.58,22.00,0.01,-0.09
58970,22.00,0.20,-0.08,23.00,3.68,-0.29,22.00,0.01,-0.04
59030,22.00,0.02,-0.09,23.00,3.70,-0.07,22.00,0.01,-0.01
59090,22.00,0.15,-0.25,23.00,3.16,-0.23,22.00,0.01,-0.02
59151,22.00,0.10,-0.34,23.00,2.76,0.02,22.00,0.02,0.00
59211,22.00,-0.07,-0.27,23.00,2.69,-0.45,22.00,-0.01,0.02
59271,22.00,0.02,-0.17,23.00,2.42,-0.12,22.00,0.07,-0.06
59331,22.00,0.04,-0.15,23.00,1.69,-0.06,22.00,-0.08,0.01
59391,22.00,0.18,-0.19,23.00,1.19,-0.31,22.00,-0.05,-0.01
59451,22.00,-0.12,-0.33,23.00,0.46,-0.01,22.00,-0.02,-0.03
59511,22.00,-0.01,-0.23,23.00,0.04,-0.03,22.00,-0.05,-0.09
59572,22.00,0.02,-0.12,23.00,-0.55,-0.49,22.00,0.01,-0.14
59632,22.00,-0.08,-0.29,23.00,-0.96,-0.87,22.00,-0.01,-0.08
59692,22.00,0.01,-0.22,23.00,-1.62,-0.29,22.00,0.01,-0.09
59752,22.00,0.04,-0.17,23.00,-2.28,-0.30,22.00,-0.02,-0.07
59812,22.00,-0.05,-0.22,23.00,-2.69,-0.15,22.00,-0.05,-0.03
59872,22.00,0.04,-0.18,23.00,-3.13,-0.19,22.00,0.01,-0.06
59932,22.00,0.10,-0.09,23.00,-3.61,0.20,22.00,0.01,-0.06
59992,22.00,-0.08,-0.29,23.00,-3.70,-0.27,22.00,-0.02,-0.01
60053,22.00,-0.02,-0.09,23.00,-4.01,-0.22,22.00,-0.04,-0.03
60113,22.00,-0.12,-0.13,23.00,-3.90,-0.45,22.00,0.01,-0.00
60173,22.00,-0.01,-0.27,23.00,-3.77,-0.75,22.00,0.07,-0.07
60233,22.00,0.18,-0.13,23.00,-3.80,-0.73,22.00,-0.02,-0.14
60293,22.00,-0.04,-0.16,23.00,-3.71,-0.43,22.00,-0.02,0.00
60353,22.00,-0.10,-0.25,23.00,-3.38,-0.35,22.00,-0.04,-0.00
60413,22.00,0.01,-0.30,23.00,-3.01,-0.62,22.00,0.01,-0.04
60474,22.00,-0.02,-0.22,23.00,-2.38,-0.51,22.00,0.02,-0.03
60534,22.00,-0.01,-0.22,23.00,-2.15,-0.22,22.00,-0.02,-0.05
60594,22.00,-0.01,-0.28,23.00,-1.59,-0.36,22.00,-0.02,-0.13
60654,22.00,0.10,-0.25,23.00,-1.15,0.02,22.00,0.04,-0.01
60714,22.00,-0.02,-0.21,23.00,-0.39,-0.53,22.00,0.05,-0.01
60774,22.00,0.11,-0.28,23.00,0.20,-0.44,22.00,0.04,-0.08
60834,22.00,-0.01,-0.21,23.00,0.68,-0.51,22.00,-0.08,-0.10
60894,22.00,-0.17,-0.29,23.00,1.25,0.00,22.00,0.02,-0.16
60955,22.00,0.04,-0.32,23.00,1.85,0.04,22.00,0.05,-0.05
61015,22.00,-0.02,-0.22,23.00,2.45,-0.32,22.00,0.01,-0.02
61075,22.00,-0.11,-0.12,23.00,2.53,-0.15,22.00,0.02,0.06
61135,22.00,-0.05,-0.12,23.00,3.30,-0.08,22.00,-0.01,0.04
61195,22.00,-0.20,-0.27,23.00,3.20,0.11,22.00,0.07,-0.00
61255,22.00,-0.04,-0.21,23.00,3.82,-0.18,22.00,-0.11,-0.00
61315,22.00,-0.04,-0.21,23.00,3.95,0.30,22.00,0.02,-0.01
61376,22.00,0.08,-0.24,23.00,3.55,-0.09,22.00,-0.07,-0.03
61436,22.00,0.02,-0.22,23.00,3.85,-0.47,22.00,0.01,0.05
61496,22.00,0.10,-0.21,23.00,3.73,-0.08,22.00,0.02,0.02
61556,22.00,-0.08,-0.04,23.00,3.30,-0.07,22.00,0.02,0.00
61616,22.00,0.07,-0.35,23.00,3.32,0.07,22.00,0.01,-0.07
61676,22.00,0.11,-0.24,23.00,2.81,-0.16,22.00,-0.05,-0.08
61736,22.00,0.08,-0.20,23.00,2.29,0.01,22.00,0.07,-0.02
61796,22.00,-0.18,-0.32,23.00,1.96,0.10,22.00,0.01,-0.00
61857,22.00,-0.10,-0.26,23.00,1.33,0.22,22.00,-0.04,-0.01
61917,22.00,0.12,-0.22,23.00,0.58,0.20,22.00,-0.01,0.00
61977,22.00,-0.01,-0.23,23.00,0.24,-0.25,22.00,0.02,-0.04
62037,22.00,0.01,-0.18,23.00,-0.30,-0.15,22.00,-0.02,-0.15
62097,22.00,0.08,-0.13,23.00,-0.81,-0.51,22.00,-0.01,-0.03
62157,22.00,0.02,-0.27,23.00,-1.49,-0.49,22.00,0.04,-0.03
62217,22.00,-0.11,-0.11,23.00,-2.04,-0.27,22.00,-0.07,-0.09
62278,22.00,-0.08,-0.20,23.00,-2.31,-0.08,22.00,0.07,0.04
62338,22.00,0.14,-0.18,23.00,-2.79,-0.39,22.00,0.01,-0.08
62398,22.00,0.10,-0.14,23.00,-3.41,-0.59,22.00,-0.01,-0.01
62458,22.00,-0.04,-0.18,23.00,-3.29,-0.51,22.00,0.01,-0.16
62518,22.00,0.12,-0.21,23.00,-3.92,0.28,22.00,0.01,-0.00
62578,22.00,0.07,-0.02,23.00,-4.05,-0.30,22.00,0.02,-0.02
62638,22.00,-0.01,-0.16,23.00,-3.67,-0.67,22.00,0.04,-0.02
62698,22.00,0.20,-0.25,23.00,-3.86,-0.58,22.00,-0.05,-0.06
62759,22.00,-0.07,-0.17,23.00,-3.93,-0.54,22.00,0.02,-0.03
62819,22.00,0.14,-0.22,23.00,-3.35,-0.86,22.00,0.02,-0.01
62879,22.00,-0.02,-0.22,23.00,-3.14,-0.64,22.00,-0.05,-0.06
62939,22.00,0.11,-0.21,23.00,-2.79,0.08,22.00,0.01,0.00
62999,22.00,0.02,-0.22,23.00,-2.37,-0.39,22.00,0.02,0.03
63059,22.00,-0.12,-0.22,23.00,-2.10,0.13,22.00,-0.04,-0.04
63119,22.00,-0.07,-0.21,23.00,-1.38,-0.73,22.00,0.07,0.02
63180,22.00,0.15,-0.17,23.00,-0.90,-0.43,22.00,0.01,-0.02
63240,22.00,0.10,-0.25,23.00,-0.40,-0.44,22.00,-0.04,0.04
63300,22.00,-0.01,-0.21,23.00,0.37,-0.45,22.00,-0.02,-0.01
63360,22.00,-0.05,-0.23,23.00,1.21,0.24,22.00,-0.04,-0.02
63420,22.00,-0.01,-0.08,23.00,1.62,0.30,22.00,-0.01,0.00
63480,22.00,0.14,-0.12,23.00,2.12,-0.04,22.00,-0.05,-0.06
63540,22.00,0.07,-0.20,23.00,2.47,-0.04,22.00,-0.02,-0.08
63600,22.00,0.14,-0.18,23.00,2.98,0.29,22.00,-0.02,-0.05
63661,22.00,0.01,-0.22,23.00,3.17,-0.04,22.00,-0.04,-0.04
63721,22.00,0.07,-0.36,23.00,3.41,-0.31,22.00,-0.05,0.02
63781,22.00,0.26,-0.19,23.00,3.95,0.32,22.00,0.04,-0.01
63841,22.00,0.04,-0.25,23.00,3.90,0.16,22.00,-0.08,-0.04
63901,22.00,0.05,-0.22,23.00,3.55,-0.15,22.00,-0.04,-0.01
63961,22.00,-0.01,-0.25,23.00,3.38,0.34,22.00,-0.10,-0.03
64021,22.00,-0.11,-0.22,23.00,3.52,0.19,22.00,-0.04,-0.06
64082,22.00,0.04,-0.16,23.00,3.47,0.06,22.00,0.02,-0.04
64142,22.00,0.01,-0.21,23.00,2.91,-0.03,22.00,-0.05,-0.06
64202,22.00,-0.14,-0.19,23.00,2.82,0.13,22.00,-0.01,-0.07
64262,22.00,-0.11,-0.26,23.00,2.23,0.27,22.00,-0.07,-0.05
64322,22.00,-0.05,-0.28,23.00,1.49,0.00,22.00,-0.01,-0.07
64382,22.00,-0.02,-0.28,23.00,1.08,-0.05,22.00,-0.02,-0.07
64442,22.00,0.05,-0.22,23.00,0.67,0.06,22.00,-0.07,-0.09
64503,22.00,-0.04,-0.27,23.00,0.04,-0.23,22.00,-0.02,-0.04
64563,22.00,0.17,-0.23,23.00,-0.68,-0.02,22.00,-0.02,-0.11
64623,22.00,-0.01,-0.16,23.00,-1.15,0.30,22.00,-0.01,-0.02
64683,22.00,-0.02,-0.13,23.00,-1.47,-0.14,22.00,-0.01,0.00
64743,22.00,-0.10,-0.33,23.00,-2.22,0.00,22.00,0.01,-0.08
64803,22.00,-0.15,-0.26,23.00,-2.60,-0.35,22.00,0.04,-0.07
64863,22.00,-0.02,-0.15,23.00,-2.95,-0.32,22.00,0.01,0.03
64923,22.00,-0.08,-0.23,23.00,-3.42,-0.60,22.00,-0.07,-0.10
64984,22.00,-0.10,-0.19,23.00,-3.27,-0.58,22.00,-0.07,-0.03
65044,22.00,0.08,-0.18,23.00,-3.67,-0.13,22.00,-0.07,0.00
65104,22.00,0.02,-0.16,23.00,-3.85,-0.39,22.00,0.02,0.07
65164,22.00,0.01,-0.20,23.00,-3.61,-0.48,22.00,-0.04,0.00
65224,22.00,-0.02,-0.26,23.00,-3.68,-0.43,22.00,-0.04,-0.10
65284,22.00,-0.14,-0.35,23.00,-3.48,-0.17,22.00,-0.07,-0.08
65344,22.00,-0.02,-0.19,23.00,-3.10,-0.42,22.00,0.02,0.00
65405,22.00,-0.11,-0.07,23.00,-3.01,-0.24,22.00,-0.02,-0.06
65465,22.00,0.05,-0.21,23.00,-2.51,-0.38,22.00,0.01,-0.01
65525,22.00,0.11,-0.09,23.00,-2.01,-0.33,22.00,-0.01,-0.02
65585,22.00,-0.02,-0.22,23.00,-1.47,-0.49,22.00,-0.05,-0.01
65645,22.00,-0.04,-0.34,23.00,-1.18,-0.22,22.00,0.04,-0.04
65705,22.00,0.01,-0.38,23.00,-0.62,-0.45,22.00,0.02,0.00
65765,22.00,0.12,-0.28,23.00,0.11,-0.28,22.00,-0.05,-0.03
65825,22.00,-0.01,-0.12,23.00,0.74,-0.05,22.00,0.01,0.07
65886,22.00,0.12,-0.11,23.00,1.19,-0.35,22.00,-0.01,-0.02
65946,22.00,0.05,-0.23,23.00,1.60,-0.14,22.00,0.05,-0.06
66006,22.00,0.04,-0.20,23.00,2.19,-0.05,22.00,-0.05,-0.07
66066,22.00,-0.05,-0.24,23.00,2.78,0.11,22.00,-0.05,-0.05
66126,22.00,0.10,-0.29,23.00,3.20,-0.07,22.00,0.05,0.02
66186,22.00,-0.07,-0.27,23.00,3.52,0.48,22.00,0.04,-0.06
66246,22.00,-0.07,-0.19,23.00,3.66,-0.18,22.00,0.01,-0.07
66307,22.00,0.05,-0.13,23.00,3.95,-0.30,22.00,-0.07,-0.05
66367,22.00,-0.07,-0.22,23.00,4.04,-0.23,22.00,0.01,-0.08
66427,22.00,-0.05,-0.15,23.00,3.85,-0.03,22.00,0.02,-0.02
66487,22.00,0.04,-0.24,23.00,3.86,-0.06,22.00,-0.05,-0.00
66547,22.00,-0.15,-0.19,23.00,3.67,0.80,22.00,0.01,-0.06
66607,22.00,-0.02,-0.30,23.00,3.44,0.05,22.00,0.05,0.03
66667,22.00,0.07,-0.22,23.00,2.66,0.09,22.00,0.01,-0.06
66727,22.00,0.11,-0.26,23.00,2.69,0.33,22.00,0.01,0.08
66788,22.00,-0.20,-0.17,23.00,2.01,0.37,22.00,0.02,-0.14
66848,22.00,-0.01,-0.15,23.00,1.38,0.07,22.00,-0.02,-0.13
66908,22.00,-0.11,-0.11,23.00,1.21,0.26,22.00,0.02,-0.12
66968,22.00,0.01,-0.19,23.00,0.37,0.08,22.00,-0.04,0.08
67028,22.00,-0.02,-0.16,23.00,-0.14,-0.22,22.00,0.07,-0.02
67088,22.00,-0.02,-0.22,23.00,-0.74,-0.44,22.00,-0.02,-0.06
67148,22.00,-0.12,-0.18,23.00,-1.24,-0.10,22.00,-0.05,-0.04
67209,22.00,-0.15,-0.16,23.00,-1.84,-0.15,22.00,-0.04,-0.04
67269,22.00,-0.11,-0.36,23.00,-2.48,-0.26,22.00,0.01,-0.05
67329,22.00,0.08,-0.22,23.00,-2.60,-0.44,22.00,-0.01,-0.09
67389,22.00,0.14,-0.15,23.00,-3.04,0.03,22.00,-0.04,0.05
67449,22.00,-0.05,-0.29,23.00,-3.52,-0.59,22.00,0.02,-0.03
67509,22.00,0.10,-0.18,23.00,-3.76,-0.10,22.00,-0.05,-0.04
67569,22.00,0.04,-0.12,23.00,-3.77,-0.73,22.00,-0.02,-0.05
67629,22.00,-0.12,-0.31,23.00,-3.77,-0.20,22.00,-0.08,-0.01
67690,22.00,-0.04,-0.33,23.00,-3.71,-0.54,22.00,0.04,-0.08
67750,22.00,0.02,-0.10,23.00,-3.77,-0.33,22.00,0.02,-0.03
67810,22.00,0.01,-0.26,23.00,-3.64,-0.15,22.00,-0.01,-0.07
67870,22.00,-0.04,-0.15,23.00,-3.44,-0.71,22.00,-0.02,-0.04
67930,22.00,0.07,-0.22,23.00,-2.73,-0.64,22.00,-0.02,-0.05
67990,22.00,-0.07,-0.21,23.00,-2.45,-0.19,22.00,-0.04,-0.03
68050,22.00,0.07,-0.20,23.00,-1.93,-0.50,22.00,-0.01,0.06
68111,22.00,-0.12,-0.21,23.00,-1.37,-0.86,22.00,0.01,0.03
68171,22.00,-0.20,-0.21,23.00,-0.75,-0.97,22.00,-0.11,-0.04
68231,22.00,-0.05,-0.15,23.00,-0.24,-0.87,22.00,-0.02,0.00
68291,22.00,0.05,-0.28,23.00,0.23,-0.22,22.00,-0.05,-0.08
68351,22.00,0.02,-0.22,23.00,0.95,-0.47,22.00,-0.02,-0.08
68411,22.00,-0.01,-0.26,23.00,1.47,-0.19,22.00,0.07,0.05
68471,22.00,0.11,-0.24,23.00,2.21,-0.36,22.00,-0.04,-0.07
68531,22.00,-0.05,-0.22,23.00,2.47,0.10,22.00,-0.01,-0.04
68592,22.00,0.12,-0.11,23.00,2.91,-0.41,22.00,-0.07,-0.07
68652,22.00,-0.02,-0.19,23.00,3.11,-0.18,22.00,-0.04,-0.04
68712,22.00,-0.11,-0.37,23.00,3.64,-0.26,22.00,-0.02,-0.07
68772,22.00,-0.20,-0.31,23.00,3.86,-0.33,22.00,0.07,0.02
68832,22.00,-0.01,-0.08,23.00,3.55,0.01,22.00,-0.07,0.01
68892,22.00,-0.02,-0.24,23.00,3.92,-0.38,22.00,-0.02,-0.09
68952,22.00,0.12,-0.21,23.00,3.68,-0.23,22.00,-0.01,-0.05
69013,22.00,0.01,-0.29,23.00,3.73,-0.12,22.00,0.01,-0.09
69073,22.00,-0.04,-0.27,23.00,3.44,0.42,22.00,-0.05,0.05
69133,22.00,-0.07,-0.28,23.00,3.07,0.56,22.00,-0.05,-0.01
69193,22.00,-0.01,-0.20,23.00,2.53,-0.01,22.00,-0.05,-0.03
69253,22.00,-0.02,-0.08,23.00,2.09,0.00,22.00,-0.08,-0.05
69313,22.00,0.18,-0.20,23.00,1.94,0.14,22.00,-0.04,-0.01
69373,22.00,-0.05,-0.28,23.00,1.18,-0.44,22.00,-0.04,0.04
69433,22.00,0.07,-0.26,23.00,0.90,-0.07,22.00,0.04,0.04
69494,22.00,0.02,-0.18,23.00,0.12,0.18,22.00,0.04,-0.08
69554,22.00,0.08,-0.15,23.00,-0.42,-0.28,22.00,-0.02,0.00
69614,22.00,0.14,-0.21,23.00,-1.12,-0.11,22.00,0.02,0.05
69674,22.00,0.01,-0.15,23.00,-1.60,-0.27,22.00,-0.04,0.03
69734,22.00,-0.14,-0.33,23.00,-2.19,-0.29,22.00,0.02,0.06
69794,22.00,-0.04,-0.17,23.00,-2.69,-0.19,22.00,-0.08,-0.02
69854,22.00,0.12,-0.07,23.00,-2.79,-0.61,22.00,0.04,-0.07
69915,22.00,-0.08,-0.22,23.00,-3.57,-0.19,22.00,0.05,-0.03
69975,22.00,-0.12,-0.28,23.00,-3.79,-0.52,22.00,0.04,-0.04
70035,22.00,0.15,-0.01,23.00,-4.15,-0.04,22.00,-0.01,-0.03
70095,22.00,0.07,-0.28,23.00,-3.89,-0.29,22.00,0.04,-0.04
70155,22.00,-0.01,-0.05,23.00,-3.92,-0.30,22.00,-0.01,-0.01
70215,22.00,-0.01,-0.15,23.00,-3.70,-0.51,22.00,0.01,-0.04
70275,22.00,-0.04,-0.13,23.00,-3.66,-0.28,22.00,-0.02,-0.02
70335,22.00,0.08,-0.15,23.00,-3.39,-0.07,22.00,0.01,-0.03
70396,22.00,0.07,-0.11,23.00,-3.04,-0.37,22.00,-0.02,0.00
70456,22.00,-0.08,-0.26,23.00,-2.92,-0.56,22.00,-0.01,-0.06
70516,22.00,-0.15,-0.24,23.00,-2.23,-0.44,22.00,0.04,-0.03
70576,22.00,0.01,-0.20,23.00,-1.82,-0.58,22.00,-0.04,-0.00
70636,22.00,-0.14,-0.14,23.00,-1.15,-0.25,22.00,0.01,-0.05
70696,22.00,0.04,-0.18,23.00,-0.70,-0.36,22.00,0.02,-0.03
70756,22.00,0.11,-0.29,23.00,-0.11,-0.62,22.00,-0.02,-0.06
70817,22.00,-0.08,-0.20,23.00,0.62,-0.00,22.00,0.02,-0.02
70877,22.00,0.05,-0.22,23.00,0.83,-0.02,22.00,0.02,-0.00
70937,22.00,-0.04,-0.24,23.00,1.53,0.01,22.00,0.04,-0.03
70997,22.00,0.05,-0.18,23.00,2.22,-0.15,22.00,-0.05,-0.06
71057,22.00,-0.02,-0.21,23.00,2.45,-0.08,22.00,0.02,-0.04
71117,22.00,0.07,-0.13,23.00,3.04,-0.30,22.00,-0.01,-0.13
71177,22.00,-0.05,-0.28,23.00,3.41,-0.49,22.00,-0.01,0.05
71238,22.00,0.04,-0.24,23.00,3.54,-0.07,22.00,-0.05,-0.01
71298,22.00,0.11,-0.16,23.00,3.63,0.19,22.00,0.01,-0.04
71358,22.00,0.14,-0.10,23.00,3.71,0.02,22.00,0.05,0.02
71418,22.00,-0.08,-0.30,23.00,3.68,-0.09,22.00,-0.04,-0.04
71478,22.00,0.14,-0.15,23.00,3.89,-0.42,22.00,-0.02,-0.11
71538,22.00,-0.08,-0.17,23.00,3.67,-0.07,22.00,0.02,-0.05
71598,22.00,-0.14,-0.23,23.00,3.47,-0.09,22.00,0.04,-0.01
71658,22.00,-0.07,-0.24,23.00,2.95,0.12,22.00,-0.01,-0.05
71719,22.00,-0.05,-0.18,23.00,2.63,-0.07,22.00,0.01,-0.02
71779,22.00,-0.05,-0.15,23.00,2.01,0.00,22.00,-0.02,-0.00
71839,22.00,0.07,-0.25,23.00,1.74,-0.15,22.00,0.01,0.00
71899,22.00,0.02,-0.09,23.00,1.09,0.21,22.00,0.01,-0.07
71959,22.00,0.15,-0.29,23.00,0.39,-0.05,22.00,-0.02,0.04
72019,22.00,-0.17,-0.25,23.00,0.05,-0.36,22.00,-0.02,-0.01
72079,22.00,-0.11,-0.15,23.00,-0.77,-0.58,22.00,-0.04,-0.01
72140,22.00,0.18,-0.07,23.00,-1.27,-0.22,22.00,-0.04,-0.06
72200,22.00,-0.01,-0.07,23.00,-2.10,-0.10,22.00,-0.05,-0.07
72260,22.00,0.04,-0.18,23.00,-2.16,-0.36,22.00,-0.01,-0.12
72320,22.00,-0.11,-0.22,23.00,-2.75,0.01,22.00,-0.07,-0.00
72380,22.00,0.02,-0.23,23.00,-3.04,-0.15,22.00,0.05,-0.03
72440,22.00,0.04,-0.06,23.00,-3.41,-0.12,22.00,0.02,0.00
72500,22.00,-0.01,-0.17,23.00,-3.64,-0.39,22.00,-0.02,-0.04
72560,22.00,-0.08,-0.15,23.00,-3.80,0.06,22.00,-0.04,0.04
72621,22.00,0.07,-0.25,23.00,-4.02,-0.53,22.00,0.04,-0.02
72681,22.00,-0.07,-0.05,23.00,-3.79,-0.33,22.00,-0.04,-0.09
72741,22.00,0.10,-0.04,23.00,-3.52,-0.16,22.00,-0.10,-0.10
72801,22.00,-0.01,-0.23,23.00,-3.88,-0.68,22.00,0.01,-0.08
72861,22.00,0.10,-0.25,23.00,-3.14,-0.52,22.00,-0.02,-0.07
72921,22.00,0.05,-0.17,23.00,-2.91,-0.31,22.00,-0.02,-0.04
72981,22.00,0.27,-0.23,23.00,-2.45,-0.43,22.00,-0.01,-0.06
73042,22.00,-0.11,-0.29,23.00,-1.88,-0.12,22.00,0.02,-0.05
73102,22.00,-0.07,-0.27,23.00,-1.65,-0.27,22.00,0.02,-0.07
73162,22.00,0.08,-0.22,23.00,-0.97,-0.52,22.00,0.01,-0.01
73222,22.00,-0.14,-0.15,23.00,-0.49,-0.58,22.00,-0.04,-0.02
73282,22.00,0.02,-0.15,23.00,0.02,0.02,22.00,0.01,-0.06
73342,22.00,-0.01,-0.23,23.00,0.75,-0.38,22.00,-0.01,-0.08
73402,22.00,-0.05,-0.12,23.00,1.33,-0.13,22.00,-0.05,-0.04
73462,22.00,-0.07,-0.18,23.00,1.82,0.02,22.00,-0.07,0.00
73523,22.00,-0.04,-0.28,23.00,2.40,-0.13,22.00,-0.07,-0.08
73583,22.00,0.02,-0.33,23.00,2.91,0.10,22.00,-0.01,-0.05
73643,22.00,0.05,-0.13,23.00,3.19,0.09,22.00,-0.10,-0.15
73703,22.00,-0.05,-0.29,23.00,3.32,0.23,22.00,-0.04,-0.05
73763,22.00,-0.12,-0.15,23.00,3.85,-0.00,22.00,0.04,-0.00
73823,22.00,-0.07,-0.21,23.00,3.63,0.10,22.00,-0.02,-0.08
73883,22.00,0.10,-0.18,23.00,3.63,-0.15,22.00,0.02,-0.01
73944,22.00,0.02,-0.14,23.00,3.57,0.01,22.00,0.04,-0.02
74004,22.00,-0.02,-0.19,23.00,3.54,0.17,22.00,-0.04,-0.02
74064,22.00,-0.14,-0.42,23.00,3.22,0.25,22.00,0.01,-0.00
74124,22.00,0.07,-0.22,23.00,3.27,-0.11,22.00,0.05,-0.04
74184,22.00,0.01,-0.24,23.00,2.91,-0.20,22.00,0.01,-0.07
74244,22.00,0.20,-0.12,23.00,2.48,0.11,22.00,-0.01,-0.03
74304,22.00,-0.14,-0.31,23.00,1.90,-0.15,22.00,-0.02,-0.00
74364,22.00,0.07,-0.30,23.00,1.59,-0.21,22.00,0.02,-0.06
74425,22.00,-0.10,-0.32,23.00,0.87,0.26,22.00,-0.01,-0.07
74485,22.00,0.10,-0.14,23.00,0.21,-0.08,22.00,0.01,0.00
74545,22.00,-0.05,-0.26,23.00,-0.45,-0.20,22.00,0.04,-0.00
74605,22.00,-0.02,-0.15,23.00,-1.06,0.36,22.00,0.01,-0.04
74665,22.00,-0.05,-0.25,23.00,-1.60,-0.13,22.00,0.02,-0.06
74725,22.00,-0.01,-0.11,23.00,-1.97,-0.27,22.00,0.08,-0.01
74785,22.00,-0.15,-0.24,23.00,-2.50,-0.19,22.00,-0.02,0.03
74846,22.00,0.05,-0.33,23.00,-2.88,0.13,22.00,0.04,-0.06
74906,22.00,-0.01,-0.11,23.00,-3.38,-0.29,22.00,-0.01,0.01
74966,22.00,-0.10,-0.25,23.00,-3.41,0.16,22.00,-0.07,-0.00
75026,22.00,-0.14,-0.17,23.00,-3.68,0.15,22.00,0.05,0.02
75086,22.00,-0.05,-0.18,23.00,-3.85,-0.54,22.00,-0.02,0.01
75146,22.00,-0.01,-0.32,23.00,-3.92,-0.36,22.00,-0.02,-0.11
75206,22.00,-0.14,-0.22,23.00,-3.92,-0.22,22.00,0.01,-0.02
75266,22.00,0.10,-0.12,23.00,-3.61,-0.02,22.00,-0.02,-0.06
75327,22.00,0.05,-0.29,23.00,-3.48,-0.31,22.00,0.05,-0.05
75387,22.00,0.01,-0.35,23.00,-3.36,-0.81,22.00,0.01,-0.10
75447,22.00,0.21,-0.07,23.00,-2.78,-0.61,22.00,0.01,-0.09
75507,22.00,-0.04,-0.25,23.00,-2.34,-0.37,22.00,-0.02,-0.06
75567,22.00,0.04,-0.12,23.00,-1.72,-0.49,22.00,-0.07,-0.02
75627,22.00,0.15,-0.08,23.00,-1.27,-0.71,22.00,0.04,0.02
75687,22.00,0.04,-0.23,23.00,-0.68,-0.39,22.00,0.02,-0.01
75748,22.00,-0.07,-0.25,23.00,-0.12,-0.18,22.00,-0.04,-0.08
75808,22.00,0.11,-0.19,23.00,0.58,-0.39,22.00,-0.05,-0.07
75868,22.00,0.05,-0.20,23.00,1.18,0.04,22.00,-0.01,-0.02
75928,22.00,-0.08,-0.07,23.00,1.82,0.21,22.00,-0.04,-0.04
75988,22.00,-0.12,-0.21,23.00,2.06,0.03,22.00,-0.04,-0.05
76048,22.00,-0.05,-0.27,23.00,2.45,0.02,22.00,-0.01,0.01
76108,22.00,-0.04,-0.17,23.00,3.03,0.07,22.00,0.01,-0.04
76168,22.00,-0.05,-0.17,23.00,3.16,0.43,22.00,0.02,-0.01
76229,22.00,0.20,-0.19,23.00,3.66,-0.44,22.00,0.01,-0.08
76289,22.00,-0.15,-0.08,23.00,3.64,-0.58,22.00,-0.01,-0.00
76349,22.00,-0.10,-0.21,23.00,3.70,-0.43,22.00,0.02,0.00
76409,22.00,-0.05,-0.21,23.00,4.05,-0.16,22.00,-0.02,-0.07
76469,22.00,-0.08,-0.17,23.00,4.04,0.22,22.00,-0.04,0.00
76529,22.00,0.02,-0.25,23.00,3.55,0.27,22.00,0.01,-0.00
76589,22.00,0.02,-0.21,23.00,3.39,0.07,22.00,-0.05,-0.04
76650,22.00,-0.01,-0.09,23.00,2.89,0.54,22.00,0.04,0.03
76710,22.00,-0.11,-0.31,23.00,2.70,-0.14,22.00,-0.01,0.00
76770,22.00,-0.04,-0.32,23.00,2.06,0.24,22.00,-0.07,-0.10
76830,22.00,0.01,-0.21,23.00,1.85,0.08,22.00,-0.02,-0.09
76890,22.00,0.04,-0.19,23.00,1.16,-0.23,22.00,-0.04,-0.01
76950,22.00,0.04,-0.26,23.00,0.61,-0.01,22.00,0.01,-0.03
77010,22.00,-0.21,-0.39,23.00,0.14,-0.14,22.00,-0.05,-0.00
77071,22.00,0.08,-0.21,23.00,-0.55,-0.43,22.00,-0.07,-0.05
77131,22.00,-0.08,-0.14,23.00,-0.95,-0.37,22.00,0.01,-0.04
77191,22.00,0.15,-0.10,23.00,-1.59,-0.07,22.00,-0.01,-0.03
77251,22.00,-0.01,-0.17,23.00,-2.15,-0.29,22.00,-0.08,-0.01
77311,22.00,-0.01,-0.17,23.00,-2.70,-0.63,22.00,-0.01,-0.05
77371,22.00,-0.15,-0.29,23.00,-3.04,-0.58,22.00,-0.05,-0.02
77431,22.00,0.01,-0.21,23.00,-3.58,-0.19,22.00,-0.05,-0.13
77491,22.00,-0.11,-0.34,23.00,-3.41,-0.32,22.00,0.04,-0.04
77552,22.00,0.21,-0.16,23.00,-3.96,-0.40,22.00,-0.05,-0.08
77612,22.00,0.04,-0.20,23.00,-3.89,-0.47,22.00,-0.07,-0.08
77672,22.00,-0.07,-0.19,23.00,-3.93,-0.29,22.00,0.01,-0.08
77732,23.00,-0.02,-0.03,23.00,-3.82,-0.80,22.00,0.04,-0.07
77792,23.00,0.08,-0.26,23.00,-3.55,-0.14,22.00,0.08,-0.04
77852,23.00,-0.10,-0.24,23.00,-3.33,0.39,22.00,-0.02,-0.02
77912,23.00,0.04,-0.29,23.00,-2.79,-0.30,22.00,-0.01,-0.09
77973,23.00,0.18,-0.13,23.00,-2.41,-0.58,22.00,-0.01,0.00
78033,23.00,-0.02,-0.07,23.00,-2.38,-0.52,22.00,-0.10,-0.07
78093,23.00,-0.04,-0.22,23.00,-1.46,-0.59,22.00,0.02,-0.01
78153,23.00,0.11,-0.16,23.00,-1.18,-0.70,22.00,0.02,0.00
78213,23.00,-0.17,-0.07,23.00,-0.48,-0.44,22.00,0.02,0.02
78273,23.00,-0.04,-0.36,23.00,0.32,-0.17,22.00,-0.04,-0.04
78333,23.00,-0.11,-0.22,23.00,0.67,-0.09,22.00,0.05,-0.00
78393,23.00,-0.10,-0.31,23.00,1.00,-0.11,22.00,-0.05,-0.10
78454,23.00,0.07,-0.23,23.00,1.94,-0.14,22.00,0.02,0.06
78514,23.00,0.12,-0.20,23.00,2.63,-0.44,22.00,0.01,-0.01
78574,23.00,0.15,-0.20,23.00,2.48,-0.53,22.00,0.01,-0.10
78634,23.00,0.14,-0.25,23.00,2.97,-0.38,22.00,0.04,-0.04
78694,23.00,-0.10,-0.32,23.00,3.42,-0.34,22.00,-0.01,0.02
78754,23.00,-0.10,-0.22,23.00,3.71,-0.30,22.00,0.02,-0.07
78814,23.00,-0.04,-0.10,23.00,4.04,-1.02,22.00,-0.05,-0.08
78875,23.00,0.01,-0.15,23.00,3.86,-0.22,22.00,-0.08,0.02
78935,23.00,0.02,-0.10,23.00,3.88,-0.28,22.00,-0.04,0.03
78995,23.00,0.08,-0.29,23.00,3.80,-0.31,22.00,-0.05,-0.03
79055,23.00,0.12,-0.18,23.00,3.54,0.22,22.00,-0.04,-0.05
79115,23.00,0.04,-0.11,23.00,3.22,0.24,22.00,-0.02,0.01
79175,23.00,-0.07,-0.33,23.00,2.91,-0.28,22.00,0.04,-0.02
79235,23.00,0.05,-0.29,23.00,2.50,-0.42,22.00,0.01,-0.12
79295,23.00,0.04,-0.09,23.00,2.13,-0.19,22.00,-0.02,0.00
79356,23.00,-0.02,-0.32,23.00,1.55,-0.14,22.00,0.01,0.02
79416,23.00,-0.15,-0.41,23.00,1.00,0.20,22.00,0.01,-0.04
79476,23.00,0.05,-0.20,23.00,0.17,0.06,22.00,-0.02,-0.13
79536,23.00,0.04,-0.09,23.00,-0.26,-0.30,22.00,-0.05,-0.04
79596,23.00,0.18,-0.15,23.00,-1.05,-0.22,22.00,0.01,-0.04
79656,23.00,0.10,-0.22,23.00,-1.47,-0.46,22.00,-0.05,-0.03
79716,23.00,0.02,-0.30,23.00,-1.99,-0.36,22.00,-0.02,-0.04
79777,23.00,-0.07,-0.04,23.00,-2.62,-0.31,22.00,0.01,-0.13
79837,23.00,0.10,-0.07,23.00,-2.79,-0.17,22.00,-0.01,-0.05
79897,23.00,0.01,-0.23,23.00,-2.98,-0.18,22.00,-0.04,-0.04
79957,23.00,-0.07,-0.29,23.00,-3.23,-0.26,22.00,-0.10,-0.06
80017,23.00,-0.11,-0.13,23.00,-3.90,0.12,22.00,0.01,-0.07
80077,23.00,-0.02,-0.12,23.00,-4.05,-0.21,22.00,0.02,-0.10
80137,23.00,-0.05,-0.06,23.00,-3.71,-0.55,22.00,0.01,-0.17
80197,23.00,-0.02,-0.14,23.00,-3.70,-0.47,22.00,-0.02,-0.00
80258,23.00,-0.08,-0.29,23.00,-3.79,-0.55,22.00,0.05,-0.07
80318,23.00,0.02,-0.09,23.00,-3.23,-0.53,22.00,0.01,-0.08
80378,23.00,-0.07,-0.11,23.00,-3.30,-0.22,22.00,0.01,-0.05
80438,23.00,-0.18,-0.25,23.00,-2.94,-0.37,22.00,-0.02,-0.07
80498,23.00,0.02,-0.26,23.00,-2.44,-0.49,22.00,0.05,-0.04
80558,23.00,-0.05,-0.23,23.00,-1.91,-0.44,22.00,0.01,-0.00
80618,23.00,-0.12,-0.29,23.00,-1.34,-0.72,22.00,0.02,-0.00
80679,23.00,0.02,-0.27,23.00,-0.78,-0.87,22.00,-0.01,-0.05
80739,23.00,0.07,-0.10,23.00,-0.05,-0.78,22.00,-0.01,-0.08
80799,23.00,0.04,-0.15,23.00,0.36,-0.06,22.00,-0.02,-0.00
80859,23.00,-0.02,-0.25,23.00,0.58,0.19,22.00,0.01,0.07
80919,23.00,0.08,-0.29,23.00,1.50,-0.13,22.00,-0.01,-0.05
80979,23.00,-0.07,-0.18,23.00,1.97,-0.22,22.00,-0.04,-0.09
81039,23.00,0.20,-0.16,23.00,2.34,-0.30,22.00,0.05,-0.00
81099,23.00,-0.04,-0.13,23.00,2.54,0.08,22.00,-0.02,-0.11
81160,23.00,0.11,-0.07,23.00,3.30,-0.88,22.00,-0.07,0.04
81220,23.00,-0.01,-0.31,23.00,3.73,-0.44,22.00,0.02,-0.03
81280,23.00,0.08,-0.31,23.00,3.39,0.75,22.00,0.04,-0.05
81340,23.00,-0.04,-0.20,23.00,3.74,0.29,22.00,-0.07,-0.00
81400,23.00,-0.11,-0.29,23.00,3.89,-0.27,22.00,0.05,-0.00
81460,23.00,0.04,-0.10,23.00,3.67,-0.44,22.00,-0.02,-0.04
81520,23.00,-0.05,-0.26,23.00,3.39,-0.10,22.00,0.02,0.00
81581,23.00,-0.05,-0.12,23.00,3.49,-0.34,22.00,-0.01,0.05
81641,23.00,-0.07,-0.27,23.00,3.23,-0.36,22.00,0.04,-0.08
81701,23.00,-0.11,-0.24,23.00,2.60,0.08,22.00,0.04,-0.06
81761,23.00,0.02,-0.06,23.00,2.32,0.16,22.00,-0.02,-0.08
81821,23.00,-0.08,-0.16,23.00,1.63,-0.29,22.00,-0.01,-0.10
81881,23.00,0.07,-0.23,23.00,1.33,-0.13,22.00,-0.02,-0.08
81941,23.00,-0.04,-0.29,23.00,0.53,-0.23,22.00,0.02,-0.06
82002,23.00,0.02,-0.17,23.00,-0.07,-0.39,22.00,-0.05,-0.07
82062,23.00,0.02,-0.20,23.00,-0.49,-0.01,22.00,-0.04,-0.04
82122,23.00,-0.10,-0.14,23.00,-1.22,0.00,22.00,0.05,-0.03
82182,23.00,0.05,-0.21,23.00,-1.81,-0.18,22.00,0.05,-0.06
82242,23.00,0.04,-0.15,23.00,-2.16,-0.05,22.00,-0.02,0.01
82302,23.00,0.01,-0.18,23.00,-2.69,-0.23,22.00,-0.04,-0.06
82362,23.00,-0.15,-0.07,23.00,-3.08,-0.16,22.00,-0.02,-0.03
82422,23.00,-0.01,-0.15,23.00,-3.47,-0.29,22.00,-0.08,-0.01
82483,23.00,-0.14,-0.26,23.00,-3.64,-0.38,22.00,0.02,-0.01
82543,23.00,-0.14,-0.26,23.00,-3.93,0.16,22.00,-0.02,-0.03
82603,23.00,-0.14,-0.19,23.00,-3.93,-0.30,22.00,-0.01,-0.01
82663,23.00,-0.11,-0.40,23.00,-4.15,-0.67,22.00,-0.02,-0.08
82723,23.00,0.02,-0.34,23.00,-3.76,0.16,22.00,-0.01,-0.02
82783,23.00,-0.21,-0.27,23.00,-3.82,0.03,22.00,-0.02,-0.05
82843,23.00,-0.05,-0.19,23.00,-3.44,-0.36,23.00,-0.02,-0.05
82904,23.00,-0.15,-0.27,23.00,-3.14,-0.63,23.00,-0.01,-0.05
82964,23.00,0.12,-0.13,23.00,-2.73,-0.19,23.00,0.01,-0.11
83024,23.00,0.10,-0.22,23.00,-1.96,-0.54,23.00,-0.07,-0.05
83084,23.00,0.10,-0.11,23.00,-1.55,-0.47,23.00,-0.02,-0.07
83144,23.00,0.11,-0.07,23.00,-1.24,-0.58,23.00,0.02,-0.01
83204,23.00,-0.05,-0.27,23.00,-0.46,-0.41,23.00,-0.04,-0.04
83264,23.00,0.08,-0.03,23.00,-0.05,-0.15,23.00,-0.02,-0.03
83324,23.00,-0.04,-0.22,23.00,0.40,-0.04,23.00,-0.01,-0.03
83385,23.00,-0.04,-0.14,23.00,1.09,0.13,23.00,-0.05,0.00
83445,23.00,-0.10,-0.29,23.00,1.82,-0.33,23.00,0.01,-0.05
83505,23.00,-0.23,-0.18,23.00,2.12,-0.12,23.00,-0.04,-0.07
83565,23.00,0.01,-0.09,23.00,2.78,-0.19,23.00,-0.01,-0.05
83625,23.00,-0.02,-0.08,23.00,3.17,0.06,23.00,0.04,-0.08
83685,23.00,0.05,-0.23,23.00,3.16,-0.03,23.00,0.04,0.05
83745,23.00,0.02,-0.28,23.00,3.58,0.07,23.00,-0.05,-0.03
83806,23.00,0.08,-0.18,23.00,3.90,-0.04,23.00,-0.01,-0.12
83866,23.00,-0.02,-0.24,23.00,4.08,-0.13,23.00,-0.05,-0.14
83926,23.00,-0.14,-0.28,23.00,3.89,-0.11,23.00,-0.01,-0.06
83986,23.00,-0.07,-0.27,23.00,3.93,-0.17,23.00,0.02,0.03
84046,23.00,-0.01,-0.25,23.00,4.01,0.33,23.00,-0.01,-0.14
84106,23.00,0.08,-0.21,23.00,3.17,0.18,23.00,-0.10,-0.07
84166,23.00,0.07,-0.14,23.00,3.11,-0.48,23.00,-0.01,-0.03
84226,23.00,-0.02,-0.29,23.00,2.51,0.14,23.00,-0.01,-0.06
84287,23.00,0.02,-0.19,23.00,1.96,0.52,23.00,-0.01,0.00
84347,23.00,0.12,-0.18,23.00,1.38,0.06,23.00,0.02,-0.07
84407,23.00,0.01,-0.21,23.00,0.86,1.00,23.00,-0.18,-0.11
84467,23.00,0.08,-0.09,23.00,0.40,0.16,23.00,-0.02,-0.10
84527,23.00,-0.12,-0.22,23.00,-0.20,-0.03,23.00,0.04,-0.00
84587,23.00,-0.10,-0.25,23.00,-0.61,-0.34,23.00,-0.04,-0.10
84647,23.00,0.11,-0.10,23.00,-1.21,0.18,23.00,-0.08,0.04
84708,23.00,-0.04,-0.23,23.00,-1.88,-0.08,23.00,-0.07,-0.01
84768,23.00,-0.04,-0.16,23.00,-2.04,-0.44,23.00,0.02,0.01
84828,23.00,-0.02,-0.18,23.00,-2.73,-0.13,23.00,0.01,0.00
84888,23.00,-0.21,-0.31,23.00,-3.26,-0.03,23.00,-0.02,0.00
84948,23.00,0.02,-0.20,23.00,-3.55,-0.40,23.00,0.05,0.00
85008,23.00,0.07,-0.10,23.00,-3.68,-0.06,23.00,-0.07,-0.10
85068,23.00,-0.20,-0.12,23.00,-3.64,-1.13,23.00,-0.05,-0.07
85128,23.00,-0.02,-0.29,23.00,-3.90,-0.01,23.00,-0.01,-0.06
85189,23.00,0.04,-0.23,23.00,-3.82,-0.40,23.00,-0.04,-0.09
85249,23.00,0.07,-0.22,23.00,-3.86,-0.07,23.00,-0.04,-0.02
85309,23.00,0.08,-0.02,23.00,-3.68,-0.10,23.00,-0.02,-0.10
85369,23.00,0.07,-0.22,23.00,-3.26,-0.92,23.00,-0.02,0.05
85429,23.00,-0.10,-0.14,23.00,-2.62,-0.25,23.00,-0.07,0.00
85489,23.00,0.08,-0.14,23.00,-2.44,-0.28,23.00,-0.02,-0.07
85549,23.00,-0.07,-0.23,23.00,-1.93,-0.68,23.00,0.02,-0.07
85610,23.00,-0.02,-0.15,23.00,-1.55,-0.58,23.00,-0.04,0.04
85670,23.00,-0.07,-0.23,23.00,-0.61,-1.25,23.00,-0.10,-0.08
85730,23.00,0.10,-0.08,23.00,-0.42,-0.59,23.00,-0.02,-0.01
85790,23.00,-0.02,-0.18,23.00,0.37,-0.24,23.00,-0.04,-0.00
85850,23.00,-0.08,-0.26,23.00,0.86,-0.83,23.00,-0.05,-0.01
85910,23.00,-0.01,-0.04,23.00,1.34,-0.46,23.00,-0.05,-0.07
85970,23.00,0.01,-0.38,23.00,2.12,-0.22,23.00,-0.01,-0.01
86030,23.00,-0.04,-0.14,23.00,2.64,0.32,23.00,-0.05,-0.01
86091,23.00,-0.01,-0.20,23.00,2.98,-0.29,23.00,-0.02,-0.07
86151,23.00,0.04,-0.16,23.00,3.26,-0.58,23.00,0.07,-0.02
86211,23.00,-0.01,-0.20,23.00,3.30,0.22,23.00,-0.05,-0.02
86271,23.00,0.01,-0.18,23.00,3.48,-0.46,23.00,0.01,-0.01
86331,23.00,0.14,-0.25,23.00,3.68,-0.41,23.00,-0.01,-0.01
86391,23.00,0.05,-0.09,23.00,3.83,-0.01,23.00,0.04,-0.02
86451,23.00,-0.07,-0.20,23.00,3.79,-0.44,23.00,0.01,-0.01
86512,23.00,0.01,-0.27,23.00,3.80,0.16,23.00,-0.04,-0.05
86572,23.00,0.07,-0.19,23.00,3.47,0.51,23.00,-0.11,-0.07
86632,23.00,-0.01,-0.22,23.00,2.95,0.17,23.00,-0.02,-0.08
86692,23.00,-0.04,-0.09,23.00,2.63,-0.45,23.00,-0.02,-0.01
86752,23.00,-0.01,-0.30,23.00,2.42,0.04,23.00,-0.02,-0.08
86812,23.00,0.02,-0.15,23.00,1.79,0.51,23.00,0.07,-0.06
86872,23.00,-0.04,-0.21,23.00,1.38,0.25,23.00,-0.02,-0.00
86933,23.00,-0.10,-0.35,23.00,0.67,0.11,23.00,0.01,-0.04
86993,23.00,-0.11,-0.10,23.00,0.27,0.40,23.00,0.04,-0.00
87053,23.00,-0.02,-0.22,23.00,-0.48,-0.27,23.00,-0.08,-0.02
87113,23.00,-0.05,-0.22,23.00,-0.97,0.02,23.00,-0.08,-0.04
87173,23.00,-0.12,-0.33,23.00,-1.47,-0.25,23.00,0.02,-0.07
87233,23.00,0.08,-0.09,23.00,-2.26,0.15,23.00,-0.01,-0.03
87293,23.00,-0.02,-0.15,23.00,-2.38,-0.14,23.00,0.01,-0.02
87353,23.00,0.08,0.06,23.00,-2.72,-0.69,23.00,-0.01,-0.06
87414,23.00,-0.01,-0.10,23.00,-3.26,0.07,23.00,-0.04,-0.02
87474,23.00,0.02,-0.17,23.00,-3.61,0.05,23.00,-0.01,-0.01
87534,23.00,-0.02,-0.30,23.00,-3.88,-0.35,23.00,-0.08,0.03
87594,23.00,0.01,-0.06,23.00,-3.77,-0.38,23.00,0.04,-0.00
87654,23.00,-0.12,-0.27,23.00,-3.98,-0.08,23.00,0.01,-0.09
87714,23.00,-0.14,-0.13,23.00,-4.01,-0.42,23.00,0.05,-0.00
87774,23.00,-0.12,-0.23,23.00,-3.58,-0.77,23.00,0.02,0.06
87835,23.00,-0.07,-0.19,23.00,-3.23,-0.33,23.00,0.04,-0.05
87895,23.00,-0.05,-0.15,23.00,-3.20,0.15,23.00,0.07,-0.00
87955,23.00,-0.04,-0.11,23.00,-2.62,-0.62,23.00,-0.10,-0.04
88015,23.00,0.02,-0.29,23.00,-2.06,-0.63,23.00,-0.11,0.02
88075,23.00,0.04,-0.16,23.00,-1.81,-0.82,23.00,-0.05,-0.07
88135,23.00,-0.10,-0.22,23.00,-1.14,-0.55,23.00,-0.02,-0.06
88195,23.00,0.07,-0.13,23.00,-0.52,-0.52,23.00,0.02,-0.04
88255,23.00,0.01,-0.16,23.00,-0.08,-0.51,23.00,-0.07,-0.08
88316,23.00,-0.04,-0.26,23.00,0.59,-0.12,23.00,-0.02,-0.07
88376,23.00,0.05,-0.15,23.00,1.06,-0.25,23.00,-0.05,-0.07
88436,23.00,0.05,-0.18,23.00,1.66,0.07,23.00,0.01,-0.06
88496,23.00,-0.02,-0.35,23.00,2.28,-0.30,23.00,0.08,0.04
88556,23.00,-0.05,-0.32,23.00,2.79,-0.14,23.00,-0.08,-0.07
88616,23.00,-0.10,-0.29,23.00,2.91,-0.54,23.00,0.04,0.00
88676,23.00,-0.17,-0.19,23.00,3.26,-0.19,23.00,-0.04,-0.13
88737,23.00,-0.02,-0.15,23.00,3.38,-0.14,23.00,-0.07,-0.06
88797,23.00,0.04,-0.23,23.00,3.45,0.23,23.00,-0.04,-0.00
88857,23.00,0.08,-0.05,23.00,3.83,-0.34,23.00,-0.02,-0.03
88917,23.00,-0.02,-0.26,23.00,3.83,-0.46,23.00,0.04,-0.06
88977,23.00,0.07,-0.18,23.00,4.14,-0.06,23.00,0.01,-0.02
89037,23.00,-0.05,-0.11,23.00,3.47,-0.24,23.00,-0.02,-0.03
89097,23.00,0.07,-0.22,23.00,3.41,-0.00,23.00,-0.08,0.06
89157,23.00,-0.15,-0.22,23.00,2.98,0.14,23.00,0.01,-0.03
89218,23.00,-0.11,-0.26,23.00,2.45,-0.27,23.00,-0.04,-0.07
89278,23.00,0.01,-0.21,23.00,2.22,-0.01,23.00,-0.02,0.00
89338,23.00,-0.14,-0.15,23.00,1.75,-0.07,23.00,0.04,-0.04
89398,23.00,-0.01,-0.21,23.00,1.16,-0.19,23.00,-0.01,0.02
89458,23.00,-0.08,-0.24,23.00,0.73,0.13,23.00,0.04,-0.01
89518,23.00,0.01,-0.10,23.00,0.02,0.02,23.00,0.02,-0.05
89578,23.00,0.20,-0.07,23.00,-0.67,0.20,23.00,-0.01,-0.08
89639,23.00,-0.04,-0.12,23.00,-1.22,-0.66,23.00,-0.02,-0.03
89699,23.00,-0.11,-0.20,23.00,-1.75,-0.04,23.00,-0.04,-0.07
89759,23.00,-0.05,-0.29,23.00,-2.37,0.51,23.00,-0.02,-0.06
89819,23.00,-0.02,-0.17,23.00,-2.79,0.45,23.00,-0.04,0.00
89879,23.00,-0.05,-0.05,23.00,-3.33,-0.29,23.00,-0.02,-0.00
89939,23.00,0.14,-0.16,23.00,-3.10,-0.29,23.00,-0.02,-0.01
89999,23.00,-0.05,-0.29,23.00,-3.85,-0.03,23.00,0.01,-0.09
90059,23.00,0.05,-0.23,23.00,-3.70,-0.01,23.00,0.01,-0.03
90120,23.00,0.11,-0.34,23.00,-3.63,-0.75,23.00,-0.02,0.00
90180,23.00,-0.10,-0.18,23.00,-3.68,-0.17,23.00,0.01,-0.05
90240,23.00,-0.04,-0.07,23.00,-3.71,-0.31,23.00,-0.02,0.00
90300,23.00,-0.05,-0.29,23.00,-3.49,-0.85,23.00,-0.02,-0.09
90360,23.00,-0.10,-0.22,23.00,-3.11,-0.44,23.00,0.08,-0.04
90420,23.00,0.04,-0.05,23.00,-2.76,-0.35,23.00,-0.02,-0.07
90480,23.00,0.11,-0.22,23.00,-2.54,-0.44,23.00,0.02,-0.09
90541,23.00,-0.05,-0.16,23.00,-2.07,0.02,23.00,0.01,-0.01
90601,23.00,0.07,-0.17,23.00,-1.43,-0.03,23.00,0.04,0.07
90661,23.00,0.18,-0.13,23.00,-0.87,-0.49,23.00,0.07,-0.07
90721,23.00,-0.05,-0.18,23.00,-0.29,-0.69,23.00,0.01,-0.05
90781,23.00,-0.08,-0.25,23.00,0.10,-0.31,23.00,0.05,-0.07
90841,23.00,-0.08,-0.25,23.00,0.77,-0.22,23.00,0.04,0.03
90901,23.00,0.04,-0.23,23.00,1.28,-0.35,23.00,-0.05,-0.01
90961,23.00,-0.12,-0.22,23.00,1.90,0.22,23.00,-0.07,0.03
91022,23.00,0.07,-0.11,23.00,2.07,-0.48,23.00,-0.01,-0.05
91082,23.00,0.08,-0.27,23.00,2.70,-0.07,23.00,-0.01,-0.07
91142,23.00,0.10,-0.28,23.00,3.22,0.06,23.00,0.01,-0.03
91202,23.00,-0.07,-0.19,23.00,3.42,-0.04,23.00,0.04,-0.02
91262,23.00,0.21,-0.16,23.00,3.82,0.11,23.00,-0.05,0.05
91322,23.00,0.07,-0.19,23.00,3.90,0.31,23.00,0.05,-0.05
91382,23.00,-0.01,-0.06,23.00,3.95,-0.15,23.00,-0.02,-0.07
91443,23.00,-0.17,-0.26,23.00,3.74,-0.33,23.00,-0.10,-0.00
91503,23.00,0.04,-0.05,23.00,3.93,0.07,23.00,0.01,0.03
91563,23.00,-0.15,-0.16,23.00,3.36,-0.47,23.00,-0.01,-0.05
91623,23.00,-0.14,-0.48,23.00,3.23,-0.20,23.00,-0.04,-0.05
91683,23.00,-0.20,-0.22,23.00,2.76,-0.37,23.00,-0.05,-0.06
91743,23.00,-0.02,-0.22,23.00,2.13,0.21,23.00,0.01,-0.07
91803,23.00,0.02,-0.24,23.00,1.71,-0.40,23.00,-0.02,-0.13
91863,23.00,-0.04,-0.22,23.00,1.15,-0.18,23.00,0.01,-0.04
91924,23.00,-0.04,-0.32,23.00,0.64,0.30,23.00,0.01,0.02
91984,23.00,-0.14,-0.23,23.00,0.27,0.27,23.00,0.01,-0.05
92044,23.00,-0.02,-0.30,23.00,-0.27,-0.38,23.00,0.04,-0.06
92104,23.00,0.01,-0.10,23.00,-1.28,0.23,23.00,-0.01,-0.08
92164,23.00,-0.14,-0.11,23.00,-1.65,-0.34,23.00,0.04,-0.12
92224,23.00,-0.04,-0.10,23.00,-1.93,-0.42,23.00,-0.05,0.00
92284,23.00,-0.01,-0.19,23.00,-2.72,-0.29,23.00,0.01,0.01
92345,23.00,-0.04,-0.15,23.00,-3.17,0.36,23.00,-0.02,-0.04
92405,23.00,-0.11,-0.13,23.00,-3.22,-0.58,23.00,-0.02,-0.01
92465,23.00,-0.01,-0.24,23.00,-3.77,-0.36,23.00,-0.02,0.01
92525,23.00,-0.04,-0.07,23.00,-3.77,0.15,23.00,-0.07,-0.07
92585,23.00,0.07,-0.32,23.00,-3.70,-0.46,23.00,-0.07,-0.01
92645,23.00,0.11,-0.22,23.00,-3.77,-0.07,23.00,-0.01,0.05
92705,23.00,-0.08,-0.36,23.00,-4.07,-0.01,23.00,0.05,-0.03
92766,23.00,-0.04,-0.26,23.00,-3.80,0.00,23.00,0.02,0.02
92826,23.00,0.14,-0.02,23.00,-3.63,-0.46,23.00,0.05,-0.04
92886,23.00,-0.10,-0.23,23.00,-3.07,-0.12,23.00,0.05,0.03
92946,23.00,-0.04,-0.22,23.00,-2.66,-0.57,23.00,-0.04,-0.09
93006,23.00,-0.01,-0.31,23.00,-2.18,-0.51,23.00,-0.11,-0.07
93066,23.00,-0.05,-0.19,23.00,-1.82,-0.54,23.00,0.02,-0.05
93126,23.00,0.08,-0.28,23.00,-1.49,-0.19,23.00,-0.01,-0.05
93186,23.00,0.10,-0.14,23.00,-0.74,-0.91,23.00,-0.04,0.06
93247,23.00,-0.08,-0.21,23.00,-0.34,-0.51,23.00,0.01,-0.08
93307,23.00,-0.05,-0.23,23.00,0.46,-0.29,23.00,0.01,0.01
93367,23.00,0.05,-0.25,23.00,1.11,0.22,23.00,0.04,-0.05
93427,23.00,0.04,-0.22,23.00,1.71,-0.36,23.00,-0.04,0.01
93487,23.00,0.05,-0.22,23.00,1.68,-0.10,23.00,-0.08,-0.02
93547,23.00,0.02,-0.11,23.00,2.54,-0.25,23.00,-0.04,-0.08
93607,23.00,-0.10,-0.22,23.00,2.91,-0.04,23.00,0.07,-0.09
93668,23.00,0.07,-0.06,23.00,3.32,0.35,23.00,0.02,-0.09
93728,23.00,0.11,-0.31,23.00,3.64,-0.12,23.00,-0.02,-0.04
93788,23.00,0.20,-0.06,23.00,4.01,-0.16,23.00,-0.05,-0.03
93848,23.00,0.23,-0.12,23.00,3.77,-0.22,23.00,-0.05,-0.07
93908,23.00,0.02,-0.20,23.00,3.83,-0.26,23.00,-0.04,-0.05
93968,23.00,0.11,0.02,23.00,3.88,-0.22,23.00,0.04,-0.00
94028,23.00,-0.04,-0.22,23.00,3.66,0.13,23.00,-0.01,-0.01
94088,23.00,0.01,-0.09,23.00,3.33,-0.00,23.00,0.07,-0.13
94149,23.00,-0.08,-0.19,23.00,2.81,0.03,23.00,-0.02,-0.10
94209,23.00,-0.10,-0.08,23.00,2.51,-0.00,23.00,-0.02,-0.02
94269,23.00,-0.05,-0.13,23.00,2.01,-0.22,23.00,0.01,0.00
94329,23.00,0.08,-0.08,23.00,1.56,0.08,23.00,0.01,-0.01
94389,23.00,-0.11,-0.13,23.00,1.05,-0.30,23.00,-0.01,-0.09
94449,23.00,-0.01,-0.13,23.00,0.58,0.60,23.00,0.07,-0.08
94509,23.00,0.01,-0.24,23.00,0.04,-0.03,23.00,-0.01,-0.07
94570,23.00,-0.11,-0.25,23.00,-0.67,-0.29,23.00,-0.05,-0.07
94630,23.00,0.02,-0.07,23.00,-0.93,-0.08,23.00,-0.01,-0.07
94690,23.00,-0.12,-0.33,23.00,-1.60,-0.18,23.00,-0.01,-0.06
94750,23.00,0.04,-0.15,23.00,-2.42,-0.66,23.00,-0.01,0.02
94810,23.00,0.15,-0.16,23.00,-2.51,-0.07,23.00,0.02,0.01
94870,23.00,-0.05,-0.14,23.00,-3.32,-0.28,23.00,0.04,-0.06
94930,23.00,-0.15,-0.17,23.00,-3.29,-0.27,23.00,0.02,-0.09
94990,23.00,-0.02,-0.15,23.00,-3.49,-0.19,23.00,-0.05,0.02
95051,23.00,-0.04,-0.13,23.00,-3.85,-0.65,23.00,0.02,0.04
95111,23.00,0.07,-0.18,23.00,-3.64,-0.47,23.00,0.01,-0.01
95171,23.00,-0.04,-0.08,23.00,-4.07,-0.39,23.00,-0.07,-0.03
95231,23.00,0.05,-0.16,23.00,-3.88,-0.22,23.00,0.05,-0.07
95291,23.00,0.01,-0.21,23.00,-3.66,-0.24,23.00,0.02,-0.05
95351,23.00,0.02,-0.37,23.00,-3.32,-0.17,23.00,-0.02,-0.01
95411,23.00,-0.04,-0.13,23.00,-3.22,-0.22,23.00,0.02,-0.06
95472,23.00,-0.08,-0.28,23.00,-2.47,-0.26,23.00,-0.04,0.05
95532,23.00,-0.11,-0.19,23.00,-2.23,-0.89,23.00,-0.01,0.01
95592,23.00,0.04,-0.34,23.00,-1.36,-0.68,23.00,-0.04,-0.00
95652,23.00,0.01,-0.15,23.00,-1.14,-0.48,23.00,0.01,-0.00
95712,23.00,0.07,-0.22,23.00,-0.29,-0.54,23.00,-0.07,0.00
95772,23.00,-0.04,-0.22,23.00,0.14,-0.44,23.00,-0.01,-0.01
95832,23.00,-0.10,-0.23,23.00,0.84,-0.15,23.00,0.04,-0.04
95892,23.00,0.07,-0.29,23.00,1.28,-0.13,23.00,0.08,0.03
95953,23.00,-0.11,-0.15,23.00,1.77,-0.15,23.00,-0.01,-0.07
96013,23.00,0.04,-0.29,23.00,2.37,0.09,23.00,-0.05,-0.10
96073,23.00,0.07,-0.11,23.00,2.78,-0.12,23.00,0.01,-0.06
96133,23.00,-0.04,-0.35,23.00,3.16,-0.33,23.00,0.04,0.03
96193,23.00,0.05,-0.28,23.00,3.38,0.11,23.00,-0.07,-0.10
96253,23.00,-0.04,-0.25,23.00,3.90,-0.16,23.00,0.01,-0.09
96313,23.00,-0.11,-0.29,23.00,3.71,-0.11,23.00,0.05,-0.07
96374,23.00,-0.04,-0.22,23.00,3.83,0.02,23.00,-0.05,0.07
96434,23.00,-0.14,-0.27,23.00,3.61,-0.29,23.00,-0.01,-0.07
96494,23.00,0.10,-0.09,23.00,3.95,-0.14,23.00,0.04,0.03
96554,23.00,0.14,-0.06,23.00,3.42,-0.23,23.00,-0.02,-0.08
96614,23.00,0.07,-0.34,23.00,3.16,-0.18,23.00,-0.01,-0.01
96674,23.00,-0.07,-0.26,23.00,2.72,0.15,23.00,-0.01,-0.09
96734,23.00,0.10,-0.10,23.00,2.37,-0.13,23.00,-0.02,-0.07
96794,23.00,0.11,-0.22,23.00,1.94,0.15,23.00,-0.01,-0.01
96855,23.00,0.02,-0.17,23.00,1.72,0.34,23.00,0.04,-0.02
96915,23.00,0.07,-0.39,23.00,0.80,0.05,23.00,-0.07,-0.10
96975,23.00,-0.02,-0.15,23.00,0.33,-0.16,23.00,0.01,-0.06
97035,23.00,-0.08,-0.22,23.00,-0.24,-0.15,23.00,0.01,-0.05
97095,23.00,0.04,-0.25,23.00,-0.77,-0.50,23.00,-0.04,-0.02
97155,23.00,-0.12,-0.33,23.00,-1.18,-0.23,23.00,-0.05,-0.07
97215,23.00,-0.05,-0.33,23.00,-1.79,-0.42,23.00,0.02,0.00
97276,23.00,-0.04,-0.29,23.00,-2.54,-0.43,23.00,0.04,-0.05
97336,23.00,0.14,-0.12,23.00,-2.98,-0.37,23.00,-0.02,-0.08
97396,23.00,-0.08,-0.18,23.00,-3.29,-0.07,23.00,0.05,-0.03
97456,23.00,-0.02,-0.18,23.00,-3.36,-0.36,23.00,0.02,-0.05
97516,23.00,0.17,-0.21,23.00,-3.80,-0.82,23.00,0.01,-0.08
97576,23.00,-0.17,-0.36,23.00,-3.79,-0.56,23.00,-0.01,-0.01
97636,23.00,0.02,-0.24,23.00,-4.05,-0.46,23.00,0.04,0.04
97696,23.00,0.10,-0.16,23.00,-3.74,-0.40,23.00,-0.05,-0.09
97757,23.00,0.01,-0.17,23.00,-3.47,-0.02,23.00,-0.01,-0.06
97817,23.00,0.01,-0.17,23.00,-3.25,-0.15,23.00,-0.04,-0.05
97877,23.00,0.14,-0.12,23.00,-3.08,-0.53,23.00,-0.01,-0.04
97937,23.00,0.05,-0.40,23.00,-2.72,-0.60,23.00,-0.01,0.04
97997,23.00,0.12,-0.15,23.00,-2.15,-0.76,23.00,0.01,-0.03
98057,23.00,0.01,-0.29,23.00,-2.01,-0.65,23.00,0.01,0.00
98117,23.00,0.08,-0.19,23.00,-1.40,-0.89,23.00,0.01,-0.03
98178,23.00,0.01,-0.25,23.00,-0.71,-1.05,23.00,0.05,0.04
98238,23.00,0.01,-0.12,23.00,-0.34,-0.86,23.00,0.02,0.00
98298,23.00,-0.05,-0.25,23.00,0.15,-0.20,23.00,0.02,-0.12
98358,23.00,-0.12,-0.13,23.00,0.75,-0.22,23.00,0.01,-0.02
98418,23.00,-0.10,-0.26,23.00,1.33,0.29,23.00,0.05,0.06
98478,23.00,0.07,-0.22,23.00,2.00,-0.58,23.00,0.04,0.03
98538,23.00,-0.02,-0.21,23.00,2.73,-0.35,23.00,-0.02,-0.01
98598,23.00,0.20,-0.14,23.00,3.08,-0.11,23.00,-0.07,-0.06
98659,23.00,0.02,-0.26,23.00,3.25,-0.27,23.00,0.04,-0.05
98719,23.00,-0.02,-0.26,23.00,3.54,-0.14,23.00,0.01,-0.09
98779,23.00,-0.04,-0.29,23.00,3.51,0.71,23.00,0.01,-0.07
98839,23.00,-0.12,-0.26,23.00,3.66,0.15,23.00,0.04,0.03
98899,23.00,-0.01,-0.15,23.00,3.88,-0.32,23.00,0.01,-0.12
98959,23.00,0.04,-0.15,23.00,3.86,-0.15,23.00,-0.04,0.00
99019,23.00,0.01,-0.32,23.00,3.79,-0.22,23.00,0.01,-0.05
99080,23.00,-0.15,-0.20,23.00,3.54,-0.26,23.00,-0.04,0.01
99140,23.00,0.17,-0.18,23.00,3.13,0.19,23.00,0.02,-0.09
99200,23.00,0.02,-0.29,23.00,2.51,0.29,23.00,-0.08,-0.10
99260,23.00,-0.01,-0.29,23.00,2.32,0.15,23.00,-0.02,-0.00
99320,23.00,0.02,-0.05,23.00,1.58,0.13,23.00,-0.07,-0.00
99380,23.00,-0.14,-0.21,23.00,1.08,-0.00,23.00,-0.11,-0.03
99440,23.00,-0.02,-0.15,23.00,0.59,-0.05,23.00,-0.01,-0.04
99501,23.00,-0.11,-0.28,23.00,0.34,-0.07,23.00,0.01,-0.04
99561,23.00,-0.05,-0.07,23.00,-0.37,-0.26,23.00,-0.01,-0.07
99621,23.00,0.12,-0.14,23.00,-1.00,-0.31,23.00,0.01,-0.03
99681,23.00,0.08,-0.12,23.00,-1.66,-0.48,23.00,0.05,-0.06
99741,23.00,0.01,-0.15,23.00,-2.03,0.12,23.00,-0.02,-0.03
99801,23.00,0.08,-0.11,23.00,-2.51,-0.10,23.00,0.02,-0.06
99861,23.00,0.07,-0.13,23.00,-2.97,0.06,23.00,0.02,-0.05
99921,23.00,0.11,-0.24,23.00,-3.38,-0.28,23.00,0.02,-0.03
99982,23.00,0.05,-0.18,23.00,-3.64,-0.34,23.00,-0.04,-0.06
100042,23.00,-0.15,-0.33,23.00,-3.83,-0.12,23.00,0.07,-0.00
100102,23.00,-0.18,-0.23,23.00,-4.07,-0.22,23.00,-0.01,0.00
100162,23.00,0.07,-0.16,23.00,-3.98,-0.38,23.00,0.05,-0.06
100222,23.00,-0.07,-0.22,23.00,-4.05,-0.49,23.00,-0.02,-0.06
100282,23.00,-0.02,-0.28,23.00,-3.52,-0.54,23.00,-0.04,-0.00
100342,23.00,-0.01,-0.12,23.00,-3.30,-0.43,23.00,-0.05,-0.05
100403,23.00,-0.10,-0.24,23.00,-3.23,-0.44,23.00,0.01,-0.06
100463,23.00,0.07,-0.15,23.00,-2.69,-0.14,23.00,-0.04,-0.06
100523,23.00,-0.04,-0.28,23.00,-2.18,0.22,23.00,-0.04,-0.00
100583,23.00,0.01,-0.12,23.00,-1.69,-0.48,23.00,-0.02,-0.02
100643,23.00,0.07,-0.29,23.00,-0.97,-0.69,23.00,-0.01,-0.04
100703,23.00,-0.01,-0.04,23.00,-0.58,-0.58,23.00,0.01,-0.07
100763,23.00,-0.02,-0.31,23.00,-0.21,-0.56,23.00,0.04,0.00
100823,23.00,-0.21,-0.15,23.00,0.49,-0.46,23.00,-0.04,-0.00
100884,23.00,0.05,-0.11,23.00,1.15,-0.09,23.00,0.01,-0.02
100944,23.00,0.02,-0.29,23.00,1.53,-0.11,23.00,-0.01,-0.01
101004,23.00,0.10,-0.22,23.00,2.34,-0.13,23.00,0.01,-0.04
101064,23.00,0.04,-0.19,23.00,2.53,-0.11,23.00,0.01,-0.06
101124,23.00,0.08,-0.17,23.00,2.82,0.29,23.00,0.02,-0.09
101184,23.00,0.04,-0.26,23.00,3.25,0.23,23.00,0.02,-0.06
101244,23.00,-0.11,-0.20,23.00,3.70,0.06,23.00,-0.02,-0.03
101305,23.00,-0.02,-0.07,23.00,3.83,-0.18,23.00,0.01,0.01
101365,23.00,0.04,-0.09,23.00,3.99,-0.05,23.00,0.01,-0.14
101425,23.00,-0.04,-0.23,23.00,3.83,0.08,23.00,-0.04,-0.07
101485,23.00,0.12,-0.15,23.00,3.60,-0.07,23.00,-0.04,0.02
101545,23.00,0.07,-0.15,23.00,3.33,0.22,23.00,-0.04,-0.07
101605,23.00,0.07,-0.05,23.00,3.41,0.13,23.00,-0.04,-0.08
101665,23.00,0.02,-0.15,23.00,2.89,-0.36,23.00,-0.02,-0.08
101725,23.00,0.08,-0.26,23.00,2.70,0.21,23.00,-0.07,-0.03
101786,23.00,-0.02,-0.18,23.00,2.19,-0.01,23.00,0.05,-0.07
101846,23.00,-0.14,-0.10,23.00,1.30,-0.59,23.00,0.04,-0.08
101906,23.00,0.01,-0.22,23.00,0.96,0.59,23.00,-0.04,-0.05
101966,23.00,-0.11,-0.32,23.00,0.32,0.02,23.00,0.01,-0.02
102026,23.00,-0.20,-0.26,23.00,-0.30,-0.04,23.00,-0.01,0.01
102086,23.00,0.11,-0.23,23.00,-0.65,-0.36,23.00,0.04,-0.08
102146,23.00,0.10,-0.26,23.00,-1.46,0.10,23.00,0.04,-0.06
102207,23.00,-0.05,-0.15,23.00,-1.96,0.25,23.00,0.01,-0.03
102267,23.00,-0.04,-0.20,23.00,-2.50,-0.24,23.00,-0.02,-0.04
102327,23.00,-0.05,-0.25,23.00,-2.84,-0.29,23.00,-0.07,-0.09
102387,23.00,-0.01,-0.13,23.00,-3.38,0.00,23.00,-0.01,-0.07
102447,23.00,-0.01,-0.19,23.00,-3.39,-0.41,23.00,0.04,-0.07
102507,23.00,0.12,-0.23,23.00,-3.85,-0.22,23.00,-0.04,-0.03
102567,23.00,-0.01,-0.12,23.00,-3.73,-0.47,23.00,0.01,-0.04
102627,23.00,0.01,-0.33,23.00,-3.80,0.07,23.00,-0.02,-0.00
102688,23.00,0.07,-0.25,23.00,-3.90,-0.45,23.00,0.04,-0.03
102748,23.00,-0.12,-0.22,23.00,-3.89,-0.03,23.00,-0.07,0.01
102808,23.00,-0.04,-0.20,23.00,-3.55,-0.38,23.00,0.02,-0.05
102868,23.00,-0.12,-0.43,23.00,-3.27,-0.55,23.00,-0.05,-0.05
102928,23.00,-0.08,-0.21,23.00,-3.14,-0.20,23.00,-0.01,0.01
102988,23.00,-0.02,-0.20,23.00,-2.56,-0.30,23.00,0.01,-0.06
103048,23.00,0.07,-0.19,23.00,-1.90,-0.62,23.00,-0.01,-0.00
103109,23.00,-0.05,-0.19,23.00,-1.47,-0.42,23.00,-0.05,-0.00
103169,23.00,0.01,-0.29,23.00,-0.87,-1.02,23.00,0.01,-0.10
103229,23.00,-0.18,-0.25,23.00,-0.21,-0.55,23.00,0.05,-0.02
103289,23.00,0.14,-0.24,23.00,0.26,-0.38,23.00,-0.07,-0.01
103349,23.00,0.05,-0.28,23.00,0.87,-0.77,23.00,-0.05,-0.05
103409,23.00,-0.04,-0.31,23.00,1.44,-0.54,23.00,0.05,-0.02
103469,23.00,0.17,-0.23,23.00,1.87,-0.30,23.00,0.02,-0.01
103529,23.00,0.08,-0.04,23.00,2.18,-0.00,23.00,-0.04,-0.05
103590,23.00,-0.05,-0.21,23.00,2.91,0.01,23.00,-0.02,-0.00
103650,23.00,0.04,-0.03,23.00,3.05,-0.19,23.00,0.01,0.00
103710,23.00,0.04,-0.18,23.00,3.67,0.19,23.00,-0.05,-0.07
103770,23.00,-0.17,-0.29,23.00,3.61,-0.09,23.00,0.05,0.04
103830,23.00,-0.04,-0.15,23.00,4.11,-0.02,23.00,-0.08,-0.02
103890,23.00,-0.04,-0.22,23.00,3.71,0.10,23.00,-0.05,-0.08
103950,23.00,-0.04,-0.15,23.00,3.74,-0.62,23.00,-0.01,-0.03
104011,23.00,0.01,-0.19,23.00,3.90,0.28,23.00,-0.01,-0.06
104071,23.00,-0.11,-0.26,23.00,3.42,0.18,23.00,0.05,-0.08
104131,23.00,0.17,-0.17,23.00,3.17,0.38,23.00,0.01,0.01
104191,23.00,-0.08,-0.32,23.00,2.94,-0.04,23.00,0.05,0.04
104251,23.00,-0.04,-0.22,23.00,2.23,0.18,23.00,0.01,-0.07
104311,23.00,0.27,-0.14,23.00,1.66,0.22,23.00,-0.05,0.00
104371,23.00,0.02,-0.13,23.00,1.55,-0.22,23.00,-0.02,-0.08
104432,23.00,-0.05,-0.40,23.00,0.74,0.58,23.00,-0.05,-0.06
104492,23.00,-0.01,-0.14,23.00,0.26,0.23,23.00,0.01,-0.06
104552,23.00,-0.11,-0.15,23.00,-0.39,-0.03,23.00,-0.02,-0.10
104612,23.00,-0.08,-0.24,23.00,-1.11,-0.22,23.00,-0.02,0.01
104672,23.00,-0.15,-0.27,23.00,-1.58,-0.36,23.00,-0.01,-0.07
104732,23.00,-0.12,-0.19,23.00,-2.04,-0.70,23.00,-0.01,-0.07
104792,23.00,-0.01,-0.21,23.00,-2.35,-0.40,23.00,-0.04,-0.01
104852,23.00,-0.04,-0.21,23.00,-2.85,-0.44,23.00,-0.02,-0.11
104913,23.00,-0.04,-0.12,23.00,-3.27,-0.10,23.00,-0.04,-0.12
104973,23.00,-0.12,-0.15,23.00,-3.61,-0.23,23.00,0.05,-0.02
105033,23.00,-0.08,-0.29,23.00,-3.86,-0.83,23.00,-0.02,-0.05
105093,23.00,0.04,-0.20,23.00,-3.55,-0.68,23.00,0.04,-0.06
105153,23.00,-0.02,-0.18,23.00,-4.02,-0.27,23.00,0.02,0.00
105213,23.00,0.05,-0.17,23.00,-3.98,-0.43,23.00,-0.07,-0.04
105273,23.00,-0.05,-0.39,23.00,-3.54,-0.45,23.00,0.07,-0.03
105334,23.00,-0.05,-0.21,23.00,-3.32,-0.09,23.00,0.02,-0.05
105394,23.00,0.05,-0.26,23.00,-3.17,-0.15,23.00,-0.10,0.00
105454,23.00,0.04,-0.09,23.00,-2.51,-0.48,23.00,0.02,-0.06
105514,23.00,-0.05,-0.18,23.00,-2.32,-0.52,23.00,-0.01,0.00
105574,23.00,0.08,-0.24,23.00,-1.74,-0.60,23.00,-0.05,-0.07
105634,23.00,-0.15,-0.21,23.00,-1.22,-0.58,23.00,-0.07,-0.10
105694,23.00,-0.12,-0.29,23.00,-0.62,-0.56,23.00,-0.04,-0.09
105754,23.00,0.01,-0.15,23.00,-0.07,-0.36,23.00,0.04,0.03
105815,23.00,-0.08,-0.13,23.00,0.48,-0.23,23.00,-0.04,-0.11
105875,23.00,-0.02,-0.16,23.00,1.27,-0.34,23.00,0.02,-0.01
105935,23.00,-0.12,-0.26,23.00,1.71,-0.21,23.00,-0.08,-0.02
105995,23.00,-0.10,-0.38,23.00,2.19,-0.23,23.00,0.01,0.05
106055,23.00,-0.10,-0.32,23.00,2.63,0.30,23.00,0.02,0.01
106115,23.00,-0.04,-0.16,23.00,3.29,-0.76,23.00,0.04,-0.10
106175,23.00,-0.08,-0.11,23.00,3.25,-0.34,23.00,0.08,-0.05
106236,23.00,0.12,-0.18,23.00,3.52,-0.29,23.00,-0.01,-0.09
106296,23.00,-0.07,-0.16,23.00,3.63,-0.29,23.00,0.04,0.00
106356,23.00,-0.05,-0.28,23.00,3.57,-0.10,23.00,0.02,-0.05
106416,23.00,-0.02,-0.25,23.00,3.77,-0.10,23.00,-0.05,-0.06
106476,23.00,0.10,-0.21,23.00,3.68,0.01,23.00,-0.08,0.01
106536,23.00,-0.08,-0.18,23.00,3.61,-0.21,23.00,0.01,-0.08
106596,23.00,-0.10,-0.32,23.00,3.55,0.64,23.00,-0.01,-0.06
106656,23.00,0.17,-0.06,23.00,2.85,0.10,23.00,-0.01,0.03
106717,23.00,0.01,-0.22,23.00,2.82,-0.12,23.00,0.02,-0.08
106777,23.00,0.01,-0.18,23.00,2.00,0.62,23.00,-0.01,-0.08
106837,23.00,0.02,-0.17,23.00,1.75,-0.01,23.00,0.07,-0.07
106897,23.00,0.01,-0.07,23.00,1.25,-0.03,23.00,-0.10,-0.01
106957,23.00,0.08,-0.15,23.00,0.36,0.31,23.00,0.04,0.03
107017,23.00,-0.04,-0.22,23.00,-0.08,-0.14,23.00,0.08,-0.06
107077,23.00,-0.02,-0.29,23.00,-0.51,-0.03,23.00,-0.05,-0.10
107138,23.00,-0.02,-0.13,23.00,-1.16,-0.43,23.00,-0.08,-0.00
107198,23.00,0.08,-0.09,23.00,-1.87,0.05,23.00,-0.02,-0.07
107258,23.00,0.15,-0.36,23.00,-2.50,0.04,23.00,-0.01,-0.00
107318,23.00,-0.07,-0.15,23.00,-2.75,-0.22,23.00,0.02,-0.00
107378,23.00,0.07,-0.26,23.00,-3.07,-0.61,23.00,0.02,-0.04
107438,23.00,0.15,-0.15,23.00,-3.23,-0.67,23.00,-0.04,-0.03
107498,23.00,0.05,-0.18,23.00,-3.42,-0.43,23.00,0.01,-0.09
107558,23.00,-0.10,-0.38,23.00,-3.80,-0.55,23.00,-0.02,-0.00
107619,23.00,-0.17,-0.24,23.00,-4.04,-0.26,23.00,-0.01,-0.04
107679,23.00,0.05,-0.18,23.00,-3.49,-0.50,23.00,-0.01,-0.03
107739,23.00,0.12,-0.06,23.00,-3.52,-0.76,23.00,0.01,-0.04
107799,23.00,0.08,-0.24,23.00,-3.42,-0.87,23.00,-0.04,-0.08
107859,23.00,0.18,-0.15,23.00,-3.17,-0.30,23.00,0.02,-0.01
107919,23.00,-0.08,-0.15,23.00,-2.89,-0.22,23.00,-0.07,-0.05
107979,23.00,-0.08,-0.15,23.00,-2.42,-0.64,23.00,-0.02,-0.05
108040,23.00,0.02,-0.36,23.00,-2.18,-0.51,23.00,-0.01,-0.02
108100,23.00,-0.11,-0.23,23.00,-1.56,-0.47,23.00,0.02,-0.05
108160,23.00,0.10,-0.18,23.00,-1.15,-0.17,23.00,-0.08,0.06
108220,23.00,-0.05,-0.05,23.00,-0.32,-0.52,23.00,-0.02,0.04
108280,23.00,0.14,-0.21,23.00,0.29,-0.51,23.00,-0.02,-0.12
108340,23.00,0.07,-0.09,23.00,0.95,-0.24,23.00,-0.02,-0.07
108400,23.00,-0.02,-0.27,23.00,1.16,-0.31,23.00,-0.07,-0.03
108460,23.00,-0.10,-0.19,23.00,1.82,-0.44,23.00,-0.05,0.01
108521,23.00,-0.02,-0.23,23.00,2.54,-0.39,23.00,0.04,0.01
108581,23.00,0.15,-0.14,23.00,2.73,0.20,23.00,0.01,0.00
108641,23.00,0.12,-0.10,23.00,3.08,-0.03,23.00,0.01,0.00
108701,23.00,0.05,-0.15,23.00,3.36,-0.69,23.00,-0.01,-0.05
108761,23.00,-0.05,-0.37,23.00,3.79,0.15,23.00,-0.05,-0.08
108821,23.00,0.10,-0.13,23.00,3.74,0.17,23.00,-0.02,-0.01
108881,23.00,0.01,-0.33,23.00,3.79,-0.11,23.00,0.02,-0.08
108942,23.00,-0.04,-0.22,23.00,3.85,0.15,23.00,-0.08,0.00
109002,23.00,-0.02,-0.11,23.00,3.68,-0.41,23.00,-0.01,0.05
109062,23.00,-0.10,-0.13,23.00,3.52,-0.09,23.00,-0.01,-0.00
109122,23.00,0.07,-0.22,23.00,3.14,0.03,23.00,0.01,-0.10
109182,23.00,0.01,-0.23,23.00,2.63,0.07,23.00,-0.02,-0.08
109242,23.00,-0.07,-0.10,23.00,2.34,-0.30,23.00,-0.02,-0.06
109302,23.00,0.05,-0.06,23.00,2.04,-0.58,23.00,0.01,0.07
109362,23.00,-0.05,-0.23,23.00,1.34,-0.12,23.00,-0.01,0.00
109423,23.00,-0.10,-0.22,23.00,0.89,0.12,23.00,-0.01,-0.07
109483,23.00,0.02,-0.22,23.00,0.30,-0.24,23.00,-0.01,0.02
109543,23.00,-0.07,-0.29,23.00,-0.24,-0.38,23.00,0.02,-0.07
109603,23.00,0.15,-0.27,23.00,-1.06,-0.02,23.00,-0.01,-0.12
109663,23.00,0.04,-0.18,23.00,-1.62,0.09,23.00,0.01,-0.04
109723,23.00,-0.05,-0.29,23.00,-2.07,0.07,23.00,0.02,-0.01
109783,23.00,-0.07,-0.22,23.00,-2.31,-0.44,23.00,-0.05,-0.02
109844,23.00,0.04,-0.15,23.00,-3.17,0.22,23.00,-0.04,-0.05
109904,23.00,0.01,-0.17,23.00,-3.07,-0.15,23.00,-0.04,-0.07
109964,23.00,0.01,-0.15,23.00,-3.47,-0.37,23.00,-0.02,-0.03
110024,23.00,-0.07,-0.22,23.00,-3.95,0.03,23.00,-0.08,-0.07
110084,23.00,0.05,-0.22,23.00,-3.82,-0.23,23.00,0.01,0.08
110144,23.00,0.07,-0.07,23.00,-4.05,-0.26,23.00,0.01,0.04
110204,23.00,0.02,-0.13,23.00,-4.02,-0.66,23.00,-0.01,0.00
110264,23.00,-0.12,-0.37,23.00,-3.73,-0.91,23.00,0.01,-0.07
110325,23.00,0.01,-0.13,23.00,-3.48,-0.22,23.00,-0.02,-0.01
110385,23.00,-0.12,-0.29,23.00,-3.00,0.09,23.00,0.04,-0.13
110445,23.00,-0.07,-0.29,23.00,-2.89,-0.27,23.00,-0.12,-0.09
110505,23.00,-0.04,-0.40,23.00,-2.45,-0.64,23.00,0.01,0.01
110565,23.00,0.05,-0.26,23.00,-1.85,-0.20,23.00,-0.02,-0.07
110625,23.00,-0.02,-0.13,23.00,-1.49,-0.59,23.00,-0.05,-0.05
110685,23.00,-0.04,-0.28,23.00,-0.70,-0.56,23.00,-0.02,-0.03
110746,23.00,-0.02,-0.33,23.00,-0.05,-0.72,23.00,0.04,-0.07
110806,23.00,0.14,-0.10,23.00,0.29,-0.45,23.00,0.01,0.00
110866,23.00,0.11,-0.13,23.00,1.02,-0.15,23.00,-0.08,-0.06
110926,23.00,-0.12,-0.24,23.00,1.55,-0.15,23.00,0.02,-0.07
110986,23.00,0.10,-0.22,23.00,1.87,-0.44,23.00,-0.07,-0.07
111046,23.00,0.02,-0.10,23.00,2.53,-0.04,23.00,-0.02,-0.04
111106,23.00,-0.10,-0.15,23.00,3.00,0.27,23.00,0.02,0.01
111166,23.00,0.12,-0.15,23.00,2.95,0.21,23.00,0.01,-0.03
111227,23.00,-0.01,-0.22,23.00,3.85,-0.08,23.00,-0.04,-0.07
111287,23.00,0.05,-0.15,23.00,3.92,0.19,23.00,-0.04,0.02
111347,23.00,0.15,-0.24,23.00,3.82,-0.22,23.00,-0.05,-0.11
111407,23.00,-0.11,-0.19,23.00,3.92,0.15,23.00,-0.05,-0.07
111467,23.00,-0.07,-0.15,23.00,3.68,-0.22,23.00,-0.02,-0.01
111527,23.00,-0.11,-0.34,23.00,3.49,0.32,23.00,0.07,-0.07
111587,23.00,0.04,-0.28,23.00,3.19,0.07,23.00,0.01,0.01
111648,23.00,-0.05,-0.22,23.00,3.17,0.08,23.00,-0.02,-0.01
111708,23.00,0.01,-0.23,23.00,2.64,0.11,23.00,0.04,-0.05
111768,23.00,-0.01,-0.22,23.00,2.16,-0.15,23.00,0.02,-0.01
111828,23.00,-0.10,-0.25,23.00,1.53,0.08,23.00,-0.01,0.00
111888,23.00,-0.12,-0.18,23.00,1.05,-0.28,23.00,-0.07,-0.04
111948,23.00,-0.05,-0.22,23.00,0.56,0.28,23.00,-0.07,-0.09
112008,23.00,-0.08,-0.15,23.00,0.08,-0.02,23.00,-0.04,-0.07
112069,23.00,-0.10,-0.25,23.00,-0.46,-0.68,23.00,0.02,-0.03
112129,23.00,0.18,-0.07,23.00,-1.12,0.31,23.00,-0.04,-0.03
112189,23.00,0.20,-0.11,23.00,-1.66,-0.08,23.00,-0.02,-0.02
112249,23.00,0.18,-0.28,23.00,-1.93,-0.55,23.00,0.01,-0.02
112309,23.00,0.17,-0.29,23.00,-2.64,0.15,23.00,-0.01,-0.00
112369,23.00,0.02,-0.22,23.00,-3.13,0.09,23.00,0.07,-0.07
112429,23.00,0.05,-0.09,23.00,-3.33,-0.14,23.00,-0.01,-0.02
112489,23.00,0.08,-0.17,23.00,-3.86,0.08,23.00,-0.02,-0.01
112550,23.00,-0.05,-0.37,23.00,-3.68,-0.29,23.00,0.01,-0.00
112610,23.00,0.08,-0.36,23.00,-3.70,-0.52,23.00,-0.04,-0.00
112670,23.00,0.01,-0.09,23.00,-3.61,-0.01,23.00,-0.08,-0.15
112730,23.00,0.01,-0.22,23.00,-3.70,-0.00,23.00,0.07,0.01
112790,23.00,0.11,-0.00,23.00,-3.64,-0.18,23.00,-0.01,-0.00
112850,23.00,-0.02,-0.23,23.00,-3.35,-0.29,23.00,0.04,-0.05
112910,23.00,-0.01,-0.20,23.00,-2.91,-0.23,23.00,-0.01,-0.02
112971,23.00,0.04,-0.15,23.00,-2.42,0.35,23.00,-0.05,-0.07
113031,23.00,0.14,-0.20,23.00,-2.04,-0.37,23.00,-0.05,-0.11
113091,23.00,0.02,-0.24,23.00,-1.81,-0.36,23.00,-0.02,-0.00
113151,23.00,0.04,-0.39,23.00,-1.00,-0.48,23.00,0.01,0.03
113211,23.00,-0.18,-0.25,23.00,-0.49,-0.57,23.00,0.01,0.01
113271,23.00,0.02,-0.26,23.00,0.21,-0.05,23.00,0.07,-0.05
113331,23.00,0.12,-0.15,23.00,0.65,-0.12,23.00,-0.02,0.01
113391,23.00,-0.08,-0.06,23.00,1.19,-0.19,23.00,-0.07,0.00
113452,23.00,-0.10,-0.36,23.00,1.75,-0.30,23.00,-0.01,-0.00
113512,23.00,0.05,-0.26,23.00,2.04,0.24,23.00,0.02,-0.15
113572,23.00,-0.12,-0.07,23.00,3.01,-0.31,23.00,-0.01,-0.05
113632,23.00,0.15,-0.21,23.00,3.01,-0.04,23.00,-0.08,-0.04
113692,23.00,-0.04,-0.10,23.00,3.20,-0.03,23.00,0.01,-0.10
113752,23.00,-0.02,-0.12,23.00,3.76,0.03,23.00,0.05,-0.07
113812,23.00,-0.07,-0.25,23.00,3.90,-0.22,23.00,0.07,-0.00
113873,23.00,-0.10,-0.01,23.00,4.12,0.13,23.00,-0.01,-0.09
113933,23.00,-0.05,-0.25,23.00,3.79,-0.36,23.00,-0.04,-0.09
113993,23.00,-0.07,-0.24,23.00,3.95,0.16,23.00,0.02,-0.00
114053,23.00,-0.08,-0.25,23.00,3.44,0.14,23.00,-0.04,-0.05
114113,23.00,0.02,-0.25,23.00,3.05,-0.07,23.00,-0.07,-0.04
114173,23.00,0.02,-0.10,23.00,2.98,0.57,23.00,-0.04,-0.07
114233,23.00,0.02,-0.26,23.00,2.56,0.22,23.00,-0.05,0.00
114293,23.00,0.05,-0.19,23.00,1.87,0.44,23.00,-0.01,0.01
114354,23.00,-0.10,-0.27,23.00,1.25,0.67,23.00,-0.02,-0.07
114414,23.00,0.02,-0.21,23.00,1.11,0.44,23.00,0.01,0.01
114474,23.00,0.04,-0.15,23.00,0.32,0.29,23.00,0.01,-0.07
114534,23.00,0.12,-0.29,23.00,-0.20,-0.28,23.00,0.01,-0.04
114594,23.00,0.04,-0.15,23.00,-0.52,-0.54,23.00,0.02,-0.06
114654,23.00,0.08,-0.17,23.00,-1.24,0.09,23.00,-0.01,-0.07
114714,23.00,0.04,-0.17,23.00,-1.93,-0.46,23.00,-0.02,-0.10
114775,23.00,0.05,-0.18,23.00,-2.47,0.13,23.00,0.01,-0.09
114835,23.00,0.10,-0.21,23.00,-2.95,-0.63,23.00,0.02,-0.05
114895,23.00,0.05,-0.38,23.00,-3.23,-0.08,23.00,-0.07,-0.11
114955,23.00,0.04,-0.07,23.00,-3.48,-0.33,23.00,-0.10,-0.00
115015,23.00,0.08,-0.17,23.00,-3.35,-0.88,23.00,-0.04,0.03
115075,23.00,-0.11,-0.21,23.00,-3.85,-0.58,23.00,-0.07,-0.08
115135,23.00,-0.11,-0.27,23.00,-4.10,-0.73,23.00,-0.04,-0.05
115195,23.00,-0.11,-0.23,23.00,-3.60,-0.20,23.00,-0.05,-0.02
115256,23.00,0.08,-0.12,23.00,-3.74,-0.45,23.00,-0.02,-0.03
115316,23.00,0.10,-0.29,23.00,-3.76,0.04,23.00,-0.02,-0.05
115376,23.00,-0.04,-0.16,23.00,-3.14,-0.48,23.00,-0.01,-0.06
115436,23.00,0.05,-0.17,23.00,-2.50,-0.66,23.00,0.05,-0.06
115496,23.00,-0.07,-0.17,23.00,-2.16,-0.12,23.00,0.04,-0.07
115556,23.00,-0.07,-0.23,23.00,-1.97,-0.37,23.00,-0.01,-0.14
115616,23.00,0.18,-0.08,23.00,-1.44,-0.40,23.00,0.01,0.07
115677,23.00,0.01,-0.23,23.00,-0.80,-0.98,23.00,0.01,-0.07
115737,23.00,0.15,-0.35,23.00,-0.27,-0.76,23.00,0.01,0.03
115797,23.00,-0.05,-0.24,23.00,0.27,-0.16,23.00,-0.02,-0.07
115857,23.00,0.04,-0.20,23.00,0.83,-0.30,23.00,-0.01,-0.01
115917,23.00,-0.05,-0.24,23.00,1.44,-0.07,23.00,-0.01,-0.07
115977,23.00,0.15,-0.06,23.00,2.21,-0.48,23.00,-0.02,-0.13
116037,23.00,-0.05,-0.18,23.00,2.44,0.29,23.00,0.04,-0.05
116097,23.00,0.01,-0.22,23.00,2.95,-0.25,23.00,-0.02,-0.04
116158,23.00,-0.04,-0.30,23.00,3.19,-0.20,23.00,0.04,0.06
116218,23.00,0.10,-0.15,23.00,3.82,-0.45,23.00,0.08,0.04
116278,23.00,-0.12,-0.18,23.00,3.76,-0.37,23.00,-0.01,-0.01
116338,23.00,-0.02,-0.19,23.00,3.98,-0.02,23.00,-0.01,0.03
116398,23.00,-0.12,-0.23,23.00,3.93,-0.59,23.00,-0.02,-0.01
116458,23.00,-0.04,-0.28,23.00,3.90,-0.21,23.00,-0.01,-0.03
116518,23.00,0.17,-0.16,23.00,3.47,-0.28,23.00,0.01,-0.01
116579,23.00,-0.02,-0.35,23.00,3.73,-0.06,23.00,0.04,-0.05
116639,23.00,-0.07,-0.31,23.00,3.07,-0.07,23.00,-0.02,0.02
116699,23.00,-0.01,-0.06,23.00,2.84,-0.30,23.00,-0.05,-0.01
116759,23.00,-0.01,-0.05,23.00,2.16,-0.10,23.00,0.04,0.01
116819,23.00,-0.04,-0.15,23.00,1.74,0.08,23.00,-0.05,-0.09
116879,23.00,0.04,-0.19,23.00,1.31,0.00,23.00,-0.01,-0.01
116939,23.00,-0.04,-0.22,23.00,0.49,0.11,23.00,-0.04,0.04
117000,23.00,-0.01,-0.28,23.00,-0.01,-0.04,23.00,0.01,-0.03
117060,23.00,-0.20,-0.22,23.00,-0.64,-0.13,23.00,-0.01,-0.02
117120,23.00,0.04,-0.08,23.00,-1.00,-0.55,23.00,0.02,-0.07
117180,23.00,0.10,-0.18,23.00,-1.46,-0.43,23.00,0.02,-0.08
117240,23.00,-0.01,-0.22,23.00,-2.29,0.17,23.00,-0.02,-0.03
117300,23.00,0.11,-0.21,23.00,-2.62,0.14,23.00,-0.04,-0.05
117360,23.00,-0.15,-0.22,23.00,-2.86,-0.59,23.00,-0.02,-0.08
117420,23.00,-0.10,-0.11,23.00,-3.22,0.08,23.00,0.01,0.01
117481,23.00,-0.08,-0.18,23.00,-3.57,-0.43,23.00,-0.04,0.01
117541,23.00,0.08,-0.28,23.00,-3.74,-0.52,23.00,0.05,-0.03
117601,23.00,0.14,-0.16,23.00,-3.93,-0.57,23.00,0.11,0.01
117661,23.00,-0.05,-0.25,23.00,-3.74,-0.23,23.00,0.05,-0.00
117721,23.00,-0.23,-0.22,23.00,-3.89,-0.46,23.00,-0.04,0.02
117781,23.00,-0.01,-0.07,23.00,-3.63,-0.28,23.00,0.05,-0.05
117841,23.00,-0.11,-0.29,23.00,-3.41,-0.70,23.00,-0.04,-0.07
117902,23.00,0.07,-0.07,23.00,-3.10,-0.69,23.00,-0.07,-0.01
117962,23.00,-0.02,-0.18,23.00,-2.64,-0.65,23.00,0.01,0.02
118022,23.00,0.04,-0.33,23.00,-2.26,-0.07,23.00,0.07,-0.09
118082,23.00,0.11,-0.17,23.00,-1.66,-0.40,23.00,-0.08,-0.02
118142,23.00,-0.01,-0.26,23.00,-1.14,-0.50,23.00,-0.05,-0.06
118202,23.00,0.04,-0.10,23.00,-0.71,-0.46,23.00,0.07,-0.07
118262,23.00,0.07,-0.22,23.00,-0.21,-0.41,23.00,0.07,-0.11
118322,23.00,0.04,-0.27,23.00,0.53,0.04,23.00,-0.04,-0.09
118383,23.00,-0.11,-0.19,23.00,1.08,0.28,23.00,-0.04,-0.02
118443,23.00,-0.14,-0.34,23.00,1.63,0.07,23.00,-0.05,0.02
118503,23.00,0.02,-0.13,23.00,2.13,-0.26,23.00,0.01,0.04
118563,23.00,0.10,-0.22,23.00,2.76,-0.01,23.00,0.02,-0.06
118623,23.00,-0.23,-0.24,23.00,2.76,0.09,23.00,-0.07,0.01
118683,23.00,0.11,-0.25,23.00,3.49,-0.27,23.00,-0.01,0.02
118743,23.00,0.10,-0.21,23.00,3.51,0.16,23.00,-0.01,-0.04
118804,23.00,0.11,-0.38,23.00,3.58,0.22,23.00,-0.02,-0.03
118864,23.00,0.08,-0.20,23.00,4.05,0.09,23.00,0.01,-0.00
118924,23.00,0.15,-0.15,23.00,3.80,0.13,23.00,0.04,-0.01
118984,23.00,-0.05,-0.14,23.00,3.93,-0.19,23.00,-0.02,-0.08
119044,23.00,-0.14,-0.18,23.00,3.39,-0.14,23.00,0.07,-0.07
119104,23.00,0.01,-0.16,23.00,3.05,0.00,23.00,0.02,-0.08
119164,23.00,-0.11,-0.22,23.00,2.92,-0.01,23.00,-0.04,0.02
119224,23.00,0.01,-0.26,23.00,2.51,-0.38,23.00,-0.04,-0.07
119285,23.00,0.11,-0.31,23.00,2.21,-0.51,23.00,-0.04,0.01
119345,23.00,-0.02,-0.25,23.00,1.59,0.15,23.00,-0.02,-0.07
119405,23.00,0.05,-0.15,23.00,0.81,-0.21,23.00,-0.01,-0.03
119465,23.00,-0.23,-0.22,23.00,0.46,-0.52,23.00,0.01,-0.03
119525,23.00,-0.04,-0.25,23.00,-0.15,-0.15,23.00,-0.01,-0.09
119585,23.00,-0.11,-0.37,23.00,-0.86,-0.22,23.00,-0.01,0.03
119645,23.00,0.05,-0.15,23.00,-1.41,-0.44,23.00,0.02,-0.00
119706,23.00,0.04,-0.29,23.00,-2.00,0.06,23.00,-0.05,-0.03
119766,23.00,0.01,-0.40,23.00,-2.19,-0.05,23.00,-0.04,0.05
119826,23.00,0.05,-0.28,23.00,-2.84,-0.10,23.00,-0.02,-0.04
119886,23.00,0.05,-0.18,23.00,-3.13,-0.03,23.00,-0.05,-0.06
119946,23.00,-0.15,-0.21,23.00,-3.26,-0.42,23.00,-0.07,0.04
120006,23.00,-0.18,-0.36,23.00,-3.63,-0.43,23.00,0.01,-0.06
120066,23.00,0.04,-0.32,23.00,-3.86,0.35,23.00,-0.04,-0.01
120126,23.00,-0.21,-0.37,23.00,-3.93,0.08,23.00,0.08,-0.02
120187,23.00,0.05,-0.17,23.00,-3.96,-0.30,23.00,-0.04,-0.04
120247,23.00,-0.01,-0.23,23.00,-3.57,-0.67,23.00,-0.01,-0.00
120307,23.00,-0.02,-0.23,23.00,-3.42,-0.72,23.00,0.04,0.04
120367,23.00,0.10,-0.08,23.00,-2.95,-0.57,23.00,0.02,-0.01
120427,23.00,-0.02,0.02,23.00,-3.07,-0.24,23.00,-0.07,-0.10
120487,23.00,-0.05,-0.27,23.00,-2.26,-0.37,23.00,0.01,-0.05
120547,23.00,0.11,-0.33,23.00,-1.82,-0.55,23.00,0.02,0.01
120608,23.00,-0.11,-0.19,23.00,-1.30,-0.34,23.00,0.02,0.00
120668,23.00,-0.02,-0.30,23.00,-0.75,-0.21,23.00,0.07,-0.00
120728,23.00,0.07,-0.23,23.00,-0.20,-0.56,23.00,0.07,0.01
120788,23.00,-0.11,-0.18,23.00,0.21,-0.46,23.00,-0.02,-0.08
120848,23.00,0.07,-0.20,23.00,1.03,-0.37,23.00,-0.04,-0.03
120908,23.00,-0.07,-0.12,23.00,1.46,-0.07,23.00,0.04,0.04
120968,23.00,0.10,-0.19,23.00,1.87,0.08,23.00,0.02,-0.06
121028,23.00,-0.08,-0.13,23.00,2.10,-0.04,23.00,-0.01,-0.11
121089,23.00,-0.08,-0.32,23.00,2.86,0.01,23.00,0.07,-0.05
121149,23.00,-0.14,-0.15,23.00,3.23,0.04,23.00,-0.01,-0.08
121209,23.00,0.01,-0.12,23.00,3.33,-0.22,23.00,-0.05,0.03
121269,23.00,0.02,-0.31,23.00,3.92,0.34,23.00,0.01,0.01
121329,23.00,0.20,-0.24,23.00,3.93,-0.17,23.00,-0.01,-0.07
121389,23.00,0.07,-0.15,23.00,3.86,0.18,23.00,-0.04,-0.06
121449,23.00,-0.08,-0.35,23.00,4.30,-0.44,23.00,0.05,-0.02
121510,23.00,0.02,-0.04,23.00,3.55,-0.03,23.00,-0.01,-0.04
121570,23.00,0.07,-0.03,23.00,3.61,-0.59,23.00,0.02,-0.03
121630,23.00,-0.01,0.04,23.00,3.07,-0.12,23.00,0.02,-0.03
121690,23.00,0.01,-0.22,23.00,2.92,0.05,23.00,0.04,0.00
121750,23.00,-0.01,-0.19,23.00,2.19,0.19,23.00,0.01,-0.09
121810,23.00,-0.04,-0.32,23.00,1.91,-0.32,23.00,0.05,0.00
121870,23.00,-0.15,-0.35,23.00,1.36,0.00,23.00,0.02,-0.05
121930,23.00,0.04,-0.09,23.00,0.45,0.47,23.00,0.01,0.00
121991,23.00,0.08,-0.19,23.00,0.10,0.03,23.00,0.05,-0.02
122051,23.00,0.08,-0.19,23.00,-0.49,-0.23,23.00,-0.04,0.01
122111,23.00,0.15,-0.04,23.00,-1.06,0.24,23.00,-0.04,-0.09
122171,23.00,0.05,-0.24,23.00,-1.62,0.07,23.00,-0.01,-0.00
122231,23.00,0.04,-0.25,23.00,-1.88,-0.29,23.00,0.02,-0.07
122291,23.00,0.11,-0.11,23.00,-2.40,-0.20,23.00,0.04,-0.18
122351,23.00,-0.07,-0.10,23.00,-3.07,0.07,23.00,0.02,-0.07
122412,23.00,-0.01,-0.19,23.00,-3.19,0.01,23.00,-0.01,-0.06
122472,23.00,-0.11,-0.22,23.00,-3.77,0.08,23.00,0.02,-0.02
122532,23.00,0.02,-0.17,23.00,-3.66,-0.51,23.00,-0.01,-0.14
122592,23.00,0.12,-0.02,23.00,-3.83,-0.70,23.00,-0.05,-0.03
122652,23.00,-0.08,-0.23,23.00,-3.64,-0.46,23.00,-0.01,-0.02
122712,23.00,0.11,-0.25,23.00,-3.82,-0.15,23.00,-0.02,0.04
122772,23.00,0.02,-0.30,23.00,-3.64,0.19,23.00,-0.05,-0.08
122832,23.00,-0.04,-0.31,23.00,-3.52,-0.11,23.00,0.01,-0.00
122893,23.00,0.11,-0.32,23.00,-3.13,-0.29,23.00,-0.02,-0.05
122953,23.00,-0.10,-0.36,23.00,-2.69,-0.06,23.00,0.01,-0.10
123013,23.00,-0.04,-0.22,23.00,-2.26,-0.30,23.00,0.01,0.02
123073,23.00,-0.02,-0.25,23.00,-1.65,-0.39,23.00,0.07,-0.04
123133,23.00,0.04,-0.17,23.00,-1.00,-0.79,23.00,-0.01,-0.00
123193,23.00,0.11,-0.13,23.00,-0.56,-0.81,23.00,-0.02,-0.01
123253,23.00,0.01,-0.24,23.00,-0.15,-0.29,23.00,-0.04,-0.02
123314,23.00,0.17,-0.24,23.00,0.59,-0.12,23.00,0.08,-0.01
123374,23.00,0.11,-0.15,23.00,1.18,-0.05,23.00,0.07,0.01
123434,23.00,0.14,-0.12,23.00,1.71,-0.24,23.00,-0.04,-0.01
123494,23.00,0.01,-0.13,23.00,2.23,-0.04,23.00,-0.04,-0.04
123554,23.00,-0.02,-0.20,23.00,2.53,-0.04,23.00,-0.04,0.02
123614,23.00,0.17,-0.27,23.00,3.05,-0.07,23.00,0.04,0.03
123674,23.00,-0.07,-0.22,23.00,3.49,-0.15,23.00,0.02,-0.02
123735,23.00,0.10,-0.08,23.00,3.52,-0.00,23.00,-0.01,0.02
123795,23.00,0.08,-0.19,23.00,3.83,-0.15,23.00,-0.01,0.00
123855,23.00,-0.05,-0.29,23.00,3.93,-0.37,23.00,0.07,-0.04
123915,23.00,0.04,-0.14,23.00,3.80,-0.22,23.00,0.07,-0.02
123975,23.00,-0.04,-0.16,23.00,3.70,0.33,23.00,0.04,-0.07
124035,23.00,-0.11,-0.22,23.00,3.82,-0.23,23.00,-0.04,-0.01
124095,23.00,-0.05,-0.11,23.00,3.05,-0.13,23.00,-0.01,-0.08
124155,23.00,0.05,-0.29,23.00,3.03,0.15,23.00,-0.01,-0.09
124216,23.00,-0.07,-0.21,23.00,2.75,0.19,23.00,-0.05,0.01
124276,23.00,0.07,-0.14,23.00,2.03,0.59,23.00,-0.02,0.01
124336,23.00,-0.04,-0.22,23.00,1.65,-0.15,23.00,-0.07,-0.01
124396,23.00,-0.14,-0.23,23.00,1.06,0.21,23.00,0.07,-0.02
124456,23.00,0.08,-0.17,23.00,0.46,0.11,23.00,-0.04,-0.02
124516,23.00,0.04,-0.18,23.00,0.12,-0.18,23.00,0.04,-0.02
124576,23.00,-0.17,-0.14,23.00,-0.67,-0.25,23.00,-0.01,-0.05
124637,23.00,0.08,-0.15,23.00,-1.05,-0.50,23.00,-0.02,-0.02
124697,23.00,0.02,-0.25,23.00,-1.66,-0.08,23.00,0.01,-0.06
124757,23.00,-0.10,-0.32,23.00,-2.25,-0.53,23.00,-0.08,-0.04
124817,23.00,-0.15,-0.26,23.00,-3.04,-0.41,23.00,-0.02,-0.13
124877,23.00,0.11,-0.17,23.00,-3.08,-0.69,23.00,0.02,-0.08
124937,23.00,0.05,-0.21,23.00,-3.47,-0.57,23.00,0.01,-0.05
124997,23.00,0.05,-0.22,23.00,-3.66,-0.50,23.00,-0.01,-0.08
125057,23.00,0.02,-0.05,23.00,-3.86,-0.32,23.00,0.01,0.00
125118,23.00,-0.01,-0.22,23.00,-4.01,-0.14,23.00,0.01,-0.01
125178,23.00,-0.08,-0.11,23.00,-3.71,-0.53,23.00,-0.05,0.00
125238,23.00,-0.01,-0.22,23.00,-3.83,0.36,23.00,0.04,-0.04
125298,23.00,-0.02,-0.27,23.00,-3.36,-0.38,23.00,-0.05,-0.04
125358,23.00,-0.05,-0.28,23.00,-3.23,-0.93,23.00,-0.05,0.10
125418,23.00,-0.02,-0.24,23.00,-2.84,-0.32,23.00,-0.05,0.00
125478,23.00,-0.08,-0.23,23.00,-2.42,-0.58,23.00,-0.04,-0.04
125539,23.00,-0.12,-0.15,23.00,-2.18,-0.62,23.00,-0.01,-0.02
125599,23.00,-0.08,-0.32,23.00,-1.53,-0.32,23.00,-0.10,-0.07
125659,23.00,-0.11,-0.16,23.00,-1.15,-0.87,23.00,0.04,-0.00
125719,23.00,-0.11,-0.30,23.00,-0.24,-0.67,23.00,0.02,0.02
125779,23.00,0.02,-0.24,23.00,0.17,-0.20,23.00,-0.04,-0.13
125839,23.00,0.01,-0.22,23.00,0.64,-0.07,23.00,-0.08,0.02
125899,23.00,0.05,-0.20,23.00,1.56,-0.66,23.00,-0.05,-0.00
125959,23.00,-0.15,-0.15,23.00,1.66,-0.12,23.00,-0.01,-0.02
126020,23.00,-0.14,-0.12,23.00,2.25,-0.09,23.00,0.04,0.02
126080,23.00,0.11,-0.18,23.00,2.59,0.23,23.00,-0.01,-0.07
126140,23.00,0.14,-0.07,23.00,3.30,-0.31,23.00,-0.10,-0.05
126200,23.00,-0.15,-0.22,23.00,3.64,-0.58,23.00,0.02,-0.08
126260,23.00,0.01,-0.23,23.00,3.47,0.15,23.00,0.04,-0.06
126320,23.00,-0.05,-0.02,23.00,3.76,-0.31,23.00,-0.11,-0.11
126380,23.00,-0.12,-0.31,23.00,3.90,-0.29,23.00,-0.11,0.07
126441,23.00,-0.02,-0.28,23.00,3.90,0.18,23.00,-0.05,0.01
126501,23.00,-0.08,-0.20,23.00,3.55,0.10,23.00,-0.01,-0.06
126561,23.00,0.08,-0.27,23.00,3.60,-0.59,23.00,-0.01,-0.00
126621,23.00,-0.02,-0.23,23.00,3.45,-0.34,23.00,0.07,-0.03
126681,23.00,-0.12,-0.17,23.00,2.79,-0.02,23.00,-0.02,-0.03
126741,23.00,-0.21,-0.33,23.00,2.51,-0.13,23.00,0.01,-0.01
126801,23.00,0.05,-0.24,23.00,1.82,-0.06,23.00,-0.05,0.01
126861,23.00,-0.08,-0.28,23.00,1.47,-0.10,23.00,-0.04,-0.07
126922,23.00,0.05,-0.26,23.00,0.93,-0.56,23.00,0.01,-0.05
126982,23.00,-0.04,-0.24,23.00,0.26,-0.53,23.00,0.02,-0.11
127042,23.00,-0.01,-0.12,23.00,-0.15,-0.46,23.00,0.02,-0.05
127102,23.00,-0.11,-0.16,23.00,-0.89,-0.18,23.00,0.02,0.07
127162,23.00,-0.05,-0.29,23.00,-1.62,-0.12,23.00,-0.01,-0.03
127222,23.00,0.27,-0.00,23.00,-2.01,-0.10,23.00,0.04,-0.07
127282,23.00,-0.05,-0.44,23.00,-2.59,-0.13,23.00,-0.01,-0.04
127343,23.00,0.02,-0.15,23.00,-2.88,-0.41,23.00,-0.04,-0.04
127403,23.00,-0.07,-0.16,23.00,-3.29,-0.44,23.00,-0.04,0.00
127463,23.00,0.10,-0.19,23.00,-3.39,-0.24,23.00,0.02,-0.08
127523,23.00,-0.07,-0.21,23.00,-3.55,-0.22,23.00,0.02,0.00
127583,23.00,0.07,-0.11,23.00,-3.82,0.16,23.00,0.02,0.04
127643,23.00,0.10,-0.25,23.00,-3.88,-0.29,23.00,0.01,-0.11
127703,23.00,0.01,-0.13,23.00,-3.90,-0.38,23.00,0.05,-0.06
127763,23.00,0.04,-0.35,23.00,-3.61,-0.81,23.00,-0.02,-0.01
127824,23.00,-0.01,-0.28,23.00,-3.55,-0.44,23.00,0.02,-0.09
127884,23.00,0.04,-0.08,23.00,-3.41,-0.24,23.00,0.04,-0.00
127944,23.00,-0.04,-0.31,23.00,-2.78,-0.66,23.00,-0.02,-0.05
128004,23.00,-0.02,-0.29,23.00,-2.26,-0.67,23.00,0.02,-0.01
128064,23.00,0.08,-0.23,23.00,-1.88,-0.61,23.00,0.04,-0.07
128124,23.00,-0.14,-0.25,23.00,-1.33,-0.65,23.00,-0.07,-0.07
128184,23.00,-0.04,-0.16,23.00,-0.75,-0.77,23.00,0.01,-0.01
128245,23.00,-0.11,-0.28,23.00,-0.30,-0.65,23.00,-0.02,0.00
128305,23.00,-0.01,-0.02,23.00,0.17,-0.23,23.00,-0.04,-0.03
128365,23.00,-0.10,-0.19,23.00,0.73,-0.23,23.00,-0.05,-0.04
128425,23.00,-0.10,-0.32,23.00,1.46,-0.10,23.00,0.05,0.03
128485,23.00,-0.10,-0.21,23.00,2.03,-0.21,23.00,-0.01,-0.04
128545,23.00,0.11,-0.31,23.00,2.41,-0.52,23.00,-0.05,-0.09
128605,23.00,0.10,-0.14,23.00,2.97,-0.18,23.00,-0.02,-0.11
128665,23.00,-0.10,-0.13,23.00,3.14,-0.15,23.00,-0.01,0.03
128726,23.00,0.10,-0.09,23.00,3.23,0.34,23.00,-0.01,0.05
128786,23.00,-0.15,-0.19,23.00,3.96,0.02,23.00,0.04,0.02
128846,23.00,-0.01,-0.09,23.00,3.85,0.08,23.00,0.04,-0.01
128906,23.00,0.11,-0.19,23.00,3.83,-0.07,23.00,-0.01,-0.05
128966,23.00,-0.10,-0.22,23.00,3.82,0.10,23.00,0.07,-0.05
129026,23.00,0.02,-0.24,23.00,3.51,-0.22,23.00,-0.04,-0.07
129086,23.00,-0.01,-0.28,23.00,3.36,0.10,23.00,0.01,-0.12
129147,23.00,-0.02,-0.17,23.00,3.04,0.15,23.00,-0.04,-0.08
129207,23.00,0.01,-0.12,23.00,2.51,0.01,23.00,0.01,-0.05
129267,23.00,-0.02,-0.34,23.00,2.41,0.05,23.00,0.01,-0.04
129327,23.00,-0.04,-0.11,23.00,1.50,0.30,23.00,0.02,-0.00
129387,23.00,-0.05,-0.31,23.00,1.05,-0.02,23.00,-0.01,-0.03
129447,23.00,-0.02,-0.31,23.00,0.58,0.24,23.00,-0.10,-0.04
129507,23.00,-0.02,-0.26,23.00,0.12,-0.21,23.00,0.01,-0.04
129568,23.00,0.07,-0.17,23.00,-0.39,0.08,23.00,-0.10,-0.03
129628,23.00,-0.01,-0.23,23.00,-1.24,-0.01,23.00,0.02,-0.00
129688,23.00,0.04,-0.30,23.00,-1.66,-0.32,23.00,-0.04,-0.01
129748,23.00,0.10,-0.37,23.00,-2.00,-0.21,23.00,0.04,0.02
129808,23.00,-0.10,-0.25,23.00,-2.56,0.31,23.00,-0.01,0.00
129868,23.00,-0.04,-0.10,23.00,-2.79,-0.06,23.00,-0.02,0.03
129928,23.00,-0.07,-0.15,23.00,-3.39,-0.53,23.00,0.02,-0.05
129988,23.00,0.05,-0.18,23.00,-3.79,-0.25,23.00,0.01,-0.07
130049,23.00,0.05,-0.21,23.00,-3.63,-0.21,23.00,-0.07,-0.10
130109,23.00,-0.04,-0.22,23.00,-3.95,-0.32,23.00,0.05,-0.14
130169,23.00,0.05,-0.23,23.00,-4.02,-0.01,23.00,0.02,0.01
130229,23.00,-0.07,-0.26,23.00,-3.93,-0.25,23.00,0.04,-0.06
130289,23.00,0.08,-0.08,23.00,-3.45,-0.76,23.00,0.02,-0.12
130349,23.00,0.18,-0.14,23.00,-3.39,-0.28,23.00,-0.01,-0.13
130409,23.00,0.23,-0.24,23.00,-2.89,-0.41,23.00,0.02,-0.04
130470,23.00,0.05,-0.24,23.00,-2.67,-0.49,23.00,0.02,-0.02
130530,23.00,-0.08,-0.24,23.00,-1.79,-0.67,23.00,0.07,-0.03
130590,23.00,0.04,-0.11,23.00,-1.43,-0.17,23.00,-0.02,-0.07
130650,23.00,-0.04,-0.17,23.00,-1.06,-0.56,23.00,0.02,-0.03
130710,23.00,-0.02,-0.30,23.00,-0.59,-0.51,23.00,-0.02,-0.03
130770,23.00,-0.10,-0.23,23.00,0.02,-0.54,23.00,-0.02,-0.08
130830,23.00,0.01,-0.28,23.00,0.73,-0.62,23.00,-0.04,-0.06
130890,23.00,-0.15,-0.24,23.00,1.53,-0.46,23.00,-0.01,-0.04
130951,23.00,0.05,-0.23,23.00,1.90,-0.39,23.00,-0.05,-0.05
131011,23.00,-0.02,-0.25,23.00,2.10,-0.11,23.00,-0.02,-0.04
131071,23.00,0.11,-0.33,23.00,2.56,-0.12,23.00,-0.04,-0.08
131131,23.00,0.07,-0.15,23.00,3.20,-0.22,23.00,-0.01,-0.08
131191,23.00,0.10,-0.29,23.00,3.41,-0.48,23.00,-0.01,-0.00
131251,23.00,-0.15,-0.14,23.00,3.73,-0.48,23.00,0.04,-0.00
131311,23.00,0.11,-0.16,23.00,3.61,-0.06,23.00,0.02,-0.07
131372,23.00,-0.11,-0.01,23.00,4.27,0.08,23.00,-0.02,-0.03
131432,23.00,0.07,-0.28,23.00,4.20,0.07,23.00,-0.04,-0.08
131492,23.00,-0.08,-0.28,23.00,3.79,0.35,23.00,-0.08,-0.03
131552,23.00,-0.14,-0.28,23.00,3.52,0.03,23.00,0.01,0.01
131612,23.00,0.11,-0.15,23.00,3.19,-0.07,23.00,-0.10,0.02
131672,23.00,0.08,-0.15,23.00,2.85,0.37,23.00,-0.04,-0.00
131732,23.00,0.14,-0.20,23.00,2.47,0.01,23.00,0.02,-0.01
131792,23.00,-0.01,-0.32,23.00,2.03,0.02,23.00,-0.05,-0.09
131853,23.00,0.10,-0.06,23.00,1.27,0.52,23.00,-0.02,-0.00
131913,23.00,0.10,-0.03,23.00,0.71,0.55,23.00,0.01,-0.04
131973,23.00,-0.14,-0.23,23.00,0.18,-0.06,23.00,0.01,0.00
132033,23.00,0.02,-0.23,23.00,-0.05,-0.36,23.00,0.07,-0.00
132093,23.00,-0.18,-0.17,23.00,-0.99,-0.07,23.00,-0.10,-0.07
132153,23.00,-0.01,-0.29,23.00,-1.58,0.15,23.00,0.04,-0.04
132213,23.00,-0.05,-0.13,23.00,-2.07,-0.09,23.00,0.05,-0.09
132274,23.00,-0.01,-0.26,23.00,-2.26,-0.18,23.00,0.05,-0.01
132334,23.00,-0.01,-0.15,23.00,-2.92,-0.33,23.00,0.04,0.01
132394,23.00,0.05,-0.15,23.00,-3.38,-0.22,23.00,0.08,-0.01
132454,23.00,0.04,-0.21,23.00,-3.57,-0.25,23.00,0.07,-0.04
132514,23.00,-0.08,-0.17,23.00,-3.36,-0.54,23.00,-0.02,-0.03
132574,23.00,0.07,-0.18,23.00,-3.74,-0.04,23.00,0.02,-0.04
132634,23.00,-0.02,-0.17,23.00,-3.82,-0.08,23.00,-0.02,0.07
132694,23.00,0.11,-0.18,23.00,-3.90,-0.65,23.00,0.05,-0.06
132755,23.00,0.05,-0.16,23.00,-3.74,-0.20,23.00,-0.02,-0.00
132815,23.00,-0.05,-0.23,23.00,-3.39,-0.18,23.00,0.02,-0.06
132875,23.00,0.08,-0.17,23.00,-3.20,-0.28,23.00,-0.02,-0.00
132935,23.00,-0.17,-0.38,23.00,-2.67,-0.29,23.00,-0.02,0.00
132995,23.00,-0.04,-0.21,23.00,-2.37,-0.21,23.00,-0.04,-0.05
133055,23.00,-0.15,-0.24,23.00,-1.88,-0.20,23.00,0.02,-0.02
133115,23.00,0.07,-0.06,23.00,-1.38,-0.56,23.00,-0.02,-0.03
133176,23.00,-0.02,-0.12,23.00,-0.71,-0.81,23.00,-0.07,-0.10
133236,23.00,-0.14,-0.25,23.00,-0.27,-0.50,23.00,-0.11,-0.12
133296,23.00,0.11,-0.11,23.00,0.37,-0.22,23.00,-0.02,-0.08
133356,23.00,-0.17,-0.38,23.00,1.06,-0.29,23.00,0.01,0.07
133416,23.00,0.11,-0.29,23.00,1.52,-0.24,23.00,-0.04,0.00
133476,23.00,0.07,-0.29,23.00,2.00,0.10,23.00,-0.05,-0.02
133536,23.00,0.15,-0.20,23.00,2.32,0.39,23.00,0.07,-0.00
133596,23.00,-0.07,-0.27,23.00,2.85,-0.05,23.00,-0.01,-0.07
133657,23.00,0.01,-0.07,23.00,3.27,0.07,23.00,-0.02,-0.01
133717,23.00,0.10,-0.20,23.00,3.48,-0.02,23.00,-0.07,-0.05
133777,23.00,0.15,-0.18,23.00,3.42,-0.46,23.00,-0.01,-0.00
133837,23.00,0.08,-0.08,23.00,3.93,-0.42,23.00,0.02,-0.00
133897,23.00,0.05,-0.20,23.00,3.77,-0.20,23.00,-0.07,-0.07
133957,23.00,0.04,-0.12,23.00,3.76,0.15,23.00,-0.04,-0.03
134017,23.00,-0.08,-0.17,23.00,3.83,0.07,23.00,-0.02,-0.05
134078,23.00,0.08,-0.32,23.00,3.44,0.02,23.00,0.01,-0.07
134138,23.00,-0.01,-0.17,23.00,3.42,0.15,23.00,0.07,-0.06
134198,23.00,-0.08,-0.15,23.00,2.92,-0.10,23.00,-0.02,-0.03
134258,23.00,-0.08,-0.22,23.00,2.44,0.00,23.00,0.01,-0.03
134318,23.00,0.07,-0.16,23.00,1.79,0.38,23.00,-0.04,-0.05
134378,23.00,-0.02,-0.30,23.00,1.36,0.22,23.00,-0.05,-0.03
134438,23.00,0.02,-0.18,23.00,0.86,0.14,23.00,0.05,-0.08
134499,23.00,-0.02,-0.20,23.00,0.18,-0.12,23.00,-0.05,0.05
134559,23.00,-0.02,-0.22,23.00,-0.29,-0.17,23.00,-0.05,0.01
134619,23.00,0.15,-0.20,23.00,-0.86,0.06,23.00,0.01,-0.03
134679,23.00,-0.05,-0.15,23.00,-1.55,-0.33,23.00,-0.10,0.00
134739,23.00,-0.10,-0.28,23.00,-2.29,0.05,23.00,-0.01,-0.07
134799,23.00,0.21,-0.16,23.00,-2.73,0.05,23.00,0.04,-0.05
134859,23.00,0.04,-0.23,23.00,-2.76,-0.34,23.00,-0.01,-0.07
134919,23.00,-0.11,-0.08,23.00,-3.45,-0.09,23.00,0.01,-0.07
134980,23.00,0.10,-0.28,23.00,-3.61,-0.05,23.00,-0.02,-0.06
135040,23.00,0.07,-0.21,23.00,-4.02,-0.54,23.00,0.01,0.00
135100,23.00,0.05,-0.08,23.00,-4.05,-0.29,23.00,0.02,-0.07
135160,23.00,0.02,-0.03,23.00,-3.77,0.01,23.00,0.01,-0.00
135220,23.00,-0.07,-0.21,23.00,-3.93,-0.07,23.00,-0.01,-0.11
135280,23.00,0.10,-0.13,23.00,-3.63,-0.65,23.00,-0.02,-0.07
135340,23.00,-0.02,-0.24,23.00,-3.30,-0.56,23.00,-0.01,0.05
135401,23.00,0.10,-0.23,23.00,-2.91,-0.32,23.00,-0.10,-0.07
135461,23.00,-0.10,-0.22,23.00,-2.70,-0.82,23.00,-0.04,-0.11
135521,23.00,-0.10,-0.09,23.00,-2.38,-0.44,23.00,-0.01,-0.03
135581,23.00,0.08,-0.42,23.00,-1.77,-0.67,23.00,-0.01,-0.06
135641,23.00,-0.02,-0.19,23.00,-1.11,-0.30,23.00,-0.12,-0.12
135701,23.00,-0.04,-0.05,23.00,-0.52,-0.71,23.00,-0.01,-0.03
135761,23.00,0.10,-0.23,23.00,0.11,-0.27,23.00,-0.04,-0.09
135821,23.00,0.11,-0.25,23.00,0.51,-0.08,23.00,0.02,0.05
135882,23.00,-0.07,-0.24,23.00,0.90,-0.28,23.00,-0.12,-0.03
135942,23.00,-0.08,-0.31,23.00,1.84,-0.31,23.00,-0.05,-0.03
136002,23.00,-0.07,-0.20,23.00,2.34,-0.21,23.00,0.04,-0.01
136062,23.00,-0.10,-0.21,23.00,2.67,-0.00,23.00,-0.05,-0.02
136122,23.00,0.01,-0.20,23.00,3.22,0.13,23.00,-0.02,-0.04
136182,23.00,0.07,-0.36,23.00,3.68,-0.10,23.00,-0.02,-0.01
136242,23.00,0.17,-0.27,23.00,3.58,0.37,23.00,-0.01,-0.07
136303,23.00,-0.07,-0.23,23.00,3.52,0.36,23.00,0.04,-0.12
136363,23.00,-0.08,-0.15,23.00,3.83,-0.15,23.00,-0.05,-0.04
136423,23.00,0.07,-0.26,23.00,3.86,-0.07,23.00,0.02,-0.06
136483,23.00,-0.08,-0.20,23.00,3.83,-0.50,23.00,0.02,0.04
136543,23.00,0.20,-0.20,23.00,3.68,0.04,23.00,-0.02,-0.11
136603,23.00,0.07,-0.09,23.00,3.39,0.08,23.00,-0.04,-0.06
136663,23.00,0.07,-0.13,23.00,3.16,-0.16,23.00,-0.01,-0.05
136723,23.00,-0.08,-0.22,23.00,2.38,-0.22,23.00,0.01,-0.04
136784,23.00,-0.10,-0.22,23.00,2.06,0.16,23.00,-0.02,-0.06
136844,23.00,-0.07,-0.02,23.00,1.55,-0.15,23.00,0.08,0.04
136904,23.00,-0.05,-0.10,23.00,0.96,-0.58,23.00,-0.01,-0.05
136964,23.00,-0.07,-0.28,23.00,0.68,0.19,23.00,0.05,-0.05
137024,23.00,-0.01,-0.19,23.00,-0.08,-0.23,23.00,-0.04,-0.10
137084,23.00,0.15,-0.35,24.00,-0.74,0.17,23.00,-0.05,-0.06
137144,23.00,0.04,-0.22,24.00,-1.47,-0.47,23.00,0.05,-0.07
137205,23.00,-0.11,-0.26,24.00,-2.19,0.32,23.00,0.01,-0.05
137265,23.00,-0.10,-0.33,24.00,-2.35,0.03,23.00,-0.01,-0.01
137325,23.00,-0.15,-0.31,24.00,-2.78,-0.23,23.00,-0.05,-0.05
137385,23.00,-0.01,-0.22,24.00,-2.88,-0.20,23.00,-0.04,-0.05
137445,23.00,0.02,-0.15,24.00,-3.44,-0.15,23.00,-0.07,-0.04
137505,23.00,-0.02,-0.34,24.00,-3.92,0.07,23.00,-0.04,0.01
137565,23.00,0.02,-0.19,24.00,-3.64,0.11,23.00,-0.07,-0.01
137625,23.00,0.12,-0.08,24.00,-3.77,-0.27,23.00,0.02,0.05
137686,23.00,0.08,0.00,24.00,-4.21,-0.25,23.00,0.01,-0.06
137746,23.00,0.07,-0.22,24.00,-3.48,-0.38,23.00,0.02,0.05
137806,23.00,0.07,-0.20,24.00,-3.33,-0.51,23.00,0.01,-0.04
137866,23.00,0.02,-0.14,24.00,-3.16,-0.19,23.00,-0.05,-0.06
137926,23.00,0.11,-0.05,24.00,-3.01,-0.51,23.00,-0.01,0.00
137986,23.00,0.15,-0.25,24.00,-2.35,-0.42,23.00,0.01,0.00
138046,23.00,0.04,-0.29,24.00,-1.96,-0.10,23.00,0.02,0.01
138107,23.00,-0.04,-0.23,24.00,-1.58,-0.36,23.00,0.01,-0.07
138167,23.00,-0.02,-0.26,24.00,-0.92,-0.70,23.00,0.08,-0.05
138227,23.00,-0.04,-0.14,24.00,-0.29,-0.61,23.00,0.05,-0.05
138287,23.00,-0.11,-0.27,24.00,0.33,-0.47,23.00,0.01,-0.13
138347,23.00,0.15,-0.24,24.00,0.80,-0.44,23.00,0.01,-0.03
138407,23.00,0.11,-0.17,24.00,1.41,-0.43,23.00,-0.04,-0.03
138467,23.00,0.05,-0.23,24.00,1.84,0.14,23.00,-0.02,-0.01
138527,23.00,0.10,-0.13,24.00,2.50,-0.21,23.00,0.01,-0.04
138588,23.00,-0.08,-0.16,24.00,2.70,0.52,23.00,-0.01,-0.10
138648,23.00,0.14,-0.03,24.00,3.11,0.47,23.00,-0.05,-0.06
138708,23.00,0.01,-0.36,24.00,3.63,0.06,23.00,0.05,-0.00
138768,23.00,0.05,-0.24,24.00,3.85,0.30,23.00,-0.02,0.01
138828,23.00,0.10,-0.15,24.00,3.80,-0.14,23.00,0.04,-0.03
138888,23.00,-0.07,-0.17,24.00,3.80,-0.12,23.00,-0.02,-0.02
138948,23.00,0.08,-0.21,24.00,3.66,0.01,23.00,-0.01,-0.03
139009,23.00,0.05,-0.05,24.00,3.73,-0.18,23.00,-0.04,-0.05
139069,23.00,-0.01,-0.23,24.00,3.61,-0.32,23.00,-0.02,0.01
139129,23.00,0.10,-0.26,24.00,3.10,0.09,23.00,-0.01,-0.04
139189,23.00,-0.18,-0.21,24.00,3.01,-0.36,23.00,-0.04,-0.02
139249,23.00,0.05,-0.15,24.00,2.34,0.01,23.00,0.04,-0.14
139309,23.00,-0.08,-0.29,24.00,2.15,0.21,23.00,-0.05,-0.08
139369,23.00,-0.08,-0.23,24.00,1.27,-0.03,23.00,0.05,0.04
139430,23.00,-0.11,-0.42,24.00,0.45,0.36,23.00,0.02,0.12
139490,23.00,-0.08,-0.15,24.00,0.40,0.04,23.00,0.01,-0.03
139550,23.00,-0.02,-0.16,24.00,-0.14,-0.41,23.00,-0.04,-0.07
139610,23.00,0.04,-0.09,24.00,-1.06,0.15,23.00,0.02,0.02
139670,23.00,0.04,0.02,24.00,-1.34,0.22,23.00,0.02,-0.04
139730,23.00,0.05,-0.09,24.00,-2.00,-0.14,23.00,0.04,-0.01
139790,23.00,-0.08,-0.41,24.00,-2.40,0.07,23.00,-0.04,0.01
139850,23.00,-0.23,-0.20,24.00,-2.91,0.48,23.00,-0.01,-0.11
139911,23.00,0.15,-0.04,24.00,-3.27,-0.18,23.00,0.04,0.01
139971,23.00,0.18,-0.16,24.00,-3.66,-0.42,23.00,-0.01,-0.14
140031,23.00,0.02,-0.25,24.00,-3.38,-0.13,23.00,0.02,-0.01
140091,23.00,-0.01,-0.04,24.00,-3.61,-0.55,23.00,0.04,0.00
140151,23.00,0.07,-0.18,24.00,-3.86,-0.76,23.00,0.02,-0.06
140211,23.00,0.02,-0.29,24.00,-3.89,-0.16,23.00,-0.01,-0.08
140271,23.00,-0.11,-0.18,24.00,-3.51,-0.51,23.00,-0.07,-0.06
140331,23.00,-0.14,-0.22,24.00,-3.45,-0.32,23.00,0.02,-0.03
140392,23.00,-0.08,-0.37,24.00,-3.22,-0.45,23.00,-0.07,-0.01
140452,23.00,-0.01,-0.15,24.00,-2.60,-0.43,23.00,-0.02,0.03
140512,23.00,0.14,-0.15,24.00,-2.34,-0.69,23.00,-0.07,-0.07
140572,23.00,0.08,-0.01,24.00,-1.58,-0.13,23.00,-0.04,-0.04
140632,23.00,0.10,-0.15,24.00,-1.08,-0.14,23.00,-0.02,-0.11
140692,23.00,0.08,-0.18,24.00,-0.53,-0.67,23.00,-0.02,-0.09
140752,23.00,0.04,-0.43,24.00,-0.07,-0.43,23.00,-0.05,-0.03
140813,23.00,-0.02,-0.01,24.00,0.67,-0.75,23.00,-0.05,-0.01
140873,23.00,-0.02,-0.13,24.00,1.21,0.15,23.00,-0.01,0.02
140933,23.00,-0.01,-0.22,24.00,1.79,0.00,23.00,-0.08,-0.09
140993,23.00,0.10,-0.13,24.00,1.87,-0.11,23.00,-0.01,-0.12
141053,23.00,0.04,-0.15,24.00,2.78,-0.03,23.00,-0.05,-0.08
141113,23.00,0.24,-0.24,24.00,3.03,0.10,23.00,-0.04,-0.02
141173,23.00,-0.15,-0.29,24.00,3.25,0.34,23.00,-0.02,-0.07
141234,23.00,0.08,-0.29,24.00,3.57,0.12,23.00,0.02,-0.06
141294,23.00,0.08,-0.21,24.00,3.93,-0.51,23.00,-0.02,0.06
141354,23.00,0.04,-0.04,24.00,4.01,0.08,23.00,0.01,-0.06
141414,23.00,-0.01,-0.31,24.00,3.95,-0.26,23.00,0.01,-0.02
141474,23.00,-0.05,-0.22,24.00,3.67,0.44,23.00,-0.01,0.07
141534,23.00,0.02,-0.19,24.00,3.71,-0.09,23.00,0.01,-0.01
141594,23.00,0.02,-0.12,24.00,3.39,-0.03,23.00,-0.01,-0.02
141654,23.00,0.14,-0.10,24.00,3.00,-0.10,23.00,-0.04,-0.07
141715,23.00,-0.01,-0.06,24.00,2.50,0.08,23.00,0.02,-0.05
141775,23.00,0.01,-0.09,24.00,2.12,0.29,23.00,-0.02,-0.07
141835,23.00,0.20,-0.29,24.00,1.66,0.03,23.00,-0.08,-0.05
141895,23.00,-0.02,-0.27,24.00,1.14,-0.18,23.00,0.01,-0.03
141955,23.00,-0.15,-0.15,24.00,0.32,0.20,23.00,-0.01,-0.05
142015,23.00,-0.08,-0.25,24.00,-0.08,-0.29,23.00,-0.01,0.00
142075,23.00,-0.02,-0.28,24.00,-0.58,-0.17,23.00,0.02,-0.06
142136,23.00,-0.05,-0.18,24.00,-1.02,-0.08,23.00,-0.04,0.07
142196,23.00,-0.02,-0.23,24.00,-1.47,-0.18,23.00,-0.01,-0.00
142256,23.00,-0.23,-0.33,24.00,-2.21,-0.55,23.00,-0.02,-0.03
142316,23.00,-0.18,-0.14,24.00,-2.47,-0.52,23.00,0.01,-0.09
142376,23.00,-0.05,-0.20,24.00,-3.00,-0.43,23.00,-0.01,-0.11
142436,23.00,0.08,-0.08,24.00,-3.30,-0.14,23.00,-0.04,-0.01
142496,23.00,-0.11,-0.21,24.00,-3.44,-0.36,23.00,-0.05,-0.01
142556,23.00,-0.01,-0.36,24.00,-3.73,-0.51,23.00,-0.04,0.00
142617,23.00,0.04,-0.27,24.00,-3.86,-0.12,23.00,-0.04,0.06
142677,23.00,0.04,-0.13,24.00,-3.66,-0.33,23.00,0.11,-0.01
142737,23.00,0.08,-0.15,24.00,-3.74,-0.36,23.00,0.02,-0.08
142797,23.00,-0.07,-0.08,24.00,-3.38,-0.07,23.00,-0.05,-0.07
142857,23.00,-0.01,-0.37,24.00,-3.27,-0.19,23.00,-0.07,-0.07
142917,23.00,0.12,-0.19,24.00,-3.07,-0.37,23.00,0.04,0.02
142977,23.00,-0.10,-0.01,24.00,-2.44,-0.78,23.00,0.02,-0.07
143038,23.00,0.05,-0.25,24.00,-2.18,-0.73,23.00,-0.01,-0.04
143098,23.00,0.02,-0.08,24.00,-1.52,-0.42,23.00,0.01,-0.07
143158,23.00,-0.07,-0.18,24.00,-0.95,-0.75,23.00,0.01,-0.01
143218,23.00,0.14,-0.19,24.00,-0.23,-0.85,23.00,-0.01,-0.06
143278,23.00,-0.07,-0.34,24.00,0.12,-0.09,23.00,0.01,-0.00
143338,23.00,0.07,-0.09,24.00,0.73,-0.24,23.00,0.05,-0.07
143398,23.00,0.05,-0.11,24.00,1.36,-0.46,23.00,-0.01,-0.01
143458,23.00,0.04,-0.18,24.00,1.91,-0.28,23.00,-0.10,-0.02
143519,23.00,-0.07,-0.31,24.00,2.35,0.30,23.00,0.02,-0.00
143579,23.00,0.07,-0.11,24.00,2.73,0.23,23.00,-0.04,-0.05
143639,23.00,0.05,-0.34,24.00,3.13,-0.80,23.00,0.07,0.05
143699,23.00,-0.01,-0.38,24.00,3.74,-0.02,23.00,-0.07,-0.00
143759,23.00,0.12,0.00,24.00,3.58,0.11,23.00,-0.05,0.02
143819,23.00,-0.05,-0.29,24.00,3.85,-0.04,23.00,0.07,-0.08
143879,23.00,-0.11,-0.21,24.00,4.01,-0.03,23.00,0.04,-0.07
143940,23.00,0.05,-0.12,24.00,4.12,0.41,23.00,0.01,-0.06
144000,23.00,-0.17,-0.27,24.00,3.85,0.03,23.00,0.05,-0.02
144060,23.00,-0.04,-0.12,24.00,3.73,0.07,23.00,-0.01,-0.08
144120,23.00,0.08,-0.25,24.00,3.08,0.12,23.00,-0.11,-0.01
144180,23.00,-0.04,-0.33,24.00,2.57,0.11,23.00,0.02,-0.11
144240,23.00,-0.07,-0.20,24.00,2.57,-0.24,23.00,-0.02,-0.06
144300,23.00,0.04,-0.10,24.00,2.13,0.32,23.00,0.02,0.05
144360,23.00,-0.18,-0.22,24.00,1.36,0.44,23.00,0.05,-0.01
144421,23.00,0.18,-0.24,24.00,0.80,0.22,23.00,-0.01,-0.02
144481,23.00,-0.04,-0.29,24.00,0.27,0.11,23.00,0.01,-0.04
144541,23.00,-0.11,-0.11,24.00,-0.33,-0.38,23.00,0.01,-0.04
144601,23.00,0.07,-0.09,24.00,-0.90,-0.18,23.00,0.01,-0.15
144661,23.00,-0.02,-0.01,24.00,-1.50,0.27,23.00,-0.05,0.03
144721,23.00,0.07,-0.05,24.00,-1.90,-0.29,23.00,-0.04,-0.02
144781,23.00,-0.10,-0.33,24.00,-2.50,-0.26,23.00,-0.01,-0.00
144842,23.00,-0.01,-0.09,24.00,-2.82,-0.65,23.00,-0.04,0.07
144902,23.00,-0.10,-0.26,24.00,-3.38,-0.25,23.00,0.05,-0.04
144962,23.00,-0.07,-0.28,24.00,-3.55,-0.41,23.00,0.01,-0.01
145022,23.00,0.18,-0.19,24.00,-3.88,-0.21,23.00,-0.02,-0.00
145082,23.00,0.11,-0.12,24.00,-4.01,-0.11,23.00,-0.04,-0.02
145142,23.00,0.02,-0.01,24.00,-3.89,-0.41,23.00,0.04,0.04
145202,23.00,0.04,-0.06,24.00,-3.79,-0.50,23.00,-0.04,0.01
145262,23.00,-0.02,-0.24,24.00,-3.52,-0.32,23.00,0.05,0.02
145323,23.00,-0.08,-0.26,24.00,-3.58,-0.36,23.00,-0.04,-0.05
145383,23.00,0.01,-0.18,24.00,-3.22,-0.39,23.00,-0.01,0.04
145443,23.00,-0.01,-0.02,24.00,-3.00,-0.44,23.00,-0.04,0.05
145503,23.00,-0.04,-0.17,24.00,-2.25,-0.97,23.00,-0.04,-0.01
145563,23.00,0.23,-0.27,24.00,-1.94,-1.07,23.00,-0.11,-0.06
145623,23.00,0.01,-0.36,24.00,-1.38,-0.57,23.00,0.07,-0.03
145683,23.00,0.05,-0.29,24.00,-0.75,-0.95,23.00,-0.04,-0.07
145744,23.00,0.04,-0.22,24.00,-0.14,-0.35,23.00,-0.04,0.02
145804,23.00,0.11,-0.20,24.00,0.46,-0.42,23.00,-0.01,-0.01
145864,23.00,0.04,-0.36,24.00,0.99,-0.72,23.00,-0.01,-0.03
145924,23.00,0.15,0.09,24.00,1.43,-0.13,23.00,0.02,-0.06
145984,23.00,0.05,-0.10,24.00,2.25,-0.64,23.00,0.02,-0.04
146044,23.00,-0.11,-0.31,24.00,2.64,-1.05,23.00,-0.04,-0.07
146104,23.00,-0.10,-0.22,24.00,2.66,-0.29,23.00,0.07,-0.03
146164,23.00,0.02,-0.28,24.00,3.57,-0.36,23.00,-0.01,-0.04
146225,23.00,0.07,-0.22,24.00,3.77,0.07,23.00,0.02,0.07
146285,23.00,-0.07,-0.33,24.00,3.71,0.31,23.00,-0.04,-0.07
146345,23.00,-0.02,-0.20,24.00,3.76,0.00,23.00,0.07,-0.09
146405,23.00,0.08,-0.00,24.00,3.64,0.12,23.00,-0.08,0.00
146465,23.00,-0.07,-0.16,24.00,3.73,-0.32,23.00,-0.02,0.00
146525,23.00,-0.04,-0.05,24.00,3.54,-0.80,23.00,-0.05,-0.05
146585,23.00,0.11,-0.24,24.00,3.11,0.04,23.00,0.05,-0.07
146646,23.00,0.01,-0.26,24.00,3.08,-0.08,23.00,-0.01,-0.08
146706,23.00,-0.17,-0.23,24.00,2.64,-0.22,23.00,-0.04,-0.03
146766,23.00,0.05,-0.26,24.00,2.26,-0.11,23.00,-0.07,0.06
146826,23.00,-0.02,-0.14,24.00,1.55,0.05,23.00,0.04,-0.08
146886,23.00,0.17,-0.26,24.00,1.31,-0.09,23.00,-0.01,-0.01
146946,23.00,0.02,-0.22,24.00,0.48,-0.19,23.00,-0.01,0.00
147006,23.00,0.10,-0.21,24.00,0.11,-0.11,23.00,-0.04,-0.01
147067,23.00,0.12,-0.15,24.00,-0.68,-0.11,23.00,-0.01,0.07
147127,23.00,0.10,-0.23,24.00,-1.08,-0.63,23.00,-0.01,-0.12
147187,23.00,0.04,-0.15,24.00,-1.88,-0.24,23.00,0.01,-0.06
147247,23.00,-0.17,-0.25,24.00,-1.99,-0.16,23.00,-0.08,-0.04
147307,23.00,0.15,-0.12,24.00,-2.62,-0.32,23.00,-0.02,0.02
147367,23.00,-0.01,-0.15,24.00,-3.38,-0.07,23.00,-0.02,0.02
147427,23.00,0.01,-0.20,24.00,-3.44,-0.22,23.00,-0.05,0.05
147487,23.00,0.10,-0.17,24.00,-3.49,-0.38,23.00,0.01,-0.01
147548,23.00,-0.05,-0.24,24.00,-3.64,-0.15,23.00,-0.04,-0.04
147608,23.00,-0.20,-0.17,24.00,-4.04,0.14,23.00,-0.05,-0.00
147668,23.00,-0.20,-0.32,24.00,-3.67,-0.07,23.00,0.02,-0.07
147728,23.00,-0.04,-0.31,24.00,-3.77,-0.46,23.00,0.02,-0.07
147788,23.00,-0.05,-0.22,24.00,-3.55,-0.85,23.00,0.02,0.02
147848,23.00,-0.07,-0.22,24.00,-3.29,-0.36,23.00,-0.02,-0.02
147908,23.00,-0.10,-0.18,24.00,-2.82,-0.34,23.00,-0.02,-0.07
147969,23.00,-0.04,-0.18,24.00,-2.60,-0.30,23.00,0.05,0.08
148029,23.00,0.10,-0.08,24.00,-2.01,-0.54,23.00,-0.07,0.03
148089,23.00,0.07,-0.19,24.00,-1.72,-0.28,23.00,0.01,0.02
148149,23.00,0.10,-0.16,24.00,-0.99,-0.31,23.00,-0.05,-0.07
148209,23.00,-0.08,-0.22,24.00,-0.58,-0.13,23.00,0.04,-0.05
148269,23.00,-0.04,-0.19,24.00,0.12,-0.28,23.00,0.04,-0.03
148329,23.00,-0.07,-0.30,24.00,0.83,-0.64,23.00,0.04,-0.07
148389,23.00,0.10,-0.22,24.00,1.36,-0.24,23.00,0.05,-0.00
148450,23.00,0.07,-0.15,24.00,1.84,-0.04,23.00,-0.05,-0.08
148510,23.00,0.11,-0.41,24.00,2.22,-0.41,23.00,0.02,-0.02
148570,23.00,0.08,-0.06,24.00,2.92,-0.37,23.00,-0.01,0.00
148630,23.00,-0.07,-0.30,24.00,2.95,-0.20,23.00,-0.02,-0.02
148690,23.00,-0.04,-0.13,24.00,3.14,-0.13,23.00,-0.07,0.07
148750,23.00,-0.12,-0.22,24.00,3.42,0.15,23.00,0.02,-0.15
148810,23.00,-0.15,-0.28,24.00,3.47,-0.15,23.00,-0.05,-0.06
148871,23.00,0.10,-0.08,24.00,3.58,0.13,23.00,0.01,-0.02
148931,23.00,-0.04,-0.27,24.00,3.89,-0.06,23.00,-0.04,-0.06
148991,23.00,-0.04,-0.29,24.00,3.61,-0.04,23.00,0.02,-0.05
149051,23.00,0.10,-0.26,24.00,3.45,0.17,23.00,0.04,0.00
149111,23.00,0.08,-0.15,24.00,3.39,-0.35,23.00,-0.02,-0.03
149171,23.00,0.05,-0.24,24.00,2.76,0.24,23.00,-0.05,-0.00
149231,23.00,0.08,-0.22,24.00,2.32,0.29,23.00,-0.01,-0.12
149291,23.00,0.08,-0.30,24.00,1.91,-0.23,23.00,0.02,0.03
149352,23.00,0.02,-0.14,24.00,1.21,0.21,23.00,-0.05,-0.05
149412,23.00,-0.11,-0.28,24.00,0.59,0.51,23.00,0.05,-0.04
149472,23.00,-0.01,-0.23,24.00,0.32,-0.37,23.00,-0.01,-0.09
149532,23.00,-0.07,-0.35,24.00,-0.40,-0.30,23.00,0.02,-0.05
149592,23.00,0.10,-0.22,24.00,-0.86,0.03,23.00,-0.07,-0.01
149652,23.00,0.17,-0.24,24.00,-1.40,0.22,23.00,0.05,-0.05
149712,23.00,0.20,-0.16,24.00,-1.97,-0.25,23.00,-0.05,0.02
149773,23.00,0.05,-0.30,24.00,-2.54,0.01,23.00,-0.05,-0.07
149833,23.00,-0.07,-0.15,24.00,-2.82,-0.44,23.00,0.04,-0.03
149893,23.00,0.01,-0.28,24.00,-3.19,-0.01,23.00,-0.01,0.02
149953,23.00,-0.04,-0.22,24.00,-3.30,-0.13,23.00,-0.01,-0.00
150013,23.00,0.15,-0.19,24.00,-3.48,-0.24,23.00,-0.01,-0.07
150073,23.00,-0.04,-0.32,24.00,-3.61,-0.05,23.00,-0.02,-0.07
150133,23.00,-0.11,-0.16,24.00,-3.95,-0.02,23.00,-0.07,-0.08
150193,23.00,0.17,-0.13,24.00,-3.95,-0.19,23.00,0.01,-0.01
150254,23.00,0.05,-0.24,24.00,-3.77,-0.36,23.00,0.01,-0.01
150314,23.00,-0.05,-0.33,24.00,-3.66,0.14,23.00,-0.04,0.00
150374,23.00,-0.01,-0.29,24.00,-3.26,-0.26,23.00,-0.05,-0.08
150434,23.00,-0.17,-0.20,24.00,-3.10,-0.30,23.00,-0.07,-0.05
150494,23.00,-0.02,-0.15,24.00,-2.44,-0.29,23.00,0.01,-0.12
150554,23.00,-0.04,-0.19,24.00,-1.69,-0.29,23.00,0.07,-0.04
150614,23.00,-0.08,-0.26,24.00,-1.25,-0.33,23.00,-0.04,-0.09
150675,23.00,0.10,-0.25,24.00,-0.56,-0.85,23.00,-0.05,-0.04
150735,23.00,0.08,-0.17,24.00,-0.29,-0.69,23.00,0.05,0.00
150795,23.00,0.12,-0.27,24.00,0.43,-0.41,23.00,0.02,0.00
150855,23.00,-0.07,-0.35,24.00,1.05,-0.53,23.00,-0.04,-0.07
150915,23.00,0.01,-0.14,24.00,1.55,-0.42,23.00,-0.02,0.03
150975,23.00,0.01,-0.12,24.00,1.90,0.05,23.00,-0.04,0.09
151035,23.00,-0.01,-0.15,24.00,2.13,-0.07,23.00,-0.02,0.08
151095,23.00,0.11,-0.02,24.00,3.05,-0.50,23.00,0.05,-0.00
151156,23.00,0.08,-0.09,24.00,3.22,0.36,23.00,0.01,0.01
151216,23.00,0.05,-0.21,24.00,3.44,-0.02,23.00,-0.01,-0.00
151276,23.00,0.05,-0.17,24.00,3.88,-0.40,23.00,-0.08,-0.02
151336,23.00,0.02,-0.24,24.00,3.95,-0.10,23.00,-0.04,-0.06
151396,23.00,0.02,-0.25,24.00,4.17,0.22,23.00,-0.05,-0.07
151456,23.00,0.01,-0.18,24.00,3.76,0.46,23.00,-0.07,-0.09
151516,23.00,0.07,-0.23,24.00,3.44,0.21,23.00,-0.01,0.02
151577,23.00,0.02,-0.21,24.00,3.07,-0.03,23.00,0.01,-0.04
151637,23.00,-0.04,-0.15,24.00,3.23,-0.31,23.00,0.01,-0.00
151697,23.00,-0.07,-0.31,24.00,2.72,-0.12,23.00,0.05,-0.00
151757,23.00,0.10,-0.07,24.00,2.41,-0.05,23.00,-0.07,-0.04
151817,23.00,-0.01,-0.23,24.00,1.75,0.23,23.00,-0.11,-0.06
151877,23.00,-0.02,-0.23,24.00,1.34,-0.21,23.00,0.02,-0.03
151937,23.00,0.04,-0.36,24.00,0.58,0.54,23.00,-0.02,-0.03
151998,23.00,0.21,-0.16,24.00,0.20,0.04,23.00,-0.02,-0.04
152058,23.00,-0.12,-0.22,24.00,-0.67,-0.06,23.00,-0.04,-0.07
152118,23.00,0.07,-0.07,24.00,-0.93,-0.36,23.00,0.01,-0.02
152178,23.00,-0.11,-0.20,24.00,-1.49,-0.46,23.00,-0.05,-0.03
152238,23.00,0.07,-0.22,24.00,-2.09,-0.08,23.00,0.01,0.00
152298,23.00,0.05,-0.01,24.00,-2.57,-0.11,23.00,-0.01,-0.09
152358,23.00,0.15,-0.04,24.00,-3.03,-0.09,23.00,0.04,-0.10
152418,23.00,-0.12,-0.30,24.00,-3.38,-0.67,23.00,-0.04,-0.08
152479,23.00,-0.01,-0.27,24.00,-3.57,-0.39,23.00,-0.04,-0.07
152539,23.00,-0.05,-0.07,24.00,-3.49,-0.51,23.00,-0.05,-0.03
152599,23.00,-0.11,-0.25,24.00,-3.85,-0.12,23.00,-0.04,0.01
152659,23.00,0.05,-0.18,24.00,-3.99,0.01,23.00,-0.01,-0.09
152719,23.00,-0.12,-0.20,24.00,-3.76,0.04,23.00,-0.02,-0.04
152779,23.00,0.12,-0.20,24.00,-3.45,-0.21,23.00,0.02,0.01
152839,23.00,-0.07,-0.15,24.00,-3.27,-0.73,23.00,-0.07,-0.20
152900,23.00,0.12,-0.22,24.00,-3.10,-0.36,23.00,-0.01,0.00
152960,23.00,0.01,-0.19,24.00,-2.66,-0.70,23.00,-0.05,-0.03
153020,23.00,0.07,-0.14,24.00,-2.12,-0.48,23.00,0.04,-0.01
153080,23.00,-0.17,-0.14,24.00,-1.71,-0.64,23.00,-0.01,-0.07
153140,23.00,0.10,-0.22,24.00,-1.46,-0.65,23.00,-0.04,0.04
153200,23.00,-0.10,-0.02,24.00,-0.49,-0.48,23.00,-0.04,-0.05
153260,23.00,-0.11,-0.10,24.00,-0.01,-0.15,23.00,0.04,-0.02
153320,23.00,-0.01,-0.30,24.00,0.36,-0.47,23.00,0.02,0.01
153381,23.00,-0.08,-0.17,24.00,1.28,-0.11,23.00,0.02,-0.08
153441,23.00,-0.20,-0.15,24.00,1.66,-0.16,23.00,-0.04,-0.03
153501,23.00,-0.05,-0.25,24.00,2.37,0.31,23.00,-0.01,-0.05
153561,23.00,-0.21,-0.31,24.00,2.62,0.10,23.00,-0.02,-0.05
153621,23.00,-0.01,-0.29,24.00,3.14,-0.19,23.00,-0.01,-0.04
153681,23.00,0.01,-0.23,24.00,3.14,-0.50,23.00,-0.02,0.02
153741,23.00,-0.26,-0.19,24.00,3.83,0.09,23.00,0.07,-0.00
153802,23.00,-0.08,-0.31,24.00,3.88,-0.15,23.00,-0.05,-0.00
153862,23.00,0.11,-0.34,24.00,3.92,-0.37,23.00,0.04,-0.05
153922,23.00,0.01,-0.15,24.00,3.63,0.14,23.00,-0.01,-0.02
153982,23.00,-0.02,-0.13,24.00,3.83,-0.15,23.00,0.02,0.01
154042,23.00,-0.01,-0.22,24.00,3.70,-0.54,23.00,0.01,-0.05
154102,23.00,-0.14,-0.16,24.00,3.47,0.09,23.00,0.01,-0.06
154162,23.00,-0.01,-0.15,24.00,3.04,0.04,23.00,-0.01,-0.09
154222,23.00,0.08,-0.10,24.00,2.75,-0.03,23.00,-0.01,-0.07
154283,23.00,-0.10,-0.44,24.00,2.16,0.36,23.00,-0.04,-0.01
154343,23.00,-0.08,-0.13,24.00,1.47,-0.10,23.00,0.02,0.00
154403,23.00,0.08,-0.02,24.00,0.96,0.24,23.00,0.01,-0.03
154463,23.00,0.05,-0.20,24.00,0.48,0.00,23.00,-0.04,0.01
154523,23.00,-0.02,-0.14,24.00,-0.17,0.15,23.00,0.02,-0.07
154583,23.00,-0.11,-0.15,24.00,-0.73,-0.02,23.00,0.01,-0.07
154643,23.00,0.04,-0.18,24.00,-1.21,-0.36,23.00,0.02,0.05
154704,23.00,0.01,-0.25,24.00,-1.63,-0.05,23.00,0.05,-0.02
154764,23.00,0.08,-0.08,24.00,-2.51,-0.44,23.00,-0.05,-0.04
154824,23.00,-0.04,-0.29,24.00,-2.89,-0.00,23.00,-0.04,-0.07
154884,23.00,-0.10,-0.22,24.00,-3.11,-0.26,23.00,-0.01,0.01
154944,23.00,-0.08,-0.19,24.00,-3.36,-0.33,23.00,-0.04,-0.08
155004,23.00,-0.14,-0.21,24.00,-3.86,-0.65,23.00,-0.07,0.05
155064,23.00,0.02,-0.21,24.00,-4.08,-0.30,23.00,-0.02,-0.02
155124,23.00,-0.12,-0.14,24.00,-3.92,-0.44,23.00,-0.04,-0.01
155185,23.00,-0.01,-0.13,24.00,-4.05,-0.35,23.00,0.01,-0.06
155245,23.00,0.12,-0.21,24.00,-3.36,-0.97,23.00,-0.04,0.00
155305,23.00,-0.08,-0.10,24.00,-3.61,-0.32,23.00,0.02,-0.15
155365,23.00,-0.12,-0.18,24.00,-3.35,-0.22,23.00,-0.02,0.01
155425,23.00,-0.11,-0.21,24.00,-2.82,-0.74,23.00,-0.01,-0.00
155485,23.00,-0.01,-0.16,24.00,-2.35,-0.28,23.00,0.01,-0.06
155545,23.00,-0.07,-0.40,24.00,-1.82,-0.29,23.00,0.04,0.02
155606,23.00,0.04,-0.22,24.00,-1.50,-0.44,23.00,-0.04,0.03
155666,23.00,-0.14,-0.29,24.00,-0.99,-0.70,23.00,-0.02,-0.06
155726,23.00,0.08,-0.29,24.00,-0.20,-0.41,23.00,-0.02,-0.04
155786,23.00,0.15,-0.11,24.00,0.26,-0.33,23.00,-0.12,-0.06
155846,23.00,0.08,-0.23,24.00,0.75,-0.05,23.00,-0.01,-0.08
155906,23.00,-0.02,-0.20,24.00,1.24,-0.15,23.00,-0.01,-0.02
155966,23.00,0.07,-0.02,24.00,1.56,0.17,23.00,-0.02,0.01
156026,23.00,0.05,-0.44,24.00,2.40,-0.53,23.00,-0.02,-0.04
156087,23.00,-0.21,-0.34,24.00,2.84,-0.31,23.00,0.01,0.00
156147,23.00,-0.11,-0.04,24.00,3.17,0.42,23.00,-0.01,-0.05
156207,23.00,-0.01,-0.07,24.00,3.55,0.37,23.00,-0.01,-0.02
156267,23.00,-0.07,-0.42,24.00,3.45,0.08,23.00,0.01,-0.05
156327,23.00,0.04,-0.33,24.00,3.82,-0.57,23.00,0.05,-0.02
156387,23.00,-0.20,-0.39,24.00,3.95,0.19,23.00,0.01,-0.06
156447,23.00,-0.04,-0.15,24.00,4.04,-0.08,23.00,-0.02,-0.14
156508,23.00,-0.02,-0.10,24.00,3.61,0.02,23.00,0.07,-0.04
156568,23.00,-0.12,-0.31,24.00,3.41,0.09,23.00,0.02,0.03
156628,23.00,0.05,-0.22,24.00,3.16,0.09,23.00,0.01,-0.02
156688,23.00,-0.04,-0.26,24.00,2.59,0.21,23.00,0.04,-0.10
156748,23.00,-0.05,-0.16,24.00,2.32,0.49,23.00,0.02,-0.03
156808,23.00,-0.08,-0.22,24.00,2.07,-0.06,23.00,-0.04,-0.04
156868,23.00,-0.02,-0.25,24.00,1.19,-0.09,23.00,0.01,-0.06
156929,23.00,-0.14,-0.25,24.00,0.62,-0.58,23.00,0.08,0.00
156989,23.00,-0.11,-0.26,24.00,0.24,-0.19,23.00,0.01,-0.03
157049,23.00,-0.08,-0.26,24.00,-0.49,-0.39,23.00,-0.01,-0.05
157109,23.00,-0.15,-0.29,24.00,-1.19,-0.20,23.00,0.01,0.03
157169,23.00,0.10,-0.12,24.00,-1.55,-0.17,23.00,-0.01,0.05
157229,23.00,0.17,-0.23,24.00,-2.06,-0.05,23.00,0.01,-0.03
157289,23.00,0.12,-0.12,24.00,-2.66,-0.17,23.00,-0.05,0.01
157349,23.00,0.01,-0.24,24.00,-2.75,0.07,23.00,0.02,-0.07
157410,23.00,0.01,-0.18,24.00,-3.27,-0.45,23.00,-0.02,0.04
157470,23.00,-0.18,-0.34,24.00,-3.60,-0.34,23.00,-0.08,-0.00
157530,23.00,-0.01,-0.19,24.00,-3.55,-0.52,23.00,-0.01,0.03
157590,23.00,0.17,-0.09,24.00,-3.86,-0.25,23.00,-0.05,-0.00
157650,23.00,0.11,-0.25,24.00,-3.99,-0.03,23.00,-0.05,-0.03
157710,23.00,0.02,-0.15,24.00,-3.89,-0.40,23.00,-0.01,0.01
157770,23.00,0.01,-0.22,24.00,-3.41,-0.39,23.00,-0.07,-0.05
157831,23.00,0.01,-0.07,24.00,-3.39,-0.24,23.00,0.04,0.00
157891,23.00,0.12,-0.22,24.00,-3.20,-0.31,23.00,-0.01,-0.02
157951,23.00,0.02,-0.27,24.00,-2.91,-0.53,23.00,0.07,-0.05
158011,23.00,0.07,-0.34,24.00,-2.47,-0.51,23.00,0.04,-0.07
158071,23.00,0.04,-0.16,24.00,-1.84,-0.50,23.00,-0.02,-0.06
158131,23.00,0.05,-0.02,24.00,-1.21,-0.68,23.00,0.10,0.01
158191,23.00,-0.05,-0.09,24.00,-0.75,-0.73,23.00,0.05,0.02
158251,23.00,0.15,-0.09,24.00,-0.12,-0.65,23.00,-0.05,0.03
158312,23.00,-0.10,-0.32,24.00,0.32,-0.17,23.00,0.01,-0.00
158372,23.00,-0.08,0.03,24.00,1.22,0.62,23.00,0.01,0.03
158432,23.00,0.05,0.01,24.00,1.69,-0.13,23.00,0.08,-0.07
158492,23.00,-0.04,-0.18,24.00,2.19,-0.15,23.00,-0.04,-0.08
158552,23.00,-0.10,-0.28,24.00,2.51,0.12,23.00,-0.02,-0.08
158612,23.00,-0.01,-0.20,24.00,2.88,-0.11,23.00,0.02,0.04
158672,23.00,-0.12,-0.16,24.00,3.13,-0.03,23.00,-0.07,-0.07
158733,23.00,-0.11,-0.39,24.00,3.74,0.01,23.00,-0.02,0.04
158793,23.00,0.02,-0.30,24.00,3.85,-0.32,23.00,0.02,-0.06
158853,23.00,0.10,-0.17,24.00,4.10,0.10,23.00,-0.01,-0.03
158913,23.00,-0.01,-0.23,24.00,3.85,0.14,23.00,-0.02,-0.09
158973,23.00,0.07,-0.29,24.00,3.42,0.12,23.00,-0.01,-0.02
159033,23.00,0.05,-0.27,24.00,3.38,-0.42,23.00,0.01,0.01
159093,23.00,0.02,-0.20,24.00,3.17,0.01,23.00,-0.04,-0.02
159153,23.00,0.05,-0.12,24.00,3.03,-0.25,23.00,0.01,-0.00
159214,23.00,-0.21,-0.12,24.00,2.51,-0.35,23.00,-0.02,-0.03
159274,23.00,-0.10,-0.27,24.00,2.29,-0.29,23.00,-0.01,-0.04
159334,23.00,0.04,-0.24,24.00,1.56,0.13,23.00,-0.07,-0.06
159394,23.00,0.07,-0.17,24.00,0.97,0.02,23.00,0.04,-0.07
159454,23.00,-0.02,-0.15,24.00,0.43,0.02,23.00,-0.02,-0.07
159514,23.00,0.10,-0.10,24.00,-0.02,0.05,23.00,-0.05,-0.06
159574,23.00,0.08,-0.24,24.00,-0.48,-0.16,23.00,-0.04,-0.01
159635,23.00,-0.01,-0.11,24.00,-1.21,0.07,23.00,-0.02,-0.00
159695,23.00,0.07,-0.09,24.00,-1.74,-0.05,23.00,0.04,-0.05
159755,23.00,0.17,-0.04,24.00,-2.22,-0.24,23.00,0.02,-0.05
159815,23.00,-0.15,-0.24,24.00,-2.44,-0.20,23.00,0.07,0.03
159875,23.00,0.11,-0.29,24.00,-3.10,-0.22,23.00,-0.04,-0.07
159935,23.00,0.18,-0.07,24.00,-3.33,-0.39,23.00,-0.04,0.00
159995,23.00,0.07,-0.24,24.00,-3.39,-0.15,23.00,0.01,-0.02
160055,23.00,0.05,-0.34,24.00,-3.64,-0.31,23.00,-0.04,-0.06
160116,23.00,0.10,-0.20,24.00,-3.85,-0.10,23.00,-0.02,-0.07
160176,23.00,-0.05,-0.16,24.00,-4.02,-0.07,23.00,-0.11,-0.01
160236,23.00,-0.08,-0.28,24.00,-3.80,-0.14,23.00,-0.01,-0.06
160296,23.00,0.02,-0.05,24.00,-3.64,-0.12,23.00,0.01,-0.06
160356,23.00,-0.01,-0.28,24.00,-3.27,-0.16,23.00,0.05,-0.02
160416,23.00,0.15,-0.14,24.00,-2.88,-0.08,23.00,-0.04,-0.01
160476,23.00,0.10,-0.31,24.00,-2.60,-0.21,23.00,0.01,0.06
160537,23.00,-0.04,-0.23,24.00,-2.06,-0.36,23.00,-0.02,-0.01
160597,23.00,0.17,-0.18,24.00,-1.78,-0.00,23.00,-0.02,-0.05
160657,23.00,0.01,-0.23,24.00,-0.81,-0.90,23.00,-0.02,-0.00
160717,23.00,-0.05,-0.06,24.00,-0.27,-0.61,23.00,0.01,-0.05
160777,23.00,0.02,-0.14,24.00,0.30,-0.44,23.00,0.02,0.03
160837,23.00,-0.10,-0.31,24.00,0.64,-0.35,23.00,0.08,-0.03
160897,23.00,-0.10,-0.31,24.00,1.28,-0.12,23.00,-0.04,0.04
160957,23.00,-0.12,-0.18,24.00,1.69,-0.17,23.00,0.01,-0.07
161018,23.00,-0.05,-0.14,24.00,2.45,-0.02,23.00,-0.07,0.01
161078,23.00,-0.05,-0.19,24.00,2.63,-0.02,23.00,0.01,-0.04
161138,23.00,0.04,-0.18,24.00,3.29,-0.66,23.00,0.01,-0.01
161198,23.00,0.11,-0.25,24.00,3.49,-0.14,23.00,0.04,0.00
161258,23.00,0.08,-0.05,24.00,3.61,-0.19,23.00,0.01,-0.03
161318,23.00,0.04,-0.19,24.00,3.79,-0.32,23.00,-0.05,-0.00
161378,23.00,-0.10,-0.34,24.00,3.76,-0.09,23.00,0.04,-0.02
161439,23.00,-0.05,-0.18,24.00,3.71,0.23,23.00,-0.04,-0.07
161499,23.00,0.08,-0.27,24.00,3.67,0.32,23.00,-0.10,-0.15
161559,23.00,-0.05,-0.31,24.00,3.80,-0.02,23.00,-0.05,-0.05
161619,23.00,0.12,-0.25,24.00,3.35,-0.11,23.00,-0.01,-0.04
161679,23.00,0.17,-0.15,24.00,2.94,0.18,23.00,-0.01,-0.05
161739,23.00,-0.20,-0.15,24.00,2.56,0.05,23.00,-0.04,-0.00
161799,23.00,-0.02,-0.19,24.00,1.90,0.09,23.00,-0.07,-0.04
161859,23.00,0.10,-0.13,24.00,1.34,0.44,23.00,-0.05,-0.04
161920,23.00,0.02,-0.17,24.00,0.92,0.62,23.00,0.02,-0.10
161980,23.00,-0.07,-0.29,24.00,0.36,0.23,23.00,-0.02,-0.10
162040,23.00,0.08,-0.10,24.00,-0.24,-0.07,23.00,-0.10,-0.05
162100,23.00,-0.01,-0.13,24.00,-0.71,0.11,23.00,-0.07,-0.06
162160,23.00,0.02,-0.24,24.00,-1.50,0.30,23.00,0.04,-0.02
162220,23.00,0.08,-0.13,24.00,-2.00,-0.22,23.00,-0.01,-0.01
162280,23.00,0.05,-0.15,24.00,-2.23,-0.48,23.00,0.04,-0.03
162341,23.00,-0.04,-0.29,24.00,-2.56,-0.45,23.00,-0.05,-0.04
162401,23.00,-0.08,-0.19,24.00,-3.47,-0.12,23.00,-0.02,-0.11
162461,23.00,0.08,-0.15,24.00,-3.71,-0.16,23.00,-0.01,0.01
162521,23.00,-0.17,-0.25,24.00,-4.02,-0.62,23.00,-0.04,-0.07
162581,23.00,0.07,-0.22,24.00,-3.74,-0.33,23.00,-0.04,-0.07
162641,23.00,0.04,-0.15,24.00,-3.86,-0.55,23.00,-0.01,0.05
162701,23.00,-0.11,-0.25,24.00,-3.79,-0.54,23.00,-0.05,-0.05
162761,23.00,0.14,-0.07,24.00,-3.26,-0.22,23.00,-0.04,-0.00
162822,23.00,0.10,-0.07,24.00,-3.44,-0.13,23.00,-0.10,-0.05
162882,23.00,0.01,-0.29,24.00,-3.07,-0.77,23.00,0.05,0.00
162942,23.00,0.08,-0.22,24.00,-2.70,-0.15,23.00,-0.07,-0.04
163002,23.00,0.01,-0.13,24.00,-2.19,-0.80,23.00,0.02,-0.02
163062,23.00,-0.02,-0.31,24.00,-1.79,-0.67,23.00,-0.02,-0.07
163122,23.00,-0.07,-0.26,24.00,-1.30,-0.64,23.00,0.04,-0.02
163182,23.00,0.02,-0.13,24.00,-0.68,-0.90,23.00,0.08,-0.04
163243,23.00,0.02,-0.28,24.00,-0.18,-0.58,23.00,-0.04,0.01
163303,23.00,0.07,-0.36,24.00,0.46,-0.17,23.00,0.02,-0.04
163363,23.00,0.02,-0.27,24.00,0.87,-0.26,23.00,0.05,0.06
163423,23.00,0.08,-0.21,24.00,1.41,0.10,23.00,-0.02,-0.11
163483,23.00,-0.14,-0.18,24.00,2.12,-0.44,23.00,0.02,0.02
163543,23.00,0.05,-0.04,24.00,2.54,-0.48,23.00,-0.01,0.00
163603,23.00,0.02,-0.36,24.00,2.85,-0.16,23.00,0.08,-0.01
163664,23.00,-0.04,-0.13,24.00,3.29,-0.12,23.00,-0.04,0.03
163724,23.00,0.08,-0.19,24.00,3.49,0.38,23.00,-0.02,0.05
163784,23.00,-0.14,-0.36,24.00,3.76,0.30,23.00,0.01,-0.03
163844,23.00,0.02,-0.15,24.00,3.71,0.05,23.00,-0.04,-0.07
163904,23.00,-0.12,-0.36,24.00,3.52,0.17,23.00,0.01,-0.05
163964,23.00,-0.04,-0.16,24.00,3.80,0.06,23.00,-0.02,0.05
164024,23.00,-0.12,-0.19,24.00,3.60,-0.48,23.00,-0.04,0.01
164084,23.00,-0.18,-0.24,24.00,3.19,-0.01,23.00,0.05,-0.03
164145,23.00,0.04,-0.08,24.00,3.03,0.32,23.00,-0.01,-0.07
164205,23.00,0.08,-0.17,24.00,2.66,-0.19,23.00,-0.04,-0.09
164265,23.00,0.10,-0.13,24.00,2.41,-0.05,23.00,0.05,-0.03
164325,23.00,-0.01,-0.34,24.00,1.69,-0.22,23.00,-0.02,-0.00
164385,23.00,-0.04,-0.31,24.00,1.09,-0.33,23.00,-0.08,-0.09
164445,23.00,0.01,-0.21,24.00,0.65,-0.06,23.00,-0.01,-0.01
164505,23.00,0.02,-0.14,24.00,-0.07,-0.03,23.00,-0.05,0.02
164566,23.00,0.21,-0.14,24.00,-0.71,0.08,23.00,-0.07,0.06
164626,23.00,0.07,-0.25,24.00,-0.95,-0.59,23.00,-0.02,-0.04
164686,23.00,-0.01,-0.21,24.00,-1.55,-0.22,23.00,-0.05,-0.04
164746,23.00,0.08,-0.20,24.00,-2.34,-0.16,23.00,-0.08,-0.03
164806,23.00,-0.05,-0.22,24.00,-2.69,-0.43,23.00,-0.05,-0.09
164866,23.00,0.08,-0.13,24.00,-2.76,-0.15,23.00,-0.04,-0.06
164926,23.00,-0.07,-0.27,24.00,-3.23,0.07,23.00,-0.01,-0.03
164986,23.00,-0.04,-0.21,24.00,-3.63,-0.23,23.00,0.01,-0.12
165047,23.00,0.07,-0.32,24.00,-3.90,-0.40,23.00,0.08,-0.05
165107,23.00,0.02,-0.27,24.00,-3.76,-0.28,23.00,-0.04,-0.04
165167,23.00,-0.01,0.04,24.00,-3.89,-0.40,23.00,0.05,-0.07
165227,23.00,-0.07,-0.07,24.00,-3.74,-0.76,23.00,-0.02,-0.00
165287,23.00,0.01,-0.28,24.00,-3.13,-0.92,23.00,-0.01,-0.03
165347,23.00,0.15,-0.14,24.00,-2.98,-0.55,23.00,-0.04,-0.07
165407,23.00,-0.08,-0.18,24.00,-2.81,-0.36,23.00,-0.02,-0.05
165468,23.00,-0.07,-0.09,24.00,-2.56,-0.20,23.00,-0.02,0.07
165528,23.00,0.07,-0.36,24.00,-2.06,-0.06,23.00,-0.04,-0.04
165588,23.00,-0.08,-0.29,24.00,-1.60,-0.48,23.00,0.04,-0.13
165648,23.00,0.01,-0.29,24.00,-1.16,-0.12,23.00,0.04,-0.01
165708,23.00,-0.04,-0.22,24.00,-0.46,-0.65,23.00,-0.07,-0.07
165768,23.00,-0.01,-0.12,24.00,0.10,-0.48,23.00,-0.02,-0.02
165828,23.00,0.23,-0.01,24.00,0.64,-0.31,23.00,-0.02,-0.08
165888,23.00,-0.12,-0.13,24.00,1.12,-0.41,23.00,0.01,-0.11
165949,23.00,0.01,-0.16,24.00,1.85,-0.53,23.00,0.02,-0.00
166009,23.00,-0.07,-0.12,24.00,2.25,-0.50,23.00,0.02,0.00
166069,23.00,0.07,-0.28,24.00,2.85,-0.23,23.00,0.02,0.00
166129,23.00,0.11,-0.14,24.00,3.20,0.16,23.00,-0.02,-0.00
166189,23.00,0.01,-0.24,24.00,3.35,0.19,23.00,0.04,0.03
166249,23.00,-0.07,-0.20,24.00,3.36,0.07,23.00,-0.01,-0.00
166309,23.00,-0.01,-0.30,24.00,3.77,-0.10,23.00,0.04,-0.07
166370,23.00,0.02,-0.22,24.00,3.90,0.28,23.00,-0.01,-0.01
166430,23.00,-0.11,-0.28,24.00,4.10,-0.22,23.00,-0.01,-0.07
166490,23.00,0.04,-0.22,24.00,3.57,-0.20,23.00,0.02,-0.08
166550,23.00,-0.12,-0.29,24.00,3.32,0.09,23.00,-0.02,-0.05
166610,23.00,0.01,-0.17,24.00,3.38,-0.09,23.00,0.01,0.03
166670,23.00,-0.04,-0.26,24.00,2.63,0.14,23.00,-0.04,-0.03
166730,23.00,-0.08,-0.21,24.00,2.51,-0.29,23.00,0.01,-0.02
166790,23.00,-0.01,-0.14,24.00,2.03,-0.24,23.00,-0.02,0.02
166851,23.00,0.11,-0.21,24.00,1.38,0.15,23.00,-0.02,0.00
166911,23.00,0.02,-0.15,24.00,0.95,0.08,23.00,0.01,-0.02
166971,23.00,0.05,-0.27,24.00,0.26,-0.00,23.00,-0.01,-0.11
167031,23.00,0.11,-0.16,24.00,-0.15,0.01,23.00,-0.04,0.04
167091,23.00,-0.07,-0.19,24.00,-0.84,0.05,23.00,-0.05,-0.02
167151,23.00,-0.08,-0.23,24.00,-1.28,-0.11,23.00,-0.01,0.00
167211,23.00,0.01,-0.15,24.00,-1.91,0.25,23.00,-0.01,-0.11
167272,23.00,0.11,-0.14,24.00,-2.64,0.33,23.00,0.07,-0.05
167332,23.00,0.04,-0.22,24.00,-2.82,-0.20,23.00,-0.04,-0.03
167392,23.00,-0.21,-0.45,24.00,-3.29,-0.07,23.00,-0.07,-0.04
167452,23.00,-0.08,-0.09,24.00,-3.57,-0.03,23.00,0.02,-0.00
167512,23.00,-0.12,-0.24,24.00,-3.83,0.00,23.00,-0.04,-0.00
167572,23.00,0.02,-0.15,24.00,-3.76,-0.15,23.00,-0.02,-0.04
167632,23.00,-0.05,-0.17,24.00,-3.99,-0.09,23.00,-0.02,0.00
167692,23.00,0.07,-0.22,24.00,-3.80,-0.39,23.00,-0.11,-0.03
167753,23.00,-0.12,-0.15,24.00,-3.63,-0.19,23.00,-0.07,-0.03
167813,23.00,-0.14,-0.16,24.00,-3.55,-0.30,23.00,-0.01,-0.02
167873,23.00,-0.04,-0.15,24.00,-3.26,-0.11,23.00,0.07,0.07
167933,23.00,-0.01,-0.24,24.00,-3.19,-0.08,23.00,-0.02,-0.02
167993,23.00,-0.15,-0.24,24.00,-2.25,0.13,23.00,0.01,0.01
168053,23.00,-0.02,-0.30,24.00,-2.01,-0.18,23.00,0.01,-0.01
168113,23.00,-0.10,-0.16,24.00,-1.24,-0.73,23.00,0.02,0.00
168174,23.00,-0.04,-0.19,24.00,-0.83,-0.70,23.00,-0.02,-0.07
168234,23.00,0.02,-0.22,24.00,-0.20,-0.72,23.00,-0.04,-0.09
168294,23.00,-0.02,0.02,24.00,0.29,-0.11,23.00,-0.05,-0.09
168354,23.00,0.07,-0.10,24.00,0.80,-0.09,23.00,0.04,-0.03
168414,23.00,-0.04,-0.20,24.00,1.65,0.06,23.00,-0.01,-0.04
168474,23.00,0.10,-0.19,24.00,1.66,-0.14,23.00,-0.01,0.02
168534,23.00,0.05,-0.20,24.00,2.40,-0.08,23.00,0.02,-0.07
168594,23.00,0.08,-0.38,24.00,3.01,-0.03,23.00,0.01,-0.07
168655,23.00,-0.12,-0.32,24.00,3.25,-0.00,23.00,-0.02,-0.08
168715,23.00,-0.07,-0.28,24.00,3.36,0.35,23.00,-0.02,0.07
168775,23.00,-0.11,-0.34,24.00,3.88,0.03,23.00,0.08,-0.04
168835,23.00,0.04,-0.07,24.00,3.99,0.01,23.00,0.05,-0.07
168895,23.00,-0.02,-0.28,24.00,3.88,0.12,23.00,0.02,-0.01
168955,23.00,0.01,-0.20,24.00,3.54,0.41,23.00,-0.05,0.04
169015,23.00,0.04,-0.18,24.00,3.52,0.13,23.00,-0.01,0.00
169076,23.00,-0.11,-0.16,24.00,3.41,-0.11,23.00,0.02,-0.10
169136,23.00,-0.05,-0.32,24.00,3.10,-0.08,23.00,0.04,-0.10
169196,23.00,0.18,-0.34,24.00,2.62,0.60,23.00,-0.04,-0.04
169256,23.00,-0.05,-0.29,24.00,2.09,0.05,23.00,0.01,-0.00
169316,23.00,0.07,-0.29,24.00,1.84,0.32,23.00,-0.10,0.00
169376,23.00,0.04,-0.20,24.00,1.16,0.13,23.00,0.07,-0.04
169436,23.00,-0.04,-0.14,24.00,0.55,-0.10,23.00,0.02,-0.03
169497,23.00,-0.17,-0.34,24.00,0.10,0.02,23.00,-0.01,-0.07
169557,23.00,0.01,-0.20,24.00,-0.52,-0.29,23.00,0.02,-0.12
169617,23.00,-0.11,-0.13,24.00,-0.96,0.36,23.00,0.02,-0.01
169677,23.00,-0.18,-0.41,24.00,-1.63,-0.13,23.00,0.05,-0.01
169737,23.00,0.10,0.06,24.00,-2.21,-0.05,23.00,0.05,-0.00
169797,23.00,0.04,-0.29,24.00,-2.50,-0.11,23.00,-0.07,0.01
169857,23.00,-0.17,-0.24,24.00,-2.91,-0.06,23.00,0.04,-0.08
169917,23.00,0.08,-0.09,24.00,-3.32,-0.77,23.00,0.04,-0.00
169978,23.00,0.01,-0.14,24.00,-3.67,-0.38,23.00,-0.04,-0.07
170038,23.00,-0.07,-0.33,24.00,-3.64,-0.52,23.00,-0.04,-0.02
170098,23.00,0.08,-0.30,24.00,-3.76,0.03,23.00,-0.04,-0.07
170158,23.00,-0.04,-0.15,24.00,-3.68,-0.30,23.00,0.01,-0.05
170218,23.00,-0.10,-0.21,24.00,-3.74,0.27,23.00,0.02,-0.00
170278,23.00,0.02,-0.33,24.00,-3.85,0.09,23.00,-0.04,-0.02
170338,23.00,0.02,-0.16,24.00,-3.60,-0.38,23.00,-0.01,0.02
170399,23.00,-0.07,-0.29,24.00,-3.25,-0.27,23.00,0.01,-0.00
170459,23.00,0.01,-0.30,24.00,-2.69,-0.24,23.00,-0.04,-0.05
170519,23.00,0.02,-0.07,24.00,-2.06,-0.37,23.00,-0.02,0.02
170579,23.00,0.04,-0.31,24.00,-1.77,-0.42,23.00,-0.04,0.07
170639,23.00,0.12,-0.30,24.00,-1.09,-0.41,23.00,-0.01,0.01
170699,23.00,-0.02,-0.29,24.00,-0.42,-0.45,23.00,-0.04,-0.05
170759,23.00,-0.08,-0.23,24.00,-0.04,-0.26,23.00,0.07,0.02
170819,23.00,0.05,-0.02,24.00,0.45,-0.70,23.00,0.04,-0.03
170880,23.00,0.21,-0.14,24.00,1.18,-0.00,23.00,-0.07,-0.07
170940,23.00,0.17,-0.17,24.00,1.71,-0.18,23.00,0.04,0.02
171000,23.00,-0.07,-0.17,24.00,1.96,0.07,23.00,-0.01,-0.09
171060,23.00,0.08,-0.13,24.00,2.54,-0.17,23.00,-0.02,-0.01
171120,23.00,-0.02,-0.15,24.00,3.33,-0.33,23.00,0.04,-0.04
171180,23.00,0.02,-0.15,24.00,3.10,-0.03,23.00,-0.05,-0.07
171240,23.00,0.18,-0.18,24.00,3.44,-0.76,23.00,-0.08,0.01
171301,23.00,0.01,-0.21,24.00,3.79,-0.46,23.00,-0.05,-0.09
171361,23.00,-0.12,-0.26,24.00,4.08,-0.21,23.00,0.07,-0.12
171421,23.00,-0.12,-0.23,24.00,4.04,0.07,23.00,-0.01,-0.02
171481,23.00,-0.05,-0.28,24.00,3.95,0.38,23.00,-0.02,-0.02
171541,23.00,-0.02,-0.24,24.00,3.82,-0.17,23.00,0.01,0.00
171601,23.00,0.17,-0.16,24.00,3.22,-0.44,23.00,-0.05,-0.07
171661,23.00,-0.04,-0.21,24.00,2.97,-0.12,23.00,-0.05,0.00
171721,23.00,0.18,-0.26,24.00,2.53,0.31,23.00,0.04,-0.05
171782,23.00,0.02,-0.23,24.00,2.13,0.44,23.00,-0.01,-0.06
171842,23.00,-0.14,-0.21,24.00,1.65,0.17,23.00,0.01,0.01
171902,23.00,0.05,-0.28,24.00,1.00,0.07,23.00,-0.02,-0.04
171962,23.00,-0.12,-0.00,24.00,0.39,0.55,23.00,0.01,0.03
172022,23.00,-0.20,-0.21,24.00,-0.01,-0.04,23.00,0.04,-0.04
172082,23.00,0.01,-0.17,24.00,-0.58,0.15,23.00,-0.04,-0.08
172142,23.00,-0.10,-0.29,24.00,-1.08,-0.27,23.00,0.02,-0.05
172203,23.00,-0.14,-0.18,24.00,-1.77,-0.21,23.00,-0.07,-0.08
172263,23.00,0.01,-0.15,24.00,-2.22,-0.65,23.00,0.02,-0.04
172323,23.00,-0.04,-0.05,24.00,-2.98,-0.12,23.00,0.04,-0.01
172383,23.00,0.11,-0.11,24.00,-3.41,-0.50,23.00,0.02,-0.01
172443,23.00,-0.04,-0.30,24.00,-3.58,-0.46,23.00,-0.05,-0.12
172503,23.00,-0.08,-0.36,24.00,-3.68,-0.65,23.00,-0.02,-0.02
172563,23.00,0.11,-0.28,24.00,-3.88,-0.36,23.00,-0.04,-0.00
172623,23.00,0.04,-0.19,24.00,-3.83,-0.68,23.00,-0.07,0.03
172684,23.00,-0.05,-0.27,24.00,-4.05,-0.42,23.00,0.04,-0.01
172744,23.00,-0.08,-0.29,24.00,-3.60,-0.43,23.00,-0.01,-0.02
172804,23.00,0.11,-0.17,24.00,-3.42,-0.32,23.00,0.02,-0.00
172864,23.00,-0.02,-0.18,24.00,-3.13,-0.41,23.00,0.02,-0.15
172924,23.00,0.01,-0.13,24.00,-2.50,-1.05,23.00,0.01,0.03
172984,23.00,-0.05,-0.18,24.00,-2.45,-0.33,23.00,0.02,-0.08
173044,23.00,0.14,-0.10,24.00,-2.03,-0.60,23.00,-0.02,0.01
173105,23.00,-0.14,-0.15,24.00,-1.65,-0.58,23.00,0.04,-0.06
173165,23.00,-0.14,-0.15,24.00,-0.67,-0.87,23.00,-0.01,-0.02
173225,23.00,0.04,-0.24,24.00,-0.15,-0.67,23.00,0.07,0.01
173285,23.00,0.01,-0.44,24.00,0.34,-0.48,23.00,0.01,0.00
173345,23.00,0.10,-0.22,24.00,0.93,-0.58,23.00,0.02,-0.06
173405,23.00,0.10,-0.23,24.00,1.33,-0.52,23.00,0.05,-0.07
173465,23.00,0.07,-0.29,24.00,1.82,-0.26,23.00,-0.04,-0.02
173525,23.00,0.01,-0.28,24.00,2.59,0.34,23.00,-0.07,0.00
173586,23.00,0.05,-0.23,24.00,2.94,-0.04,23.00,0.01,-0.03
173646,23.00,0.04,-0.26,24.00,2.95,0.13,23.00,-0.07,-0.05
173706,23.00,0.15,-0.11,24.00,3.63,-0.22,23.00,-0.05,0.01
173766,23.00,0.04,-0.35,24.00,3.67,-0.19,23.00,0.07,-0.04
173826,23.00,0.02,-0.15,24.00,3.96,-0.69,23.00,-0.10,-0.07
173886,23.00,-0.01,-0.15,24.00,4.14,0.14,23.00,0.08,-0.10
173946,23.00,0.07,-0.05,24.00,3.82,0.20,23.00,0.01,-0.12
174007,23.00,0.01,-0.14,24.00,3.92,-0.16,23.00,0.01,-0.01
174067,23.00,-0.10,-0.10,24.00,3.73,-0.25,23.00,-0.02,-0.06
174127,23.00,-0.01,-0.28,24.00,3.17,0.11,23.00,-0.01,0.00
174187,23.00,-0.08,-0.25,24.00,2.86,-0.44,23.00,-0.01,-0.05
174247,23.00,0.02,-0.22,24.00,2.18,0.55,23.00,-0.05,-0.03
174307,23.00,0.02,-0.27,24.00,2.10,-0.00,23.00,0.01,-0.02
174367,23.00,0.05,-0.22,24.00,1.30,0.07,23.00,-0.12,-0.03
174428,23.00,0.04,-0.24,24.00,0.87,-0.61,23.00,0.02,-0.06
174488,23.00,0.01,-0.21,24.00,0.20,-0.07,23.00,-0.02,-0.12
174548,23.00,0.07,-0.11,24.00,-0.27,-0.10,23.00,0.05,-0.03
174608,23.00,0.08,-0.14,24.00,-0.99,-0.25,23.00,-0.05,-0.02
174668,23.00,-0.02,-0.12,24.00,-1.50,-0.22,23.00,0.02,-0.05
174728,23.00,-0.04,-0.18,24.00,-2.16,0.05,23.00,0.04,-0.07
174788,23.00,0.10,-0.16,24.00,-2.57,-0.22,23.00,-0.02,0.01
174848,23.00,0.05,-0.11,24.00,-3.11,-0.25,23.00,-0.01,-0.08
174909,23.00,-0.11,-0.28,24.00,-3.32,0.20,23.00,0.02,-0.01
174969,23.00,0.12,-0.16,24.00,-3.49,-0.42,23.00,0.05,0.06
175029,23.00,-0.11,-0.18,24.00,-3.73,-0.30,23.00,0.05,0.07
175089,23.00,0.14,-0.01,24.00,-3.71,-0.39,23.00,-0.04,-0.08
175149,23.00,0.04,-0.12,24.00,-3.73,-0.02,23.00,0.01,0.00
175209,23.00,-0.05,-0.27,24.00,-3.74,-0.97,23.00,-0.01,-0.05
175269,23.00,-0.12,-0.24,24.00,-3.44,-0.20,23.00,-0.04,-0.05
175330,23.00,-0.02,-0.19,24.00,-3.19,-0.17,23.00,-0.05,-0.11
175390,23.00,-0.04,-0.23,24.00,-3.05,-0.30,23.00,-0.02,-0.03
175450,23.00,-0.05,-0.17,24.00,-3.03,-0.95,23.00,-0.05,-0.04
175510,23.00,0.18,-0.22,24.00,-2.03,-0.73,23.00,0.10,0.00
175570,23.00,-0.15,-0.29,24.00,-1.88,-0.87,23.00,-0.02,-0.02
175630,23.00,0.02,-0.29,24.00,-1.19,-0.28,23.00,-0.01,-0.05
175690,23.00,-0.17,-0.24,24.00,-0.81,-0.63,23.00,0.04,-0.05
175750,23.00,-0.05,-0.09,24.00,-0.11,-0.58,23.00,-0.07,-0.06
175811,23.00,-0.11,-0.35,24.00,0.36,-0.15,23.00,-0.04,-0.02
175871,23.00,-0.07,-0.11,24.00,0.86,0.01,23.00,-0.01,0.03
175931,23.00,-0.12,-0.21,24.00,1.60,0.24,23.00,-0.01,-0.05
175991,23.00,0.05,-0.18,24.00,2.25,-0.05,23.00,0.11,0.02
176051,23.00,-0.10,-0.33,24.00,2.50,-0.16,23.00,0.02,0.04
176111,23.00,-0.12,-0.29,24.00,3.04,-0.09,23.00,-0.01,-0.02
176171,23.00,0.12,-0.22,24.00,3.47,-0.16,23.00,-0.04,0.06
176232,23.00,-0.12,-0.24,24.00,3.82,0.04,23.00,0.04,-0.02
176292,23.00,0.01,-0.19,24.00,3.93,0.15,23.00,-0.01,-0.01
176352,23.00,0.02,-0.34,24.00,3.85,0.57,23.00,0.07,-0.02
176412,23.00,-0.04,-0.20,24.00,4.02,0.30,23.00,0.05,-0.09
176472,23.00,0.21,-0.06,24.00,3.88,0.16,23.00,-0.01,-0.01
176532,23.00,-0.04,-0.13,24.00,3.49,-0.01,23.00,0.01,-0.03
176592,23.00,0.02,-0.17,24.00,3.47,-0.35,23.00,0.04,-0.05
176652,23.00,-0.05,-0.21,24.00,3.10,0.11,23.00,0.01,-0.02
176713,23.00,0.23,-0.09,24.00,2.88,-0.39,23.00,-0.01,0.01
176773,23.00,-0.10,-0.16,24.00,2.19,-0.32,23.00,0.05,0.05
176833,23.00,-0.01,-0.27,24.00,1.72,-0.29,23.00,0.04,0.00
176893,23.00,-0.15,-0.14,24.00,1.21,-0.03,23.00,-0.02,0.01
176953,23.00,0.01,-0.22,24.00,0.56,-0.27,23.00,0.02,0.01
177013,23.00,0.05,-0.06,24.00,0.01,-0.00,23.00,-0.01,0.01
177073,23.00,0.02,-0.12,24.00,-0.56,-0.44,23.00,-0.08,-0.07
177134,23.00,-0.11,-0.27,24.00,-1.38,-0.75,23.00,-0.07,0.02
177194,23.00,-0.12,-0.35,24.00,-1.79,-0.12,23.00,-0.01,-0.05
177254,23.00,-0.05,-0.19,24.00,-2.15,-0.01,23.00,-0.01,-0.02
177314,23.00,-0.10,-0.27,24.00,-2.66,-0.25,23.00,-0.02,-0.07
177374,23.00,0.01,-0.17,24.00,-2.98,-0.04,23.00,-0.02,0.01
177434,23.00,0.02,-0.29,24.00,-3.25,0.14,23.00,-0.02,-0.03
177494,23.00,-0.02,-0.41,24.00,-3.60,-0.16,23.00,-0.04,-0.05
177554,23.00,-0.12,-0.15,24.00,-3.85,0.03,23.00,-0.05,0.00
177615,23.00,0.10,0.07,24.00,-4.20,0.15,23.00,0.02,-0.07
177675,23.00,-0.12,-0.41,24.00,-3.63,-0.33,23.00,-0.07,0.00
177735,23.00,0.02,-0.20,24.00,-3.98,-0.36,23.00,-0.01,-0.00
177795,23.00,-0.02,-0.34,24.00,-3.60,-0.44,23.00,0.01,-0.04
177855,23.00,0.02,-0.05,24.00,-3.32,-0.31,23.00,-0.05,-0.03
177915,23.00,-0.05,-0.21,24.00,-3.10,-0.12,23.00,0.04,-0.00
177975,23.00,-0.17,-0.17,24.00,-2.50,-0.42,23.00,0.04,-0.12
178036,23.00,0.02,-0.26,24.00,-1.97,-0.34,23.00,0.02,-0.04
178096,23.00,-0.07,-0.16,24.00,-1.58,-0.25,23.00,0.01,-0.03
178156,23.00,0.14,-0.15,24.00,-0.84,-0.35,23.00,0.01,-0.01
178216,23.00,-0.10,-0.22,24.00,-0.34,-0.75,23.00,0.02,-0.00
178276,23.00,-0.05,-0.14,24.00,-0.02,-0.34,23.00,-0.04,-0.04
178336,23.00,0.14,-0.15,24.00,0.73,-0.58,23.00,-0.01,-0.07
178396,23.00,-0.05,-0.29,24.00,1.21,-0.11,23.00,0.04,-0.03
178456,23.00,-0.01,-0.06,24.00,1.81,-0.39,23.00,0.04,-0.06
178517,23.00,-0.02,-0.20,24.00,2.22,-0.42,23.00,-0.05,-0.00
178577,23.00,-0.08,-0.22,24.00,2.53,0.34,23.00,-0.02,-0.11
178637,23.00,-0.01,-0.17,24.00,3.13,-0.08,23.00,-0.10,-0.06
178697,23.00,0.02,-0.19,24.00,3.29,0.16,23.00,0.01,-0.06
178757,23.00,-0.20,-0.25,24.00,3.67,-0.44,23.00,0.10,-0.03
178817,23.00,-0.10,-0.32,24.00,3.88,0.19,23.00,0.01,0.05
178877,23.00,0.01,-0.28,24.00,3.74,0.12,23.00,-0.02,-0.03
178938,23.00,-0.11,-0.12,24.00,3.57,-0.00,23.00,-0.01,-0.06
178998,23.00,-0.05,-0.29,24.00,3.61,0.07,23.00,-0.05,-0.01
179058,23.00,0.07,-0.09,24.00,3.45,-0.09,23.00,0.08,-0.07
179118,23.00,-0.10,-0.36,24.00,3.38,-0.17,23.00,-0.07,-0.13
179178,23.00,0.02,-0.15,24.00,2.82,0.08,23.00,-0.01,0.03
179238,23.00,-0.05,-0.18,24.00,2.42,-0.17,23.00,-0.04,-0.03
179298,23.00,0.17,-0.14,24.00,2.00,-0.29,23.00,0.02,-0.06
179359,23.00,-0.15,-0.13,24.00,1.15,0.48,23.00,0.01,-0.03
179419,23.00,0.08,-0.22,24.00,0.59,1.14,23.00,0.02,-0.13
179479,23.00,-0.14,-0.20,24.00,0.20,-0.26,23.00,0.02,0.02
179539,23.00,-0.01,-0.22,24.00,-0.30,-0.27,23.00,-0.01,-0.07
179599,23.00,0.04,-0.20,24.00,-1.03,-0.02,23.00,-0.04,-0.04
179659,23.00,0.10,-0.18,24.00,-1.52,0.14,23.00,-0.01,0.01
179719,23.00,0.01,-0.23,24.00,-1.93,-0.25,23.00,0.01,0.01
179779,23.00,0.04,-0.26,24.00,-2.35,-0.26,23.00,-0.01,-0.04
179840,23.00,0.11,-0.15,24.00,-2.82,0.15,23.00,0.01,0.07
179900,23.00,0.15,-0.22,24.00,-3.38,-0.10,23.00,-0.01,-0.05
179960,23.00,0.04,-0.13,24.00,-3.66,-0.05,23.00,-0.05,0.00
180020,23.00,-0.20,-0.24,24.00,-3.61,-0.44,23.00,-0.02,-0.02
180080,23.00,0.02,-0.03,24.00,-3.80,-0.26,23.00,-0.01,-0.03
180140,23.00,0.24,-0.27,24.00,-3.85,-0.43,23.00,0.07,-0.07
180200,23.00,-0.02,-0.25,24.00,-3.70,-0.25,23.00,0.02,-0.06
180261,23.00,0.17,-0.14,24.00,-3.55,-0.11,23.00,-0.02,-0.04
180321,23.00,0.01,-0.21,24.00,-3.41,-0.44,23.00,-0.02,-0.00
180381,23.00,0.07,-0.10,24.00,-3.07,-0.57,23.00,0.02,0.04
180441,23.00,-0.10,-0.12,24.00,-2.82,-0.15,23.00,-0.05,0.01
180501,23.00,-0.05,-0.22,24.00,-1.99,-0.74,23.00,0.07,-0.00
180561,23.00,0.18,-0.16,24.00,-1.52,-0.61,23.00,0.02,-0.01
180621,23.00,0.07,-0.15,24.00,-1.33,-0.61,23.00,-0.02,0.03
180681,23.00,-0.02,-0.27,24.00,-0.48,-0.07,23.00,-0.04,-0.09
180742,23.00,-0.05,-0.23,24.00,-0.11,-0.28,23.00,-0.05,-0.05
180802,23.00,-0.04,-0.14,24.00,0.27,-0.54,23.00,0.04,-0.05
180862,23.00,0.07,-0.20,24.00,0.97,-0.57,23.00,0.04,0.00
180922,23.00,0.12,-0.18,24.00,1.52,-0.20,23.00,0.04,-0.06
180982,23.00,-0.01,-0.28,24.00,1.91,-0.00,23.00,0.04,0.01
181042,23.00,0.10,-0.13,24.00,2.53,-0.22,23.00,-0.02,-0.06
181102,23.00,-0.18,-0.20,24.00,3.03,0.15,23.00,-0.02,-0.06
181163,23.00,0.01,-0.21,24.00,3.45,0.03,23.00,0.04,-0.07
181223,23.00,0.01,-0.11,24.00,3.47,0.02,23.00,-0.04,-0.07
181283,23.00,0.17,-0.15,24.00,3.71,-0.42,23.00,0.05,0.02
181343,23.00,0.12,-0.01,24.00,3.95,-0.40,23.00,-0.10,-0.00
181403,23.00,0.07,-0.40,24.00,4.14,0.32,23.00,0.08,-0.02
181463,23.00,0.05,-0.25,24.00,3.98,0.06,23.00,-0.02,-0.07
181523,23.00,-0.14,-0.12,24.00,3.85,-0.39,23.00,0.04,-0.03
181583,23.00,0.07,-0.16,24.00,3.10,0.41,23.00,-0.05,-0.07
181644,23.00,0.10,-0.25,24.00,3.04,-0.12,23.00,-0.04,-0.05
181704,23.00,-0.08,-0.03,24.00,2.78,0.15,23.00,-0.01,-0.06
181764,23.00,-0.07,-0.12,24.00,2.23,0.27,23.00,-0.02,-0.06
181824,23.00,0.07,-0.11,24.00,1.88,0.11,23.00,-0.02,-0.07
181884,23.00,-0.01,-0.15,24.00,1.43,0.03,23.00,-0.04,-0.09
181944,23.00,-0.01,-0.21,24.00,0.99,0.02,23.00,0.04,-0.14
182004,23.00,0.21,-0.06,24.00,0.11,-0.01,23.00,-0.04,-0.04
182065,23.00,-0.07,-0.28,24.00,-0.49,-0.07,23.00,-0.05,0.01
182125,23.00,-0.14,-0.22,24.00,-0.90,-0.46,23.00,-0.04,0.07
182185,23.00,-0.17,-0.20,24.00,-1.68,-0.17,23.00,-0.01,-0.05
182245,23.00,-0.10,-0.22,24.00,-2.44,0.06,23.00,-0.04,-0.00
182305,23.00,-0.05,-0.21,24.00,-2.75,-0.54,23.00,-0.01,-0.06
182365,23.00,0.01,-0.31,24.00,-3.16,-0.39,23.00,-0.04,-0.07
182425,23.00,-0.02,-0.07,24.00,-3.52,0.06,23.00,0.01,0.00
182485,23.00,0.01,-0.23,24.00,-3.66,-0.27,23.00,0.02,-0.00
182546,23.00,-0.12,-0.31,24.00,-4.02,-0.20,23.00,0.01,0.05
182606,23.00,0.02,-0.25,24.00,-3.88,-0.33,23.00,-0.01,-0.09
182666,23.00,0.02,-0.30,24.00,-4.01,-0.21,23.00,0.02,0.01
182726,23.00,-0.11,-0.23,24.00,-3.74,-0.53,23.00,0.05,-0.02
182786,23.00,-0.12,-0.18,24.00,-3.54,-0.33,23.00,0.01,-0.02
182846,23.00,0.02,-0.28,24.00,-3.20,-0.62,23.00,0.10,0.06
182906,23.00,-0.01,-0.19,24.00,-2.95,-0.71,23.00,-0.01,-0.01
182967,23.00,-0.02,-0.08,24.00,-2.69,-0.04,23.00,-0.02,0.01
183027,23.00,0.14,-0.24,24.00,-2.40,-0.12,23.00,0.08,-0.00
183087,23.00,-0.04,-0.29,24.00,-1.77,-0.35,23.00,0.02,-0.07
183147,23.00,-0.01,-0.19,24.00,-1.28,-0.25,23.00,0.02,-0.08
183207,23.00,-0.04,-0.23,24.00,-0.67,-0.63,23.00,-0.02,-0.02
183267,23.00,-0.04,-0.07,24.00,0.18,-0.46,23.00,-0.02,-0.03
183327,23.00,-0.02,-0.24,24.00,0.80,-0.36,23.00,0.01,0.04
183387,23.00,-0.10,-0.27,24.00,1.18,-0.36,23.00,-0.02,0.03
183448,23.00,0.02,-0.22,24.00,1.77,0.00,23.00,-0.05,0.00
183508,23.00,-0.10,-0.27,24.00,2.45,-0.03,23.00,-0.01,-0.07
183568,23.00,-0.12,-0.27,24.00,2.79,0.10,23.00,0.01,-0.00
183628,23.00,0.04,-0.27,24.00,2.82,-0.08,23.00,-0.07,-0.01
183688,23.00,0.18,-0.19,24.00,3.07,-0.21,23.00,-0.04,0.00
183748,23.00,-0.04,-0.27,24.00,3.60,-0.35,23.00,0.01,-0.06
183808,23.00,0.01,-0.39,24.00,3.60,-0.38,23.00,0.05,-0.03
183869,23.00,-0.02,-0.20,24.00,3.90,-0.36,23.00,0.07,-0.14
183929,23.00,0.05,-0.25,24.00,3.58,-0.09,23.00,0.02,-0.08
183989,23.00,0.08,-0.25,24.00,3.47,-0.17,23.00,-0.04,-0.09
184049,23.00,0.15,-0.14,24.00,3.55,0.08,23.00,0.02,0.05
184109,23.00,-0.02,-0.26,24.00,3.26,0.33,23.00,-0.02,-0.05
184169,23.00,0.04,-0.26,24.00,2.73,0.26,23.00,-0.01,-0.01
184229,23.00,-0.23,-0.30,24.00,2.23,0.26,23.00,0.02,-0.03
184289,23.00,0.05,-0.18,24.00,1.79,0.02,23.00,0.01,-0.09
184350,23.00,0.04,-0.15,24.00,1.18,-0.07,23.00,-0.08,-0.01
184410,23.00,-0.07,-0.39,24.00,0.92,-0.06,23.00,-0.02,-0.02
184470,23.00,-0.05,-0.12,24.00,0.43,-0.24,23.00,-0.04,-0.02
184530,23.00,0.05,-0.23,24.00,-0.14,0.05,23.00,0.04,0.00
184590,23.00,0.11,-0.24,24.00,-0.64,-0.22,23.00,0.02,-0.11
184650,23.00,0.08,-0.29,24.00,-1.52,-0.35,23.00,0.01,-0.08
184710,23.00,0.05,-0.32,24.00,-1.79,-0.03,23.00,-0.04,-0.04
184771,23.00,0.14,-0.15,24.00,-2.81,0.51,23.00,-0.05,-0.09
184831,23.00,-0.04,-0.17,24.00,-2.70,-0.45,23.00,0.01,-0.06
184891,23.00,-0.02,-0.29,24.00,-3.11,-0.05,23.00,0.01,0.00
184951,23.00,-0.01,-0.07,24.00,-3.74,0.06,23.00,0.07,-0.07
185011,23.00,-0.01,-0.24,24.00,-3.70,0.26,23.00,-0.04,-0.01
185071,23.00,-0.11,-0.16,24.00,-4.01,-0.54,23.00,-0.02,-0.03
185131,23.00,-0.07,-0.21,24.00,-4.14,0.15,23.00,0.01,0.03
185192,23.00,-0.08,-0.29,24.00,-3.64,-0.72,23.00,-0.07,-0.09
185252,23.00,-0.15,-0.28,24.00,-3.77,-0.93,23.00,0.05,-0.07
185312,23.00,-0.17,-0.09,24.00,-3.64,-0.86,23.00,0.07,0.07
185372,23.00,-0.11,-0.21,24.00,-3.35,-0.09,23.00,-0.07,0.02
185432,23.00,-0.01,-0.06,24.00,-2.79,-0.45,23.00,-0.02,-0.05
185492,23.00,-0.04,-0.21,24.00,-2.37,-0.72,23.00,-0.02,-0.06
185552,23.00,-0.01,-0.24,24.00,-1.74,0.09,23.00,-0.07,-0.05
185612,23.00,-0.12,-0.17,24.00,-1.38,-0.67,23.00,0.02,0.04
185673,23.00,-0.08,-0.23,24.00,-0.89,-1.15,23.00,0.02,-0.06
185733,23.00,0.01,-0.29,24.00,-0.29,-0.44,23.00,-0.05,-0.05
185793,23.00,0.01,-0.16,24.00,0.42,-0.36,23.00,-0.01,-0.07
185853,23.00,0.10,-0.33,24.00,0.84,-0.31,23.00,-0.07,-0.03
185913,23.00,-0.08,-0.25,24.00,1.34,0.10,23.00,0.02,-0.00
185973,23.00,-0.04,-0.25,24.00,1.87,-0.42,23.00,-0.08,-0.00
186033,23.00,0.18,-0.17,24.00,2.50,-0.49,23.00,-0.01,-0.03
186094,23.00,0.02,-0.29,24.00,3.22,-0.33,23.00,-0.04,-0.06
186154,23.00,0.02,-0.29,24.00,2.82,0.21,23.00,0.01,-0.00
186214,23.00,-0.02,-0.22,24.00,3.35,-0.15,23.00,-0.04,-0.04
186274,23.00,0.15,-0.26,24.00,3.82,0.02,23.00,0.04,0.00
186334,23.00,0.05,-0.19,24.00,3.64,0.29,23.00,-0.01,-0.03
186394,23.00,0.15,-0.20,24.00,3.82,-0.39,23.00,0.01,-0.07
186454,23.00,-0.07,-0.18,24.00,3.68,-0.06,23.00,-0.02,-0.08
186514,23.00,-0.08,-0.25,24.00,3.73,-0.22,23.00,-0.04,-0.03
186575,23.00,-0.04,-0.14,24.00,3.35,-0.16,23.00,-0.02,-0.04
186635,23.00,0.01,-0.31,24.00,3.17,-0.23,23.00,-0.02,-0.02
186695,23.00,0.04,-0.11,24.00,2.50,0.27,23.00,-0.11,-0.03
186755,23.00,-0.02,-0.27,24.00,2.28,-0.04,23.00,-0.02,0.01
186815,23.00,0.02,-0.03,24.00,1.78,0.29,23.00,-0.02,-0.03
186875,23.00,-0.15,-0.15,24.00,1.30,0.14,23.00,0.02,-0.05
186935,23.00,0.01,-0.19,24.00,0.74,-0.25,23.00,-0.02,-0.08
186996,23.00,-0.04,-0.22,24.00,0.20,-0.11,23.00,-0.04,-0.06
187056,23.00,-0.02,-0.21,24.00,-0.55,-0.15,23.00,-0.10,-0.07
187116,23.00,0.01,-0.27,24.00,-1.15,0.06,23.00,-0.04,-0.07
187176,23.00,0.02,-0.31,24.00,-1.59,0.16,23.00,0.04,-0.05
187236,23.00,-0.01,-0.27,24.00,-1.91,-0.30,23.00,0.04,-0.11
187296,23.00,-0.05,-0.17,24.00,-2.53,0.36,23.00,-0.02,0.04
187356,23.00,0.02,-0.15,24.00,-3.04,0.20,23.00,0.01,-0.04
187416,23.00,-0.11,-0.28,24.00,-3.23,-0.19,23.00,0.05,0.00
187477,23.00,-0.02,-0.26,24.00,-3.66,-0.70,23.00,-0.07,-0.07
187537,23.00,-0.07,-0.08,24.00,-3.74,-0.07,23.00,-0.07,0.03
187597,23.00,-0.10,-0.22,24.00,-3.54,-0.04,23.00,0.02,-0.03
187657,23.00,0.02,-0.12,24.00,-3.73,-0.62,23.00,-0.05,-0.02
187717,23.00,-0.02,-0.25,24.00,-3.74,-0.47,23.00,-0.04,-0.01
187777,23.00,-0.04,-0.29,24.00,-3.66,-0.22,23.00,0.01,-0.08
187837,23.00,0.08,-0.18,24.00,-3.36,-0.56,23.00,-0.08,0.02
187898,23.00,-0.01,-0.15,24.00,-2.82,-0.38,23.00,0.07,-0.04
187958,23.00,0.12,-0.12,24.00,-2.54,0.16,23.00,-0.01,-0.04
188018,23.00,0.05,-0.14,24.00,-2.23,-0.44,23.00,-0.02,-0.00
188078,23.00,-0.04,-0.27,24.00,-1.82,-0.05,23.00,0.04,-0.01
188138,23.00,0.11,-0.23,24.00,-1.24,-0.31,23.00,-0.05,-0.06
188198,23.00,0.05,-0.24,24.00,-0.62,-0.45,23.00,0.01,-0.01
188258,23.00,0.14,-0.14,24.00,-0.12,-0.48,23.00,0.05,0.02
188318,23.00,-0.07,-0.26,24.00,0.46,-0.24,23.00,-0.02,0.04
188379,23.00,0.02,-0.19,24.00,1.05,-0.11,23.00,0.02,-0.07
188439,23.00,-0.07,-0.43,24.00,1.50,-0.50,23.00,0.01,0.00
188499,23.00,-0.07,-0.16,24.00,2.26,0.13,23.00,-0.10,-0.12
188559,23.00,0.15,-0.08,24.00,2.66,-0.19,23.00,0.04,0.00
188619,23.00,0.01,-0.23,24.00,2.95,0.38,23.00,0.07,-0.03
188679,23.00,0.07,-0.22,24.00,3.27,0.06,23.00,0.01,-0.15
188739,23.00,0.11,-0.19,24.00,3.90,-0.21,23.00,-0.01,-0.00
188800,23.00,0.01,-0.24,24.00,3.66,0.31,23.00,0.10,-0.03
188860,23.00,-0.01,-0.23,24.00,3.63,0.28,23.00,0.01,-0.07
188920,23.00,0.08,-0.25,24.00,3.77,0.38,23.00,-0.01,-0.00
188980,23.00,-0.12,-0.21,24.00,3.54,-0.02,23.00,0.01,-0.07
189040,23.00,0.08,-0.05,24.00,3.61,0.16,23.00,-0.04,-0.07
189100,23.00,0.14,-0.24,24.00,3.27,-0.17,23.00,-0.01,-0.03
189160,23.00,-0.01,-0.14,24.00,2.79,-0.06,23.00,0.04,0.04
189220,23.00,0.18,-0.23,24.00,2.42,0.61,23.00,-0.05,-0.11
189281,23.00,0.02,-0.16,24.00,1.82,0.92,23.00,-0.04,-0.07
189341,23.00,0.11,-0.29,24.00,1.59,0.05,23.00,0.02,0.03
189401,23.00,-0.11,-0.19,24.00,0.92,0.65,23.00,-0.01,-0.00
189461,23.00,0.20,-0.24,24.00,0.48,0.45,23.00,-0.04,-0.02
189521,23.00,-0.10,-0.20,24.00,-0.08,-0.32,23.00,-0.02,-0.09
189581,23.00,0.12,-0.20,24.00,-0.83,-0.09,23.00,-0.08,-0.06
189641,23.00,0.10,-0.25,24.00,-1.00,0.11,23.00,0.05,-0.04
189702,23.00,-0.17,-0.41,24.00,-1.68,-0.02,23.00,0.01,-0.04
189762,23.00,0.01,-0.36,24.00,-2.09,-0.50,23.00,-0.07,-0.06
189822,23.00,-0.01,-0.36,24.00,-2.56,-0.19,23.00,-0.04,-0.02
189882,23.00,-0.08,-0.23,24.00,-2.88,-0.47,23.00,-0.05,-0.07
189942,23.00,0.11,-0.18,24.00,-3.38,-0.18,23.00,-0.01,-0.00
190002,23.00,-0.08,-0.40,24.00,-3.32,-0.17,23.00,0.01,0.01
190062,23.00,-0.07,-0.37,24.00,-3.55,-0.26,23.00,0.05,0.00
190123,23.00,0.05,-0.19,24.00,-3.80,-0.21,23.00,-0.02,-0.04
190183,23.00,-0.20,-0.17,24.00,-3.83,0.11,23.00,-0.01,-0.03
190243,23.00,0.02,-0.11,24.00,-3.66,-0.07,23.00,0.01,-0.04
190303,23.00,0.15,-0.20,24.00,-3.36,0.19,23.00,-0.02,-0.00
190363,23.00,0.11,-0.23,24.00,-3.33,0.01,23.00,0.01,0.06
190423,23.00,-0.10,-0.30,24.00,-2.66,-0.34,23.00,0.02,-0.01
190483,23.00,0.02,-0.15,24.00,-2.41,-0.15,23.00,0.01,0.07
190543,23.00,0.08,-0.29,24.00,-2.13,-0.51,23.00,0.04,-0.07
190604,23.00,-0.10,-0.18,24.00,-1.43,-0.62,23.00,0.07,-0.07
190664,23.00,-0.14,-0.24,24.00,-0.55,-0.58,23.00,-0.08,-0.04
190724,23.00,-0.12,-0.27,24.00,-0.34,-0.66,23.00,-0.02,-0.11
190784,23.00,-0.05,-0.08,24.00,0.29,-0.32,23.00,-0.02,-0.04
190844,23.00,0.05,-0.23,24.00,0.70,-0.51,23.00,0.07,-0.07
190904,23.00,-0.07,-0.12,24.00,1.36,-0.58,23.00,-0.01,0.04
190964,23.00,0.11,-0.22,24.00,2.12,-0.07,23.00,-0.01,0.02
191025,23.00,-0.02,-0.22,24.00,2.51,0.16,23.00,0.05,-0.04
191085,23.00,-0.07,-0.13,24.00,2.67,-0.08,23.00,0.02,-0.02
191145,23.00,0.04,-0.27,24.00,3.16,-0.36,23.00,0.01,-0.04
191205,23.00,-0.02,-0.18,24.00,3.45,0.15,23.00,-0.07,-0.01
191265,23.00,-0.07,-0.11,24.00,3.88,-0.23,23.00,0.02,-0.02
191325,23.00,0.02,-0.11,24.00,3.83,-0.46,23.00,-0.01,-0.04
191385,23.00,0.04,-0.18,24.00,3.73,0.10,23.00,-0.08,-0.05
191445,23.00,0.08,-0.19,24.00,3.98,-0.36,23.00,-0.05,-0.02
191506,23.00,0.02,-0.30,24.00,3.93,0.16,23.00,0.04,0.05
191566,23.00,-0.04,-0.21,24.00,3.67,-0.06,23.00,0.01,-0.13
191626,23.00,-0.08,-0.22,24.00,3.08,0.43,23.00,-0.04,0.01
191686,23.00,-0.05,-0.22,24.00,3.01,-0.12,23.00,0.02,-0.09
191746,23.00,-0.01,-0.21,24.00,2.34,-0.01,23.00,0.01,0.02
191806,23.00,-0.01,-0.14,24.00,2.07,-0.33,23.00,0.04,-0.09
191866,23.00,0.08,-0.06,24.00,1.33,-0.31,23.00,-0.02,-0.04
191927,23.00,-0.05,-0.20,24.00,1.12,0.02,23.00,-0.02,-0.06
191987,23.00,-0.01,-0.07,24.00,0.27,-0.41,23.00,-0.05,-0.02
192047,23.00,0.07,-0.27,24.00,-0.45,-0.42,23.00,-0.05,0.01
192107,23.00,-0.02,-0.15,24.00,-0.86,-0.40,23.00,0.08,-0.09
192167,23.00,0.17,-0.22,24.00,-1.33,-0.08,23.00,-0.02,-0.07
192227,23.00,0.10,-0.23,24.00,-2.18,0.22,23.00,0.07,-0.09
192287,23.00,-0.02,-0.22,24.00,-2.72,-0.10,23.00,0.02,-0.01
192347,23.00,-0.04,-0.15,24.00,-2.66,-0.22,23.00,0.04,0.00
192408,23.00,0.05,-0.22,24.00,-3.58,0.04,23.00,0.01,0.03
192468,23.00,-0.07,-0.10,24.00,-3.67,-0.07,23.00,0.01,0.01
192528,23.00,-0.18,-0.15,24.00,-3.60,-0.01,23.00,-0.05,0.00
192588,23.00,-0.18,-0.29,24.00,-3.86,-0.24,23.00,0.07,-0.03
192648,23.00,-0.05,-0.17,24.00,-4.10,-0.38,23.00,-0.07,-0.09
192708,23.00,-0.04,-0.22,24.00,-3.58,-0.73,23.00,-0.02,-0.03
192768,23.00,0.01,-0.31,24.00,-3.73,-0.75,23.00,-0.02,0.00
192829,23.00,-0.04,-0.22,24.00,-3.29,-0.42,23.00,-0.02,-0.04
192889,23.00,-0.07,-0.26,24.00,-3.14,-0.37,23.00,-0.07,0.01
192949,23.00,-0.10,-0.31,24.00,-2.73,-0.98,23.00,-0.01,0.03
193009,23.00,0.08,0.01,24.00,-2.47,-0.83,23.00,0.02,-0.07
193069,23.00,-0.02,-0.15,24.00,-1.60,-0.77,23.00,-0.05,-0.07
193129,23.00,0.02,-0.15,24.00,-1.15,-0.33,23.00,-0.01,-0.08
193189,23.00,-0.10,-0.15,24.00,-0.65,-0.47,23.00,-0.01,0.02
193249,23.00,-0.07,-0.29,24.00,-0.24,-0.55,23.00,0.01,-0.02
193310,23.00,-0.07,-0.22,24.00,0.61,-0.38,23.00,-0.04,-0.07
193370,23.00,0.14,-0.31,24.00,1.06,-0.49,23.00,-0.05,-0.02
193430,23.00,-0.20,-0.21,24.00,1.50,-0.18,23.00,-0.02,-0.08
193490,23.00,-0.10,-0.24,24.00,2.22,-0.65,23.00,0.04,-0.01
193550,23.00,0.01,-0.23,24.00,2.50,0.15,23.00,0.02,-0.03
193610,23.00,-0.07,-0.33,24.00,2.84,-0.43,23.00,-0.02,-0.05
193670,23.00,0.05,-0.24,24.00,3.41,-0.47,23.00,-0.05,0.02
193731,23.00,0.02,-0.20,24.00,3.47,0.08,23.00,0.07,0.02
193791,23.00,-0.05,-0.28,24.00,3.88,-0.19,23.00,-0.02,-0.07
193851,23.00,0.07,-0.17,24.00,3.79,0.12,23.00,-0.04,-0.07
193911,23.00,0.11,-0.44,24.00,3.68,-0.50,23.00,0.05,-0.07
193971,23.00,-0.14,-0.32,24.00,3.74,-0.49,23.00,-0.05,-0.08
194031,23.00,-0.10,-0.05,24.00,3.63,-0.32,23.00,-0.01,-0.06
194091,23.00,-0.12,-0.22,24.00,3.60,-0.12,23.00,-0.02,-0.07
194151,23.00,-0.12,-0.22,24.00,3.07,-0.00,23.00,-0.05,-0.13
194212,23.00,-0.04,-0.23,24.00,2.78,-0.48,23.00,0.05,-0.09
194272,23.00,0.05,-0.09,24.00,2.54,-0.22,23.00,-0.02,-0.07
194332,23.00,-0.07,-0.24,24.00,1.68,-0.23,23.00,-0.07,-0.00
194392,23.00,0.12,-0.14,24.00,1.43,-0.69,23.00,0.02,-0.06
194452,23.00,-0.07,-0.12,24.00,0.70,-0.44,23.00,-0.04,-0.06
194512,23.00,-0.05,-0.14,24.00,0.10,-0.28,23.00,-0.01,-0.02
194572,23.00,-0.15,-0.29,24.00,-0.71,-0.27,23.00,0.01,0.04
194633,23.00,0.01,-0.13,24.00,-1.22,-1.05,23.00,-0.01,-0.06
194693,23.00,-0.07,-0.06,24.00,-1.84,-0.05,23.00,-0.02,-0.10
194753,23.00,0.05,-0.18,24.00,-2.19,0.10,23.00,0.02,0.00
194813,23.00,0.14,-0.27,24.00,-2.82,0.22,23.00,-0.01,-0.08
194873,23.00,-0.07,-0.28,24.00,-3.03,0.11,23.00,0.04,-0.00
194933,23.00,0.10,-0.30,24.00,-3.51,-0.21,23.00,-0.02,-0.06
194993,23.00,0.02,-0.24,24.00,-3.55,0.20,23.00,0.10,0.01
195054,23.00,0.01,-0.15,24.00,-3.85,-0.03,23.00,0.02,-0.01
195114,23.00,0.17,-0.14,24.00,-4.07,-0.15,23.00,-0.01,-0.08
195174,23.00,0.01,-0.23,24.00,-3.88,-0.65,23.00,0.02,0.00
195234,23.00,-0.12,-0.14,24.00,-3.79,-0.44,23.00,-0.01,0.05
195294,23.00,-0.05,-0.22,24.00,-3.54,-0.21,23.00,-0.04,0.00
195354,23.00,-0.07,-0.20,24.00,-3.30,-0.22,23.00,-0.04,-0.05
195414,23.00,-0.11,-0.12,24.00,-3.05,-0.25,23.00,-0.01,-0.04
195474,23.00,-0.05,-0.31,24.00,-2.69,-1.03,23.00,0.05,-0.03
195535,23.00,0.11,-0.34,24.00,-2.06,-0.66,23.00,-0.07,-0.11
195595,23.00,0.04,-0.12,24.00,-1.63,-0.30,23.00,-0.01,0.00
195655,23.00,0.04,-0.20,24.00,-1.11,-0.29,23.00,0.01,-0.05
195715,23.00,0.12,-0.15,24.00,-0.24,-0.36,23.00,0.01,0.04
195775,23.00,-0.07,-0.21,24.00,0.05,-0.17,23.00,-0.01,-0.06
195835,23.00,0.02,-0.25,24.00,0.64,-0.62,23.00,-0.04,0.04
195895,23.00,-0.01,-0.17,24.00,1.24,-0.06,23.00,0.02,-0.10
195955,23.00,0.02,-0.20,24.00,1.46,-0.43,23.00,-0.08,0.03
196016,23.00,0.01,-0.23,24.00,2.32,-0.53,23.00,0.02,-0.02
196076,23.00,-0.11,-0.17,24.00,2.51,-0.07,23.00,0.04,-0.04
196136,23.00,0.17,0.00,24.00,3.00,-0.22,23.00,-0.05,-0.03
196196,23.00,-0.07,-0.18,24.00,3.33,0.22,23.00,0.02,-0.09
196256,23.00,-0.04,-0.29,24.00,3.86,-0.36,23.00,0.01,-0.00
196316,23.00,0.07,-0.29,24.00,3.74,0.25,23.00,-0.01,-0.08
196376,23.00,-0.07,-0.14,24.00,3.93,-0.23,23.00,0.14,-0.01
196437,23.00,-0.07,-0.28,24.00,3.76,-0.00,23.00,-0.11,0.00
196497,23.00,0.05,-0.19,24.00,3.76,0.10,23.00,0.04,-0.07
196557,23.00,0.02,-0.19,24.00,3.36,0.05,23.00,-0.02,-0.06
196617,23.00,-0.04,-0.17,24.00,3.38,-0.08,23.00,0.04,-0.07
196677,23.00,-0.05,-0.25,24.00,2.75,0.22,23.00,-0.04,-0.06
196737,23.00,-0.07,-0.21,24.00,2.50,-0.07,23.00,-0.07,-0.06
196797,23.00,-0.07,-0.23,24.00,1.87,-0.29,23.00,-0.04,-0.04
196858,23.00,-0.05,-0.07,24.00,1.46,-0.06,23.00,-0.02,-0.06
196918,23.00,-0.05,-0.16,24.00,0.75,0.49,23.00,0.02,-0.03
196978,23.00,-0.01,-0.22,24.00,0.43,-0.10,23.00,0.01,-0.00
197038,23.00,-0.14,-0.24,24.00,-0.34,-0.10,23.00,-0.01,-0.03
197098,23.00,-0.20,-0.17,24.00,-0.89,0.36,23.00,0.02,-0.04
197158,23.00,-0.04,-0.22,24.00,-1.59,-0.07,23.00,0.02,0.00
197218,23.00,-0.07,-0.21,24.00,-1.91,-0.32,23.00,-0.10,0.07
197278,23.00,-0.02,-0.17,24.00,-2.29,-0.22,23.00,-0.01,-0.07
197339,23.00,-0.14,-0.15,24.00,-3.00,0.43,23.00,-0.01,-0.04
197399,23.00,0.07,-0.14,24.00,-3.23,-0.23,23.00,0.02,-0.03
197459,23.00,-0.05,-0.16,24.00,-3.80,-0.15,23.00,0.02,0.02
197519,23.00,-0.02,-0.22,24.00,-3.58,-0.36,23.00,0.05,0.00
197579,23.00,0.02,-0.26,24.00,-3.89,-0.16,23.00,0.07,0.04
197639,23.00,0.02,-0.13,24.00,-3.86,-0.60,23.00,-0.01,-0.09
197699,23.00,0.02,-0.10,24.00,-3.88,-0.29,23.00,0.07,-0.08
197760,23.00,0.12,-0.15,24.00,-3.70,-0.29,23.00,0.04,0.00
197820,23.00,0.18,-0.03,24.00,-3.48,-0.66,23.00,0.01,-0.07
197880,23.00,0.12,-0.15,24.00,-3.33,-0.60,23.00,-0.08,-0.09
197940,23.00,-0.10,-0.22,24.00,-3.00,0.10,23.00,-0.04,-0.04
198000,23.00,0.02,-0.23,24.00,-2.47,-0.50,23.00,-0.02,-0.02
198060,23.00,0.11,-0.11,24.00,-1.79,0.06,23.00,-0.07,-0.00
198120,23.00,0.15,-0.23,24.00,-1.37,-0.58,23.00,-0.04,-0.02
198180,23.00,-0.05,-0.15,24.00,-0.71,-0.58,23.00,0.01,-0.02
198241,23.00,-0.14,-0.29,24.00,-0.24,-0.44,23.00,-0.04,0.03
198301,23.00,-0.15,-0.20,24.00,0.36,-0.42,23.00,-0.04,-0.05
198361,23.00,0.02,-0.29,24.00,1.16,-0.08,23.00,0.04,-0.02
198421,23.00,-0.17,-0.30,24.00,1.49,0.29,23.00,-0.02,-0.04
198481,23.00,0.10,-0.10,24.00,1.84,0.26,23.00,0.04,-0.09
198541,23.00,0.15,-0.17,24.00,2.41,-0.11,23.00,0.02,0.02
198601,23.00,-0.01,-0.15,24.00,3.01,0.39,23.00,-0.07,-0.07
198662,23.00,0.02,0.02,24.00,3.26,0.10,23.00,-0.01,-0.06
198722,23.00,-0.10,-0.12,24.00,3.47,-0.42,23.00,0.01,0.01
198782,23.00,-0.07,-0.30,24.00,3.95,-0.44,23.00,0.01,-0.01
198842,23.00,0.17,-0.26,24.00,4.07,-0.22,23.00,0.08,-0.00
198902,23.00,-0.07,-0.18,24.00,3.67,0.15,23.00,-0.07,-0.02
198962,23.00,-0.05,-0.23,24.00,3.85,0.38,23.00,-0.01,0.00
199022,23.00,0.01,-0.16,24.00,3.39,0.05,23.00,0.01,-0.04
199082,23.00,-0.02,-0.31,24.00,3.22,-0.17,23.00,-0.01,-0.03
199143,23.00,0.02,-0.25,24.00,3.23,-0.58,23.00,0.02,0.01
199203,23.00,0.24,-0.19,24.00,2.75,0.27,23.00,0.05,-0.05
199263,23.00,0.08,-0.30,24.00,2.23,0.04,23.00,-0.07,-0.06
199323,23.00,-0.10,-0.24,24.00,1.81,-0.21,23.00,-0.02,-0.01
199383,23.00,0.17,-0.18,24.00,1.08,0.10,23.00,-0.05,-0.05
199443,23.00,0.08,-0.22,24.00,0.48,0.28,23.00,0.04,0.01
199503,23.00,-0.04,-0.07,24.00,-0.12,-0.06,23.00,-0.02,-0.08
199564,23.00,0.04,-0.10,24.00,-0.68,-0.19,23.00,-0.07,0.04
199624,23.00,0.05,-0.32,24.00,-0.90,0.10,23.00,-0.02,0.03
199684,23.00,-0.10,-0.36,24.00,-1.81,-0.27,23.00,0.01,-0.12
199744,23.00,0.01,-0.31,24.00,-2.22,0.12,23.00,0.02,-0.08
199804,23.00,0.04,-0.05,24.00,-2.60,-0.44,23.00,0.04,-0.09
199864,23.00,-0.01,-0.12,24.00,-2.92,-0.38,23.00,0.01,-0.00
199924,23.00,0.05,-0.22,24.00,-3.17,-0.36,23.00,-0.04,-0.11
199985,23.00,-0.08,-0.10,24.00,-3.70,-0.60,23.00,0.01,-0.02
200045,23.00,-0.01,-0.17,24.00,-4.08,-0.01,23.00,-0.01,-0.07
200105,23.00,-0.02,-0.28,24.00,-3.76,-0.58,23.00,-0.04,-0.05
200165,23.00,0.02,-0.33,24.00,-3.86,-0.32,23.00,-0.01,-0.00
200225,23.00,0.07,-0.22,24.00,-3.51,-0.35,23.00,-0.04,-0.08
200285,23.00,0.12,-0.26,24.00,-3.52,-0.22,23.00,-0.01,-0.11
200345,23.00,-0.18,-0.14,24.00,-3.68,-0.01,23.00,-0.05,-0.04
200405,23.00,-0.02,-0.24,24.00,-2.78,-0.70,23.00,-0.08,-0.06
200466,23.00,-0.10,-0.16,24.00,-2.63,-0.16,23.00,0.05,-0.07
200526,23.00,-0.07,-0.36,24.00,-2.07,-0.52,23.00,-0.05,-0.11
200586,23.00,-0.10,-0.25,24.00,-1.53,-0.77,23.00,-0.02,-0.07
200646,23.00,-0.02,-0.27,24.00,-1.00,-0.29,23.00,-0.04,-0.03
200706,23.00,-0.21,-0.16,24.00,-0.34,-0.65,23.00,0.01,-0.05
200766,23.00,0.07,-0.18,24.00,0.18,-0.38,23.00,-0.02,-0.10
200826,23.00,-0.10,-0.20,24.00,0.45,0.01,23.00,-0.05,-0.04
200886,23.00,0.14,-0.38,24.00,1.11,-0.22,23.00,0.04,0.07
200947,23.00,-0.02,-0.08,24.00,1.74,-0.40,23.00,-0.05,0.09
201007,23.00,-0.02,-0.19,24.00,2.19,0.09,23.00,0.01,-0.02
201067,23.00,0.15,-0.14,24.00,2.70,-0.35,23.00,-0.02,-0.07
201127,23.00,0.14,-0.29,24.00,3.05,-0.31,23.00,-0.01,0.00
201187,23.00,-0.02,-0.07,24.00,3.52,-0.20,23.00,0.01,-0.06
201247,23.00,0.01,-0.30,24.00,3.95,-0.42,23.00,-0.07,0.13
201307,23.00,0.01,-0.34,24.00,4.01,-0.32,23.00,0.01,-0.04
201368,23.00,0.08,-0.23,24.00,3.90,0.27,23.00,-0.02,-0.03
201428,23.00,-0.02,-0.13,24.00,4.01,-0.44,23.00,0.01,-0.07
201488,23.00,0.11,-0.11,24.00,3.70,-0.44,23.00,-0.04,-0.00
201548,23.00,-0.04,-0.19,24.00,3.82,0.32,23.00,-0.04,-0.10
201608,23.00,0.15,-0.11,24.00,3.14,0.28,23.00,-0.04,-0.02
201668,23.00,-0.01,-0.02,24.00,2.69,0.37,23.00,0.04,0.05
201728,23.00,0.02,-0.06,24.00,2.64,-0.00,23.00,0.01,0.01
201789,23.00,0.01,-0.23,24.00,2.10,0.12,23.00,-0.01,-0.10
201849,23.00,-0.15,-0.19,24.00,1.58,0.43,23.00,-0.07,-0.01
201909,23.00,0.07,-0.14,24.00,0.99,-0.12,23.00,0.01,-0.06
201969,23.00,-0.24,-0.39,24.00,0.37,0.07,23.00,-0.05,-0.01
202029,23.00,0.02,-0.24,24.00,-0.20,0.03,23.00,0.02,-0.10
202089,23.00,-0.05,-0.21,24.00,-0.96,0.08,23.00,-0.04,-0.02
202149,23.00,-0.10,-0.16,24.00,-1.08,-0.35,23.00,0.05,-0.06
202209,23.00,-0.07,-0.25,24.00,-1.90,0.07,23.00,-0.04,0.07
202270,23.00,-0.12,-0.22,24.00,-2.59,0.30,23.00,-0.02,0.00
202330,23.00,-0.01,-0.36,24.00,-3.05,-0.07,23.00,-0.05,-0.02
202390,23.00,0.14,-0.10,24.00,-3.30,-0.23,23.00,0.02,-0.07
202450,23.00,-0.08,-0.21,24.00,-3.64,-0.04,23.00,0.02,-0.01
202510,23.00,-0.05,-0.22,24.00,-3.63,-0.35,23.00,0.01,-0.08
202570,23.00,0.05,-0.27,24.00,-3.80,-0.49,23.00,0.04,-0.12
202630,23.00,-0.01,-0.23,24.00,-3.80,-0.32,23.00,-0.10,-0.16
202691,23.00,-0.08,-0.42,24.00,-3.70,-0.63,23.00,-0.02,0.03
202751,23.00,0.02,-0.32,24.00,-3.64,-0.41,23.00,-0.04,-0.06
202811,23.00,0.23,-0.16,24.00,-3.54,-0.26,23.00,-0.02,-0.03
202871,23.00,0.04,-0.11,24.00,-3.19,-0.17,23.00,-0.02,0.03
202931,23.00,-0.04,-0.16,24.00,-2.75,-0.46,23.00,-0.01,-0.07
202991,23.00,-0.12,-0.21,24.00,-2.13,-0.18,23.00,-0.01,-0.05
203051,23.00,0.01,-0.23,24.00,-2.15,-0.38,23.00,-0.02,-0.04
203111,23.00,0.07,-0.07,24.00,-1.40,-0.54,23.00,-0.01,-0.02
203172,23.00,0.05,-0.31,24.00,-1.06,-0.97,23.00,0.01,0.04
203232,23.00,0.02,-0.24,24.00,-0.40,-0.64,23.00,-0.02,-0.00
203292,23.00,0.01,-0.21,24.00,0.36,-0.20,23.00,-0.04,-0.04
203352,23.00,-0.04,-0.25,24.00,0.90,-0.33,23.00,-0.07,-0.00
203412,23.00,-0.10,-0.15,24.00,1.09,-0.21,23.00,-0.02,-0.01
203472,23.00,-0.01,-0.15,24.00,2.10,-0.80,23.00,-0.04,-0.00
203532,23.00,0.07,-0.23,24.00,2.41,-0.29,23.00,-0.02,-0.00
203593,23.00,-0.08,-0.26,24.00,2.66,-0.46,23.00,-0.08,-0.07
203653,23.00,0.05,-0.07,24.00,3.29,0.08,23.00,-0.04,-0.02
203713,23.00,-0.07,-0.25,24.00,3.54,0.11,23.00,-0.07,-0.07
203773,23.00,0.12,-0.15,24.00,3.58,0.25,23.00,0.08,-0.06
203833,23.00,0.07,-0.11,24.00,3.86,0.19,23.00,-0.05,-0.11
203893,23.00,-0.01,-0.16,24.00,3.95,-0.19,23.00,-0.04,-0.07
203953,23.00,0.02,-0.33,24.00,3.82,-0.07,23.00,0.01,-0.03
204013,23.00,-0.08,-0.20,24.00,3.86,-0.39,23.00,0.02,-0.02
204074,23.00,-0.02,-0.21,24.00,3.58,-0.11,23.00,-0.05,-0.07
204134,23.00,-0.04,-0.21,24.00,3.33,-0.07,23.00,0.05,-0.04
204194,23.00,-0.04,-0.21,24.00,2.70,-0.15,23.00,0.02,-0.09
204254,23.00,0.04,-0.22,24.00,2.16,-0.01,23.00,-0.07,-0.05
204314,23.00,-0.01,-0.10,24.00,1.93,0.05,23.00,0.01,-0.08
204374,23.00,0.01,-0.26,24.00,1.25,0.12,23.00,0.08,0.02
204434,23.00,0.02,-0.30,24.00,0.84,-0.31,23.00,0.07,-0.07
204495,23.00,-0.04,-0.19,24.00,0.20,-0.07,23.00,-0.02,-0.03
204555,23.00,-0.08,-0.23,24.00,-0.27,-0.41,23.00,0.02,-0.11
204615,23.00,0.02,-0.25,24.00,-1.49,0.11,23.00,-0.01,-0.04
204675,23.00,-0.01,-0.10,24.00,-1.55,-0.23,23.00,-0.05,-0.06
204735,23.00,0.07,-0.16,24.00,-2.22,-0.04,23.00,-0.01,-0.02
204795,23.00,-0.07,-0.19,24.00,-2.75,0.07,23.00,-0.07,-0.08
204855,23.00,0.23,-0.10,24.00,-3.14,-0.22,23.00,-0.01,0.02
204915,23.00,-0.02,-0.30,24.00,-3.51,-0.18,23.00,-0.04,0.05
204976,23.00,-0.01,-0.22,24.00,-3.51,-0.50,23.00,0.02,0.00
205036,23.00,-0.08,-0.32,24.00,-3.99,-0.03,23.00,0.01,-0.09
205096,23.00,-0.04,-0.18,24.00,-3.71,-0.31,23.00,-0.01,-0.06
205156,23.00,-0.15,-0.31,24.00,-3.85,-0.67,23.00,-0.04,-0.06
205216,23.00,-0.17,-0.23,24.00,-3.63,-0.36,23.00,-0.05,-0.07
205276,23.00,0.04,-0.29,24.00,-3.89,-0.15,23.00,0.05,0.01
205336,23.00,-0.07,-0.24,24.00,-3.35,-0.67,23.00,0.02,-0.08
205397,23.00,-0.14,-0.29,24.00,-2.94,-0.40,23.00,-0.07,-0.04
205457,23.00,0.11,-0.23,24.00,-2.59,-0.53,23.00,0.02,-0.03
205517,23.00,-0.05,0.01,24.00,-2.13,-0.18,23.00,-0.05,-0.10
205577,23.00,0.05,-0.15,24.00,-1.78,-0.47,23.00,0.01,-0.05
205637,23.00,-0.02,-0.26,24.00,-1.21,-0.56,23.00,-0.05,-0.04
205697,23.00,0.02,-0.15,24.00,-0.56,-0.03,23.00,0.02,-0.04
205757,23.00,0.12,-0.25,24.00,0.01,-0.51,23.00,-0.12,-0.03
205817,23.00,-0.02,-0.25,24.00,0.33,-0.49,23.00,-0.07,-0.00
205878,23.00,-0.11,-0.19,24.00,0.96,-0.40,23.00,-0.01,-0.06
205938,23.00,0.01,-0.16,24.00,1.65,-0.50,23.00,-0.01,0.05
205998,23.00,0.02,-0.22,24.00,2.23,-0.15,23.00,-0.05,0.04
206058,23.00,-0.02,-0.29,24.00,2.91,0.08,23.00,0.01,-0.06
206118,23.00,0.14,-0.15,24.00,3.04,-0.10,23.00,-0.02,-0.00
206178,23.00,0.05,-0.22,24.00,3.26,-0.22,23.00,0.02,-0.03
206238,23.00,-0.14,-0.27,24.00,3.77,-0.32,23.00,-0.01,-0.03
206299,23.00,0.01,-0.35,24.00,3.64,0.48,23.00,0.04,-0.02
206359,23.00,-0.10,-0.23,24.00,3.77,0.35,23.00,-0.01,-0.03
206419,23.00,-0.10,-0.22,24.00,3.73,0.17,23.00,0.04,-0.03
206479,23.00,-0.11,-0.21,24.00,3.71,0.32,23.00,-0.04,-0.04
206539,23.00,-0.01,-0.24,24.00,3.67,0.00,23.00,-0.04,-0.00
206599,23.00,0.05,-0.28,24.00,3.49,-0.15,23.00,-0.01,-0.00
206659,23.00,-0.11,-0.13,24.00,2.94,0.13,23.00,-0.07,-0.07
206719,23.00,0.07,-0.13,24.00,2.29,0.36,23.00,0.05,-0.13
206780,23.00,-0.14,-0.25,24.00,1.96,0.26,23.00,0.02,-0.14
206840,23.00,0.01,-0.16,24.00,1.68,-0.44,23.00,0.04,-0.01
206900,23.00,-0.14,-0.30,24.00,0.80,0.25,23.00,0.07,-0.02
206960,23.00,-0.08,-0.29,24.00,0.23,-0.19,23.00,0.01,-0.11
207020,23.00,-0.07,-0.21,24.00,-0.01,-0.58,23.00,-0.07,-0.07
207080,23.00,-0.04,-0.17,24.00,-0.65,-0.51,23.00,-0.01,0.00
207140,23.00,-0.04,-0.36,24.00,-1.16,-0.06,23.00,-0.04,-0.13
207201,23.00,-0.15,-0.35,24.00,-1.87,0.22,23.00,-0.04,-0.05
207261,23.00,0.05,-0.23,24.00,-2.29,0.17,23.00,0.02,0.01
207321,23.00,0.21,-0.17,24.00,-2.98,-0.02,23.00,0.01,-0.04
207381,23.00,0.01,-0.25,24.00,-2.98,-0.14,23.00,-0.02,0.00
207441,23.00,-0.14,-0.20,24.00,-3.51,-0.38,23.00,0.05,0.05
207501,23.00,-0.08,-0.38,24.00,-3.55,0.15,23.00,0.01,-0.00
207561,23.00,0.05,-0.37,24.00,-3.71,-0.36,23.00,-0.02,0.04
207622,23.00,0.20,-0.17,24.00,-3.85,-0.34,23.00,-0.05,-0.06
207682,23.00,-0.04,-0.22,24.00,-3.90,-0.36,23.00,-0.01,-0.06
207742,23.00,-0.11,-0.21,24.00,-3.51,0.10,23.00,0.01,0.08
207802,23.00,-0.15,-0.15,24.00,-3.86,-0.33,23.00,-0.01,-0.06
207862,23.00,-0.04,-0.24,24.00,-3.30,-0.50,23.00,0.02,-0.06
207922,23.00,0.18,-0.14,24.00,-3.07,-0.40,23.00,-0.05,0.04
207982,23.00,-0.07,-0.20,24.00,-2.50,-0.14,23.00,-0.04,-0.09
208042,23.00,0.05,-0.16,24.00,-1.87,-0.42,23.00,-0.07,0.06
208103,23.00,0.11,-0.08,24.00,-1.33,-0.72,23.00,-0.05,0.04
208163,23.00,-0.08,-0.26,24.00,-0.86,-0.29,23.00,-0.02,0.09
208223,23.00,-0.08,-0.21,24.00,-0.39,-0.65,23.00,-0.04,-0.08
208283,23.00,-0.08,-0.40,24.00,-0.01,-0.29,23.00,-0.07,-0.01
208343,23.00,-0.15,-0.27,24.00,0.81,-0.07,23.00,-0.02,-0.19
208403,23.00,0.12,-0.10,24.00,1.33,-0.04,23.00,-0.02,-0.04
208463,23.00,-0.07,-0.21,24.00,1.96,-0.06,23.00,-0.01,-0.09
208524,23.00,-0.15,-0.05,24.00,2.09,-0.09,23.00,-0.02,-0.08
208584,23.00,0.07,-0.33,24.00,3.07,-0.17,23.00,0.08,0.01
208644,23.00,0.01,-0.16,24.00,3.44,0.07,23.00,-0.02,-0.08
208704,23.00,0.24,-0.28,24.00,3.52,-0.17,23.00,-0.05,-0.01
208764,23.00,0.11,-0.20,24.00,3.52,-0.29,23.00,-0.04,0.02
208824,23.00,0.20,-0.12,24.00,3.92,-0.16,23.00,0.04,0.00
208884,23.00,0.07,-0.12,24.00,3.49,-0.15,23.00,0.01,-0.04
208944,23.00,0.04,-0.25,24.00,3.68,-0.23,23.00,-0.04,-0.04
209005,23.00,-0.15,-0.30,24.00,3.86,0.04,23.00,-0.05,-0.07
209065,23.00,0.07,-0.17,24.00,3.48,-0.05,23.00,-0.02,-0.04
209125,23.00,-0.01,-0.06,24.00,3.01,0.10,23.00,-0.02,-0.07
209185,23.00,-0.01,-0.18,24.00,3.16,-0.29,23.00,-0.04,-0.07
209245,23.00,0.01,-0.16,24.00,2.42,0.02,23.00,0.05,0.07
209305,23.00,-0.11,-0.29,24.00,1.69,0.27,23.00,-0.08,-0.15
209365,23.00,-0.18,-0.34,24.00,1.41,0.10,23.00,-0.01,-0.07
209426,23.00,0.02,-0.23,24.00,0.97,0.32,23.00,0.02,-0.07
209486,23.00,-0.08,-0.21,24.00,0.27,0.11,23.00,0.01,-0.04
209546,23.00,-0.10,-0.04,24.00,-0.24,-0.08,23.00,-0.02,-0.03
209606,23.00,-0.02,-0.32,24.00,-0.93,0.54,23.00,0.01,-0.00
209666,23.00,0.11,-0.20,24.00,-1.44,0.05,23.00,-0.02,-0.05
209726,23.00,-0.01,-0.23,24.00,-1.78,-0.20,23.00,-0.04,-0.07
209786,23.00,-0.10,-0.30,24.00,-2.42,-0.11,23.00,-0.01,-0.03
209846,23.00,0.07,-0.22,24.00,-2.79,-0.15,23.00,-0.05,-0.04
209907,23.00,0.04,-0.27,24.00,-3.42,-0.34,23.00,0.05,-0.07
209967,23.00,0.02,-0.05,24.00,-3.63,-0.01,23.00,-0.04,-0.13
210027,23.00,0.04,-0.29,24.00,-3.74,-0.06,23.00,0.02,-0.06
210087,23.00,0.12,-0.28,24.00,-3.66,-0.45,23.00,0.07,-0.11
210147,23.00,0.14,-0.18,24.00,-3.99,-0.71,23.00,-0.02,-0.04
210207,23.00,-0.01,-0.27,24.00,-3.66,-0.82,23.00,-0.02,-0.01
210267,23.00,-0.04,-0.36,24.00,-3.67,-0.11,23.00,-0.01,-0.03
210328,23.00,0.04,-0.44,24.00,-3.44,-0.23,23.00,-0.05,-0.09
210388,23.00,-0.04,-0.22,24.00,-3.13,-0.31,23.00,-0.02,-0.00
210448,23.00,0.12,-0.22,24.00,-2.78,-0.51,23.00,0.01,-0.02
210508,23.00,0.14,-0.15,24.00,-2.23,-0.49,23.00,-0.01,-0.05
210568,23.00,0.17,-0.17,24.00,-1.82,-0.91,23.00,0.04,0.06
210628,23.00,-0.08,-0.16,24.00,-1.12,-0.51,23.00,-0.02,0.01
210688,23.00,0.02,-0.07,24.00,-0.68,-0.45,23.00,-0.02,-0.01
210748,23.00,0.01,-0.22,24.00,-0.14,-0.58,23.00,-0.04,-0.00
210809,23.00,-0.10,-0.11,24.00,0.59,-0.50,23.00,0.02,-0.14
210869,23.00,-0.07,-0.18,24.00,1.06,-0.25,23.00,-0.02,-0.00
210929,23.00,-0.05,-0.15,24.00,1.71,0.31,23.00,-0.04,-0.00
210989,23.00,-0.04,-0.22,24.00,2.18,-0.27,23.00,-0.04,-0.01
211049,23.00,-0.05,-0.17,24.00,2.63,0.13,23.00,-0.07,-0.01
211109,23.00,0.02,-0.15,24.00,3.03,0.07,23.00,-0.05,-0.03
211169,23.00,-0.04,-0.46,24.00,3.32,-0.03,23.00,-0.02,-0.08
211230,23.00,-0.08,-0.29,24.00,3.68,-0.55,23.00,-0.04,-0.03
211290,23.00,-0.07,-0.27,24.00,3.80,0.06,23.00,0.02,0.03
211350,23.00,0.02,-0.16,24.00,3.79,-0.08,23.00,-0.04,-0.08
211410,23.00,0.23,-0.29,24.00,3.73,0.10,23.00,-0.02,0.00
211470,23.00,0.07,-0.17,24.00,3.73,0.11,23.00,0.02,-0.05
