2555266,27.00,-0.02,-0.05,28.00,-3.74,-0.33,26.00,-0.02,-0.02
2555326,27.00,0.14,-0.25,28.00,-3.32,-0.25,26.00,-0.04,0.04
2555386,27.00,0.10,-0.14,28.00,-3.05,-0.37,26.00,0.05,-0.03
2555446,27.00,-0.01,-0.10,28.00,-2.73,-0.10,26.00,0.04,-0.03
2555506,27.00,0.10,-0.08,28.00,-2.16,-0.58,26.00,0.04,-0.01
2555567,27.00,-0.04,-0.21,28.00,-1.82,-0.20,26.00,0.02,-0.01
2555627,27.00,-0.04,-0.10,28.00,-1.21,-0.51,26.00,-0.02,-0.07
2555687,27.00,-0.05,-0.28,28.00,-0.58,-0.91,26.00,0.02,-0.08
2555747,27.00,0.04,-0.24,28.00,-0.04,-0.60,26.00,-0.05,-0.05
2555807,27.00,-0.08,0.04,28.00,0.37,-0.02,26.00,-0.02,0.00
2555867,27.00,0.11,-0.00,28.00,1.14,-0.10,26.00,-0.02,-0.07
2555927,27.00,0.07,-0.32,28.00,1.38,-0.13,26.00,-0.02,0.01
2555987,27.00,0.11,-0.07,28.00,2.18,-0.07,26.00,-0.05,-0.03
2556048,27.00,0.11,-0.21,28.00,2.82,-0.43,26.00,-0.07,-0.01
2556108,27.00,0.01,-0.20,28.00,2.88,0.20,26.00,-0.01,-0.11
2556168,27.00,-0.01,-0.18,28.00,3.42,0.45,26.00,-0.05,-0.00
2556228,27.00,0.14,-0.21,28.00,3.82,-0.28,26.00,0.04,-0.00
2556288,27.00,0.07,-0.28,28.00,3.74,-0.11,26.00,-0.05,-0.09
2556348,27.00,-0.01,-0.19,28.00,3.86,-0.24,26.00,0.07,-0.02
2556408,27.00,0.18,-0.19,28.00,4.11,0.28,26.00,0.08,-0.01
2556469,27.00,0.05,-0.16,28.00,3.90,0.32,26.00,-0.01,-0.03
2556529,27.00,0.01,-0.08,28.00,3.61,0.42,26.00,-0.11,-0.00
2556589,27.00,0.08,-0.19,28.00,3.23,0.19,26.00,0.07,0.02
2556649,27.00,-0.07,-0.12,28.00,2.89,0.27,26.00,0.04,-0.01
2556709,27.00,-0.04,-0.19,28.00,2.69,-0.25,26.00,0.01,-0.01
2556769,27.00,0.11,-0.09,28.00,2.10,0.05,26.00,-0.02,0.04
2556829,27.00,0.11,-0.15,28.00,1.63,-0.15,26.00,0.07,-0.08
2556889,27.00,-0.04,-0.19,28.00,1.28,-0.27,26.00,0.02,0.01
2556950,27.00,-0.20,-0.14,28.00,0.45,0.47,26.00,-0.01,-0.03
2557010,27.00,0.02,-0.26,28.00,0.01,-0.08,26.00,0.02,-0.08
2557070,27.00,0.10,-0.21,28.00,-0.29,0.10,26.00,0.04,-0.07
2557130,27.00,-0.01,-0.29,28.00,-0.84,-0.61,26.00,-0.02,-0.02
2557190,27.00,-0.04,-0.10,28.00,-1.82,-0.45,26.00,-0.02,0.04
2557250,27.00,0.10,-0.39,28.00,-2.32,-0.51,26.00,0.05,-0.04
2557310,27.00,0.10,-0.13,28.00,-2.63,-0.28,26.00,-0.07,-0.07
2557371,27.00,0.11,0.02,28.00,-2.91,-0.07,26.00,-0.04,-0.01
2557431,27.00,0.04,-0.23,28.00,-3.44,0.29,26.00,-0.04,-0.02
2557491,27.00,-0.01,-0.11,28.00,-3.67,-0.22,26.00,0.01,0.02
2557551,27.00,-0.07,-0.22,28.00,-3.86,-0.72,26.00,-0.02,-0.05
2557611,27.00,-0.08,-0.26,28.00,-3.88,-0.06,26.00,0.02,-0.09
2557671,27.00,-0.15,-0.20,28.00,-3.86,-0.59,26.00,0.08,-0.05
2557731,27.00,0.02,-0.20,28.00,-3.77,-0.18,26.00,0.04,-0.09
2557791,27.00,-0.17,-0.07,28.00,-3.63,-0.11,26.00,0.04,-0.03
2557852,27.00,0.10,-0.39,28.00,-3.41,-0.02,26.00,0.07,-0.06
2557912,27.00,0.07,-0.22,28.00,-2.89,-0.29,26.00,-0.01,0.01
2557972,27.00,-0.02,-0.48,28.00,-2.45,-0.52,26.00,-0.07,-0.00
2558032,27.00,-0.07,-0.21,28.00,-1.96,-0.66,26.00,-0.04,-0.03
2558092,27.00,-0.02,-0.12,28.00,-1.40,-0.25,26.00,0.05,-0.01
2558152,27.00,-0.08,-0.29,28.00,-1.25,-0.42,26.00,-0.07,0.01
2558212,27.00,-0.05,-0.07,28.00,-0.49,-0.38,26.00,-0.02,-0.01
2558273,27.00,-0.23,-0.31,28.00,0.01,-0.33,26.00,-0.01,0.03
2558333,27.00,0.02,-0.01,28.00,0.86,-0.37,26.00,0.01,-0.08
2558393,27.00,-0.15,-0.27,28.00,1.18,0.08,26.00,0.02,0.00
2558453,27.00,-0.15,-0.12,28.00,1.72,-0.12,26.00,-0.01,0.04
2558513,27.00,0.05,-0.24,28.00,2.38,0.28,26.00,-0.02,0.03
2558573,27.00,0.07,-0.19,28.00,2.70,-0.32,26.00,-0.02,0.03
2558633,27.00,0.05,-0.18,28.00,2.85,-0.07,26.00,-0.04,-0.03
2558694,27.00,0.01,-0.07,28.00,3.42,-0.18,26.00,0.02,-0.02
2558754,27.00,-0.01,-0.33,28.00,3.35,-0.23,26.00,-0.05,0.04
2558814,27.00,-0.04,-0.17,28.00,3.73,-0.19,26.00,-0.01,0.00
2558874,27.00,0.01,-0.17,28.00,3.68,-0.11,26.00,-0.07,-0.07
2558934,27.00,0.15,-0.24,28.00,3.99,-0.51,26.00,0.02,-0.03
2558994,27.00,-0.14,-0.33,28.00,3.71,-0.40,26.00,0.07,-0.03
2559054,27.00,0.02,-0.11,28.00,3.55,-0.19,26.00,0.05,0.02
2559114,27.00,0.12,-0.26,28.00,3.44,0.27,26.00,0.01,-0.02
2559175,27.00,-0.18,-0.20,28.00,2.91,0.45,26.00,-0.02,-0.04
2559235,27.00,-0.10,-0.11,28.00,2.37,0.17,26.00,0.05,-0.02
2559295,27.00,-0.08,-0.24,28.00,2.01,0.09,26.00,-0.02,-0.00
2559355,27.00,-0.02,-0.15,28.00,1.58,-0.00,26.00,-0.07,-0.02
2559415,27.00,0.04,0.02,28.00,1.22,0.22,26.00,0.02,0.06
2559475,27.00,0.07,-0.22,28.00,0.55,0.01,26.00,0.04,-0.07
2559535,27.00,0.14,-0.20,28.00,-0.36,-0.52,26.00,0.02,-0.08
2559596,27.00,-0.07,-0.15,28.00,-0.87,-0.46,26.00,-0.02,-0.09
2559656,27.00,0.07,-0.17,28.00,-1.41,-0.31,26.00,0.05,-0.07
2559716,27.00,0.02,-0.22,28.00,-2.15,-0.44,26.00,-0.02,0.04
2559776,27.00,-0.01,-0.21,28.00,-2.47,-0.33,26.00,0.02,-0.03
2559836,27.00,-0.05,-0.31,28.00,-3.13,-0.01,26.00,-0.02,0.01
2559896,27.00,-0.05,-0.26,28.00,-3.13,-0.22,26.00,-0.02,-0.09
2559956,27.00,0.02,-0.41,28.00,-3.52,-0.13,26.00,0.02,-0.07
2560016,27.00,0.11,-0.22,28.00,-3.90,-0.84,26.00,0.02,-0.07
2560077,27.00,-0.21,-0.17,28.00,-3.96,-0.50,26.00,-0.01,-0.05
2560137,27.00,-0.29,-0.16,28.00,-3.86,-0.67,26.00,-0.01,-0.07
2560197,27.00,0.05,-0.19,28.00,-3.63,-0.29,26.00,0.01,-0.08
2560257,27.00,-0.05,-0.31,28.00,-4.05,-0.33,26.00,-0.02,-0.00
2560317,27.00,-0.12,-0.22,28.00,-3.04,-0.70,26.00,0.02,-0.07
2560377,27.00,-0.05,-0.15,28.00,-3.23,-0.34,26.00,-0.01,-0.01
2560437,27.00,0.01,-0.12,28.00,-2.63,-0.65,26.00,-0.04,0.01
2560498,27.00,-0.01,-0.18,28.00,-2.45,-0.52,26.00,-0.05,-0.04
2560558,27.00,-0.07,-0.40,28.00,-1.91,-0.48,26.00,0.04,0.03
2560618,27.00,-0.04,-0.29,28.00,-1.50,-0.80,26.00,-0.04,-0.03
2560678,27.00,0.15,-0.30,28.00,-0.81,-0.60,26.00,-0.04,-0.07
2560738,27.00,0.07,-0.11,28.00,-0.15,-0.80,26.00,-0.07,-0.06
2560798,27.00,0.02,-0.23,28.00,0.45,-0.72,26.00,-0.01,-0.02
2560858,27.00,-0.02,-0.12,28.00,0.96,-0.17,26.00,-0.12,0.03
2560918,27.00,-0.11,-0.33,28.00,1.43,-0.08,26.00,0.02,-0.01
2560979,27.00,0.07,-0.03,28.00,2.01,-0.25,26.00,-0.01,0.01
2561039,27.00,0.04,-0.07,28.00,2.50,-0.06,26.00,0.07,-0.00
2561099,27.00,-0.14,-0.25,28.00,2.89,0.21,26.00,0.02,0.04
2561159,27.00,0.08,-0.30,28.00,3.10,-0.48,26.00,0.02,-0.06
2561219,27.00,-0.08,-0.19,28.00,3.93,-0.47,26.00,-0.04,-0.01
2561279,27.00,-0.10,-0.13,28.00,3.45,0.07,26.00,0.04,-0.00
2561339,27.00,-0.01,-0.28,28.00,3.77,0.11,26.00,0.01,-0.07
2561400,27.00,0.01,-0.34,28.00,3.96,-0.22,26.00,-0.07,0.01
2561460,27.00,-0.15,-0.10,28.00,3.83,-0.45,26.00,-0.01,-0.06
2561520,27.00,0.10,-0.09,28.00,3.83,-0.32,26.00,-0.01,0.01
2561580,27.00,0.12,-0.29,28.00,3.26,-0.45,26.00,0.01,-0.07
2561640,27.00,0.02,-0.27,28.00,3.11,-0.01,26.00,-0.01,-0.00
2561700,27.00,0.02,-0.15,28.00,2.47,0.19,26.00,-0.05,-0.00
2561760,27.00,0.01,-0.02,28.00,2.22,-0.18,26.00,-0.01,-0.04
2561820,27.00,0.10,-0.21,28.00,1.91,-0.01,26.00,-0.01,0.06
2561881,27.00,0.02,-0.22,28.00,1.38,0.22,26.00,-0.02,-0.03
2561941,27.00,0.11,-0.11,28.00,0.77,-0.15,26.00,-0.01,-0.09
2562001,27.00,0.27,-0.28,28.00,0.20,-0.32,26.00,0.01,-0.07
2562061,27.00,0.05,-0.15,28.00,-0.56,-0.22,26.00,-0.01,0.00
2562121,27.00,0.07,-0.22,28.00,-1.11,-0.15,26.00,-0.04,0.05
2562181,27.00,0.02,-0.23,28.00,-1.91,-0.27,26.00,-0.04,-0.03
2562241,27.00,0.11,-0.16,28.00,-2.13,-0.04,26.00,0.04,-0.07
2562302,27.00,0.04,-0.37,28.00,-2.54,-0.15,26.00,0.01,0.00
2562362,27.00,-0.08,-0.16,28.00,-2.92,-0.10,26.00,-0.10,-0.09
2562422,27.00,0.11,-0.18,28.00,-3.35,-0.29,26.00,0.01,-0.02
2562482,27.00,0.08,-0.22,28.00,-3.39,-0.21,26.00,-0.04,-0.07
2562542,27.00,0.04,-0.25,28.00,-3.88,-0.16,26.00,-0.04,-0.08
2562602,27.00,0.08,-0.16,28.00,-3.80,-0.35,26.00,0.01,-0.02
2562662,27.00,-0.11,-0.21,28.00,-3.67,-0.31,26.00,0.01,-0.04
2562722,27.00,-0.07,-0.05,28.00,-3.68,-0.14,26.00,0.01,-0.05
2562783,27.00,0.02,-0.03,28.00,-3.47,-0.53,26.00,0.08,-0.03
2562843,27.00,0.02,-0.14,28.00,-3.30,-0.29,26.00,-0.02,0.04
2562903,27.00,0.05,-0.32,28.00,-3.19,-0.62,26.00,-0.02,-0.07
2562963,27.00,0.01,-0.29,28.00,-2.82,-0.28,26.00,0.02,-0.00
2563023,27.00,0.14,-0.24,28.00,-2.34,-0.06,26.00,0.01,-0.07
2563083,27.00,0.02,-0.07,28.00,-1.71,-0.58,26.00,-0.04,0.01
2563143,27.00,0.12,0.04,28.00,-1.11,-0.55,26.00,-0.04,-0.02
2563204,27.00,0.05,-0.29,28.00,-0.61,-0.70,26.00,0.02,-0.04
2563264,27.00,-0.08,-0.24,28.00,0.26,-0.66,26.00,-0.07,-0.08
2563324,27.00,-0.04,-0.29,28.00,0.71,-0.45,26.00,0.02,-0.01
2563384,27.00,0.14,-0.06,28.00,1.22,-0.01,26.00,-0.01,-0.03
2563444,27.00,-0.01,-0.11,28.00,1.82,-0.30,26.00,-0.01,0.03
2563504,27.00,0.04,-0.20,28.00,2.37,-0.14,26.00,0.01,-0.05
2563564,27.00,-0.10,-0.35,28.00,2.64,-0.29,26.00,-0.04,-0.05
2563624,27.00,-0.12,-0.31,28.00,3.29,0.21,26.00,-0.07,-0.02
2563685,27.00,0.10,-0.29,28.00,3.10,0.07,26.00,-0.02,0.03
2563745,27.00,-0.01,-0.16,28.00,3.79,0.21,26.00,-0.02,-0.02
2563805,27.00,0.04,-0.22,28.00,3.58,0.38,26.00,-0.05,-0.01
2563865,27.00,0.10,-0.29,28.00,3.79,0.03,26.00,0.01,-0.07
2563925,27.00,0.01,-0.09,28.00,3.80,-0.22,26.00,-0.01,-0.08
2563985,27.00,-0.10,-0.22,28.00,3.88,0.04,26.00,-0.04,0.02
2564045,27.00,-0.01,-0.10,28.00,3.44,0.06,26.00,0.01,-0.03
2564106,27.00,0.01,-0.22,28.00,3.29,-0.07,26.00,-0.08,0.03
2564166,27.00,-0.04,-0.23,28.00,3.00,-0.51,26.00,-0.08,0.00
2564226,27.00,-0.02,-0.29,28.00,2.50,0.31,26.00,0.01,0.05
2564286,27.00,0.07,-0.22,28.00,1.97,0.01,26.00,0.02,-0.01
2564346,27.00,-0.12,-0.25,28.00,1.28,0.14,26.00,0.07,-0.04
2564406,27.00,0.01,-0.09,28.00,0.90,0.52,26.00,-0.01,-0.02
2564466,27.00,-0.10,-0.18,28.00,0.49,-0.08,26.00,0.05,-0.07
2564527,27.00,-0.05,-0.26,28.00,-0.18,0.00,26.00,-0.01,-0.03
2564587,27.00,-0.08,-0.25,28.00,-0.71,-0.27,26.00,-0.04,-0.07
2564647,27.00,-0.11,-0.13,28.00,-1.21,0.25,26.00,0.02,-0.05
2564707,27.00,0.02,-0.16,28.00,-1.82,0.14,26.00,0.02,0.02
2564767,27.00,-0.07,-0.26,28.00,-2.35,-0.37,26.00,-0.02,0.07
2564827,27.00,-0.21,-0.22,28.00,-2.70,-0.19,26.00,-0.01,-0.08
2564887,27.00,-0.05,-0.11,28.00,-2.98,-0.35,26.00,-0.04,-0.09
2564947,27.00,-0.07,-0.21,28.00,-3.47,-0.41,26.00,0.01,-0.05
2565008,27.00,-0.04,-0.29,28.00,-3.74,0.05,26.00,-0.01,-0.02
2565068,27.00,0.04,-0.26,28.00,-3.64,-0.51,26.00,-0.02,-0.07
2565128,27.00,-0.04,-0.23,28.00,-3.92,-0.19,26.00,0.04,-0.05
2565188,27.00,0.04,-0.15,28.00,-3.64,0.01,26.00,0.02,0.00
2565248,27.00,-0.10,-0.01,28.00,-3.60,-0.23,26.00,0.02,0.03
2565308,27.00,-0.11,-0.07,28.00,-3.71,-0.47,26.00,0.08,-0.00
2565368,27.00,-0.04,-0.32,28.00,-3.26,-0.58,26.00,0.01,0.01
2565429,27.00,0.08,-0.22,28.00,-3.07,-0.29,26.00,0.02,0.03
2565489,27.00,0.04,-0.04,28.00,-2.42,-0.31,26.00,-0.04,-0.03
2565549,27.00,-0.01,-0.03,28.00,-1.99,-0.32,26.00,0.07,-0.03
2565609,27.00,0.05,-0.12,28.00,-1.27,-0.09,26.00,0.02,-0.10
2565669,27.00,0.02,-0.39,28.00,-0.89,-0.55,26.00,-0.05,-0.06
2565729,27.00,-0.04,-0.19,28.00,-0.40,-0.75,26.00,-0.02,-0.02
2565789,27.00,0.04,-0.26,28.00,0.17,-0.51,26.00,0.08,-0.01
2565849,27.00,-0.01,-0.23,28.00,0.81,-0.09,26.00,0.04,-0.07
2565910,27.00,0.04,-0.18,28.00,1.40,-0.21,26.00,0.04,0.02
2565970,27.00,-0.15,-0.32,28.00,2.07,-0.67,26.00,-0.01,-0.02
2566030,27.00,0.12,-0.14,28.00,2.41,0.43,26.00,-0.08,-0.07
2566090,27.00,0.11,-0.13,28.00,3.11,0.00,26.00,0.04,-0.01
2566150,27.00,-0.10,-0.12,28.00,3.10,-0.41,26.00,0.02,-0.03
2566210,27.00,-0.12,-0.26,28.00,3.85,-0.03,26.00,-0.10,-0.16
2566270,27.00,0.01,-0.23,28.00,3.51,-0.52,26.00,-0.01,-0.06
2566331,27.00,-0.14,-0.18,28.00,3.57,-0.26,26.00,0.02,-0.01
2566391,27.00,0.12,-0.21,28.00,3.79,0.07,26.00,-0.02,-0.01
2566451,27.00,-0.14,-0.22,28.00,3.86,-0.63,26.00,-0.01,0.06
2566511,27.00,0.08,-0.21,28.00,3.74,0.45,26.00,-0.11,-0.08
2566571,27.00,0.17,-0.08,28.00,3.22,0.04,26.00,-0.05,-0.09
2566631,27.00,-0.07,-0.27,28.00,2.97,0.39,26.00,0.02,-0.15
2566691,27.00,0.10,-0.15,28.00,2.89,-0.10,26.00,0.01,-0.05
2566751,27.00,-0.05,-0.15,28.00,2.29,0.18,26.00,-0.01,-0.02
2566812,27.00,0.14,-0.17,28.00,1.58,0.35,26.00,-0.02,-0.02
2566872,27.00,0.02,-0.07,28.00,1.33,-0.00,26.00,0.02,-0.13
2566932,27.00,0.07,-0.33,28.00,0.71,0.16,26.00,-0.02,-0.01
2566992,27.00,-0.01,-0.01,28.00,0.12,-0.05,26.00,0.02,-0.06
2567052,27.00,-0.05,-0.20,28.00,-0.37,-0.32,26.00,-0.05,-0.00
2567112,27.00,-0.04,-0.18,28.00,-0.96,0.45,26.00,0.07,-0.04
2567172,27.00,-0.10,-0.19,28.00,-1.49,-0.14,26.00,0.02,-0.07
2567233,27.00,0.15,-0.24,28.00,-2.04,-0.42,26.00,0.05,-0.01
2567293,27.00,0.05,-0.19,28.00,-2.53,-0.25,26.00,0.02,-0.01
2567353,27.00,0.02,-0.22,28.00,-2.98,-0.56,26.00,0.02,-0.00
2567413,27.00,0.10,-0.10,28.00,-3.36,0.08,26.00,0.01,-0.02
2567473,27.00,0.07,-0.29,28.00,-3.76,-0.20,26.00,0.01,0.02
2567533,27.00,0.08,-0.14,28.00,-3.52,-0.32,26.00,-0.02,-0.07
2567593,27.00,-0.10,-0.06,28.00,-3.77,-0.46,26.00,-0.07,-0.07
2567653,27.00,0.01,-0.20,28.00,-3.80,-0.40,26.00,-0.04,0.00
2567714,27.00,0.05,-0.32,28.00,-3.86,-0.57,26.00,-0.02,-0.01
2567774,27.00,0.05,-0.34,28.00,-3.66,-0.27,26.00,-0.02,0.02
2567834,27.00,-0.08,-0.36,28.00,-3.55,-0.15,26.00,-0.02,-0.08
2567894,27.00,0.05,-0.30,28.00,-3.16,-0.00,26.00,-0.05,0.02
2567954,27.00,0.05,-0.09,28.00,-2.69,-0.48,26.00,-0.05,-0.07
2568014,27.00,0.07,-0.23,28.00,-2.19,-0.82,26.00,0.01,0.00
2568074,27.00,0.05,-0.24,28.00,-1.49,-0.62,26.00,-0.01,-0.06
2568135,27.00,0.05,-0.10,28.00,-1.11,-0.58,26.00,-0.02,0.04
2568195,27.00,-0.10,-0.09,28.00,-0.46,-0.39,26.00,0.01,0.03
2568255,27.00,-0.10,-0.50,28.00,0.04,-0.78,26.00,0.01,-0.06
2568315,27.00,0.04,-0.36,28.00,0.61,-0.51,26.00,-0.01,0.01
2568375,27.00,0.05,-0.20,28.00,0.84,-0.10,26.00,0.08,-0.05
2568435,27.00,0.08,-0.22,28.00,1.79,-0.25,26.00,-0.05,0.05
2568495,27.00,0.10,-0.11,28.00,2.12,-0.00,26.00,-0.02,0.00
2568555,27.00,0.08,-0.09,28.00,2.57,0.08,26.00,0.01,-0.01
2568616,27.00,-0.08,-0.08,28.00,3.10,-0.55,26.00,-0.01,0.00
2568676,27.00,-0.02,-0.21,28.00,3.49,-0.40,26.00,0.05,0.03
2568736,27.00,-0.08,-0.22,28.00,3.85,-0.10,26.00,0.04,-0.03
2568796,27.00,-0.17,-0.24,28.00,3.71,-0.14,26.00,0.02,-0.01
2568856,27.00,0.02,-0.24,28.00,4.02,-0.22,26.00,-0.07,-0.01
2568916,27.00,0.08,-0.07,28.00,3.49,0.20,26.00,0.04,0.06
2568976,27.00,-0.20,-0.36,28.00,4.05,0.12,26.00,0.01,-0.07
2569037,27.00,-0.11,-0.22,28.00,3.68,0.06,26.00,-0.02,-0.08
2569097,27.00,-0.05,-0.35,28.00,3.23,-0.00,26.00,-0.04,-0.00
2569157,27.00,0.14,-0.07,28.00,3.01,0.19,26.00,0.01,-0.07
2569217,27.00,-0.07,-0.07,28.00,2.51,-0.75,26.00,-0.02,-0.00
2569277,27.00,-0.12,-0.23,28.00,2.23,0.18,26.00,-0.02,-0.03
2569337,27.00,-0.04,-0.20,28.00,1.96,0.07,26.00,-0.01,-0.09
2569397,27.00,0.04,-0.07,28.00,1.19,-0.45,26.00,0.04,-0.13
2569458,27.00,-0.20,-0.27,28.00,0.53,0.24,26.00,0.10,-0.04
2569518,27.00,0.10,-0.19,28.00,-0.14,0.03,26.00,-0.02,-0.07
2569578,27.00,-0.14,-0.20,28.00,-0.62,-0.15,26.00,-0.01,-0.03
2569638,27.00,0.02,-0.15,28.00,-1.27,-0.28,26.00,0.08,-0.06
2569698,27.00,-0.08,-0.25,28.00,-1.81,-0.26,26.00,-0.07,0.00
2569758,27.00,0.15,-0.10,28.00,-2.41,0.17,26.00,0.07,-0.08
2569818,27.00,-0.15,-0.14,28.00,-2.81,-0.36,26.00,-0.01,-0.05
2569878,27.00,-0.10,-0.23,28.00,-3.23,-0.58,26.00,0.04,-0.01
2569939,27.00,0.01,-0.30,28.00,-3.39,-0.62,26.00,-0.01,-0.07
2569999,27.00,-0.12,-0.26,28.00,-3.92,-0.29,26.00,-0.01,-0.07
2570059,27.00,0.02,-0.13,28.00,-4.08,-0.15,26.00,0.11,0.01
2570119,27.00,0.04,-0.31,28.00,-4.02,-0.49,26.00,0.01,-0.07
2570179,27.00,0.04,-0.14,28.00,-3.96,-0.18,26.00,0.01,-0.08
2570239,27.00,-0.01,-0.15,28.00,-4.02,-0.29,26.00,0.05,-0.08
2570299,27.00,-0.11,-0.11,28.00,-3.25,-0.86,26.00,-0.01,0.02
2570360,27.00,0.08,-0.26,28.00,-3.32,-0.60,26.00,-0.08,0.01
2570420,27.00,-0.04,-0.25,28.00,-2.86,-0.33,26.00,0.01,-0.06
2570480,27.00,0.05,-0.09,28.00,-2.48,-0.55,26.00,-0.01,0.00
2570540,27.00,0.08,-0.10,28.00,-2.10,-0.37,26.00,0.02,0.01
2570600,27.00,0.08,-0.26,28.00,-1.60,-0.43,26.00,-0.02,0.03
2570660,27.00,0.04,-0.18,28.00,-0.86,-0.67,26.00,0.02,-0.01
2570720,27.00,0.02,-0.15,28.00,-0.39,-0.80,26.00,-0.05,-0.06
2570780,27.00,-0.01,-0.14,28.00,0.15,-0.43,26.00,0.04,-0.06
2570841,27.00,-0.07,-0.21,28.00,0.71,-0.31,26.00,-0.01,0.00
2570901,27.00,0.17,-0.22,28.00,1.24,0.01,26.00,0.07,-0.08
2570961,27.00,-0.01,-0.29,28.00,1.79,0.25,26.00,-0.01,0.04
2571021,27.00,-0.14,-0.16,28.00,2.34,-0.55,26.00,0.05,0.05
2571081,27.00,0.08,-0.22,28.00,2.48,0.00,26.00,-0.02,-0.02
2571141,27.00,-0.07,-0.11,28.00,3.38,-0.20,26.00,-0.04,-0.09
2571201,27.00,0.02,-0.36,28.00,3.32,-0.45,26.00,-0.02,-0.02
2571262,27.00,0.01,-0.26,28.00,3.61,0.14,26.00,-0.04,-0.08
2571322,27.00,-0.11,-0.26,28.00,3.55,0.43,26.00,-0.04,-0.06
2571382,27.00,-0.05,-0.28,28.00,3.71,-0.12,26.00,-0.05,-0.12
2571442,27.00,-0.11,-0.34,28.00,3.85,0.07,26.00,-0.04,-0.07
2571502,27.00,-0.08,-0.25,28.00,3.82,-0.39,26.00,-0.04,-0.08
2571562,27.00,0.05,-0.30,28.00,3.49,-0.11,26.00,-0.07,-0.15
2571622,27.00,-0.05,-0.22,28.00,3.55,-0.44,26.00,-0.04,0.02
2571682,27.00,0.12,-0.12,28.00,2.70,0.28,26.00,-0.01,0.01
2571743,27.00,-0.11,-0.15,28.00,2.16,-0.01,26.00,0.02,-0.06
2571803,27.00,0.07,-0.28,28.00,2.01,-0.74,26.00,0.04,-0.03
2571863,27.00,0.02,-0.30,28.00,1.34,0.40,26.00,-0.01,-0.02
2571923,27.00,-0.12,-0.24,28.00,0.62,0.12,26.00,-0.02,-0.07
2571983,27.00,-0.01,-0.03,28.00,0.21,0.08,26.00,-0.02,-0.02
2572043,27.00,-0.04,-0.25,28.00,-0.40,-0.37,26.00,0.04,0.00
2572103,27.00,0.07,-0.22,28.00,-1.05,-0.13,26.00,0.02,0.01
2572164,27.00,-0.02,-0.13,28.00,-1.44,-0.36,26.00,-0.04,0.04
2572224,27.00,-0.10,-0.29,28.00,-2.19,-0.07,26.00,-0.05,-0.08
2572284,27.00,-0.18,-0.15,28.00,-2.51,-0.71,26.00,-0.02,-0.02
2572344,27.00,0.15,-0.16,28.00,-2.98,-0.15,26.00,0.05,0.00
2572404,27.00,-0.05,-0.22,28.00,-3.14,-0.50,26.00,-0.02,-0.02
2572464,27.00,-0.15,-0.15,28.00,-3.70,-0.37,26.00,-0.01,0.05
2572524,27.00,-0.12,-0.23,28.00,-3.66,-0.02,26.00,0.04,-0.03
2572584,27.00,0.08,-0.19,28.00,-3.82,-0.16,26.00,0.01,0.06
2572645,27.00,-0.10,-0.11,28.00,-3.63,-0.34,26.00,0.04,-0.07
2572705,27.00,0.02,-0.21,28.00,-3.54,-0.36,26.00,-0.02,0.08
2572765,27.00,0.12,-0.29,28.00,-3.82,-0.90,26.00,0.02,0.05
2572825,27.00,-0.02,-0.22,28.00,-3.33,-0.30,26.00,-0.01,-0.04
2572885,27.00,0.12,-0.27,28.00,-2.89,-0.33,26.00,-0.08,-0.06
2572945,27.00,0.11,-0.07,28.00,-2.70,-0.31,26.00,-0.04,-0.01
2573005,27.00,-0.01,-0.16,28.00,-2.35,-0.65,26.00,-0.05,-0.03
2573066,27.00,0.04,-0.22,28.00,-1.69,-0.59,26.00,-0.01,0.02
2573126,27.00,0.08,-0.29,28.00,-1.22,-0.49,26.00,-0.02,-0.02
2573186,27.00,0.11,-0.16,28.00,-0.62,-1.00,26.00,-0.01,-0.08
2573246,27.00,0.12,-0.12,28.00,-0.20,-0.58,26.00,-0.05,-0.07
2573306,27.00,-0.08,-0.23,28.00,0.46,-0.18,26.00,0.04,-0.00
2573366,27.00,0.08,-0.16,28.00,1.11,-0.20,26.00,-0.04,0.00
2573426,27.00,-0.11,-0.15,28.00,1.55,-0.52,26.00,-0.08,-0.06
2573486,27.00,-0.17,-0.20,28.00,2.15,-0.22,26.00,-0.10,-0.02
2573547,27.00,0.10,-0.06,28.00,2.67,-0.60,26.00,0.01,0.02
2573607,27.00,0.02,-0.14,28.00,3.01,0.09,26.00,0.08,0.02
2573667,27.00,0.05,-0.04,28.00,3.04,0.61,26.00,0.05,-0.05
2573727,27.00,-0.12,-0.22,28.00,3.51,-0.06,26.00,-0.02,-0.07
2573787,27.00,-0.05,-0.24,28.00,3.82,-0.10,26.00,-0.04,-0.00
2573847,27.00,-0.07,-0.23,28.00,4.05,0.22,26.00,0.07,0.03
2573907,27.00,-0.05,-0.08,28.00,3.82,-0.24,26.00,0.05,0.00
2573968,27.00,0.02,-0.07,28.00,4.02,-0.04,26.00,-0.04,0.02
2574028,27.00,-0.10,-0.01,28.00,3.73,0.24,26.00,0.02,-0.00
2574088,27.00,0.01,-0.25,28.00,3.32,-0.09,26.00,0.05,-0.15
2574148,27.00,-0.02,-0.16,28.00,2.81,-0.17,26.00,-0.02,-0.11
2574208,27.00,0.04,-0.36,28.00,2.79,0.30,26.00,-0.02,-0.04
2574268,27.00,-0.07,-0.14,28.00,2.09,-0.10,26.00,-0.02,0.01
2574328,27.00,-0.01,-0.20,28.00,1.53,0.22,26.00,0.04,-0.08
2574388,27.00,0.08,-0.06,28.00,1.24,-0.37,26.00,0.02,-0.11
2574449,27.00,-0.17,-0.22,28.00,0.52,0.23,26.00,-0.02,-0.01
2574509,27.00,-0.02,-0.29,28.00,0.07,-0.18,26.00,-0.07,-0.11
2574569,27.00,0.07,-0.01,28.00,-0.80,-0.40,26.00,0.02,-0.07
2574629,27.00,-0.05,-0.35,28.00,-1.15,-0.11,26.00,-0.04,0.00
2574689,27.00,0.02,-0.24,28.00,-1.58,-0.05,26.00,-0.04,-0.04
2574749,27.00,-0.01,-0.11,28.00,-2.01,-0.32,26.00,-0.10,-0.09
2574809,27.00,-0.01,-0.12,28.00,-2.79,0.03,26.00,-0.02,-0.01
2574870,27.00,-0.08,-0.35,28.00,-2.98,-0.20,26.00,0.01,-0.07
2574930,27.00,0.11,-0.17,28.00,-3.27,-0.32,26.00,-0.04,0.01
2574990,27.00,0.01,-0.35,28.00,-3.44,0.20,26.00,0.02,-0.01
2575050,27.00,-0.02,-0.23,28.00,-3.61,-0.67,26.00,0.01,-0.08
2575110,27.00,-0.05,-0.12,28.00,-3.86,0.19,26.00,0.05,0.03
2575170,27.00,0.08,-0.27,28.00,-3.82,0.00,26.00,-0.08,-0.06
2575230,27.00,-0.18,-0.07,28.00,-3.45,0.00,26.00,0.01,0.04
2575290,27.00,-0.02,-0.17,28.00,-3.79,-0.07,26.00,-0.07,-0.05
2575351,27.00,-0.05,-0.16,28.00,-3.47,-0.40,26.00,-0.02,-0.06
2575411,27.00,-0.12,-0.19,28.00,-3.16,-0.29,26.00,-0.04,-0.03
2575471,27.00,0.10,-0.04,28.00,-2.41,-0.33,26.00,-0.02,0.01
2575531,27.00,-0.01,-0.31,28.00,-2.10,-0.76,26.00,-0.01,-0.03
2575591,27.00,0.24,-0.05,28.00,-1.55,-0.31,26.00,-0.04,0.01
2575651,27.00,0.07,-0.10,28.00,-1.05,-0.45,26.00,-0.02,-0.01
2575711,27.00,0.12,-0.13,28.00,-0.42,-0.51,26.00,0.08,-0.04
2575772,27.00,-0.04,-0.18,28.00,0.12,-0.36,26.00,-0.01,-0.06
2575832,27.00,-0.04,-0.28,28.00,0.67,-0.06,26.00,-0.02,-0.03
2575892,27.00,0.11,-0.03,28.00,1.30,-0.27,26.00,-0.02,-0.04
2575952,27.00,0.02,-0.20,28.00,1.78,-0.70,26.00,0.02,-0.03
2576012,27.00,0.02,-0.18,28.00,2.37,0.05,26.00,-0.05,-0.02
2576072,27.00,-0.05,-0.28,28.00,2.79,-0.37,26.00,0.01,-0.10
2576132,27.00,0.02,-0.24,28.00,3.10,-0.04,26.00,-0.01,-0.04
2576192,27.00,-0.10,-0.28,28.00,3.66,-0.41,26.00,0.07,-0.10
2576253,27.00,-0.11,-0.17,28.00,3.47,-0.02,26.00,-0.04,0.04
2576313,27.00,0.04,-0.24,28.00,3.77,-0.29,26.00,-0.11,-0.06
2576373,27.00,-0.02,-0.16,28.00,4.01,-0.15,26.00,0.02,0.01
2576433,27.00,-0.02,-0.21,28.00,3.85,0.04,26.00,-0.10,-0.05
2576493,27.00,-0.01,-0.49,28.00,3.71,0.26,26.00,-0.04,-0.05
2576553,27.00,-0.08,-0.33,28.00,3.83,0.25,26.00,0.01,-0.07
2576613,27.00,0.01,-0.31,28.00,2.97,0.43,26.00,0.01,-0.06
2576674,27.00,-0.02,-0.22,28.00,2.57,0.25,26.00,0.02,-0.04
2576734,27.00,0.07,-0.16,28.00,2.50,0.25,26.00,-0.04,-0.04
2576794,27.00,-0.01,-0.44,28.00,1.96,0.27,26.00,0.01,0.02
2576854,27.00,-0.05,-0.24,28.00,1.46,0.19,26.00,-0.02,-0.08
2576914,27.00,0.11,-0.12,28.00,1.11,0.42,26.00,0.02,-0.10
2576974,27.00,-0.05,-0.15,28.00,0.27,0.51,26.00,0.01,-0.05
2577034,27.00,0.08,-0.03,28.00,-0.12,-0.05,26.00,0.01,-0.07
2577095,27.00,0.10,-0.13,28.00,-0.61,0.07,26.00,-0.07,-0.01
2577155,27.00,-0.04,-0.11,28.00,-1.40,-0.19,26.00,-0.01,-0.00
2577215,27.00,0.08,-0.14,28.00,-1.97,-0.33,26.00,-0.05,-0.05
2577275,27.00,-0.15,0.11,28.00,-2.40,-0.36,26.00,-0.07,-0.12
2577335,27.00,0.01,-0.07,28.00,-2.66,-0.35,26.00,0.04,-0.07
2577395,27.00,-0.15,-0.44,28.00,-3.17,-0.36,26.00,-0.05,-0.07
2577455,27.00,0.04,-0.23,28.00,-3.54,0.02,26.00,-0.07,-0.06
2577515,27.00,0.05,-0.08,28.00,-3.71,-0.65,26.00,0.02,-0.08
2577576,27.00,0.08,-0.03,28.00,-3.51,-0.52,26.00,-0.01,-0.04
2577636,27.00,-0.01,-0.07,28.00,-3.70,-0.35,26.00,0.02,-0.01
2577696,27.00,0.14,0.07,28.00,-3.68,-0.50,26.00,-0.07,0.00
2577756,27.00,-0.10,-0.26,28.00,-3.66,-0.63,26.00,0.07,-0.05
2577816,27.00,0.07,-0.07,28.00,-3.26,-0.12,26.00,0.01,0.00
2577876,27.00,0.17,-0.20,28.00,-2.97,-0.23,26.00,0.02,-0.04
2577936,27.00,-0.07,-0.11,28.00,-2.82,-0.46,26.00,-0.01,-0.04
2577997,27.00,0.08,-0.15,28.00,-2.23,-0.49,26.00,-0.04,-0.00
2578057,27.00,-0.14,-0.21,28.00,-1.78,-0.65,26.00,-0.04,0.01
2578117,27.00,-0.08,-0.25,28.00,-1.46,-0.80,26.00,-0.01,-0.10
2578177,27.00,-0.07,0.00,28.00,-0.56,-1.04,26.00,0.08,0.07
2578237,27.00,-0.01,-0.13,28.00,0.02,-0.74,26.00,-0.02,-0.05
2578297,27.00,-0.02,-0.23,28.00,0.27,-0.13,26.00,0.01,-0.05
2578357,27.00,0.05,-0.32,28.00,0.70,0.20,26.00,-0.04,-0.04
2578417,27.00,0.07,-0.01,28.00,1.46,-0.11,26.00,-0.02,-0.02
2578478,27.00,-0.02,-0.11,28.00,2.09,-0.29,26.00,-0.04,-0.06
2578538,27.00,-0.01,-0.38,28.00,2.56,-0.05,26.00,0.07,0.02
2578598,27.00,0.10,-0.22,28.00,2.84,-0.24,26.00,0.02,0.00
2578658,27.00,0.05,-0.16,28.00,3.19,-0.58,26.00,-0.02,-0.12
2578718,27.00,-0.10,-0.09,28.00,3.60,-0.22,26.00,-0.01,-0.05
2578778,27.00,-0.02,-0.28,28.00,3.77,-0.32,26.00,0.01,-0.06
2578838,27.00,0.08,-0.09,28.00,4.05,-0.21,26.00,-0.05,-0.01
2578899,27.00,-0.05,-0.23,28.00,4.23,-0.38,26.00,-0.04,-0.06
2578959,27.00,-0.23,-0.31,28.00,4.07,0.07,26.00,-0.02,0.02
2579019,27.00,0.04,-0.30,28.00,3.68,-0.33,26.00,0.01,-0.04
2579079,27.00,-0.04,-0.27,28.00,3.49,-0.65,26.00,-0.01,0.00
2579139,27.00,0.04,-0.19,28.00,3.29,-0.04,26.00,-0.04,-0.04
2579199,27.00,0.11,-0.26,28.00,2.50,-0.10,26.00,0.01,-0.02
2579259,27.00,-0.01,-0.35,28.00,2.25,0.05,26.00,-0.07,-0.11
2579319,27.00,0.05,-0.05,28.00,1.91,0.07,26.00,-0.05,0.01
2579380,27.00,0.01,-0.21,28.00,1.16,-0.09,26.00,-0.07,-0.06
2579440,27.00,-0.02,-0.29,28.00,0.67,0.01,26.00,0.02,-0.08
2579500,27.00,0.04,-0.17,28.00,-0.07,-0.00,26.00,0.04,-0.09
2579560,27.00,-0.05,-0.11,28.00,-0.43,-0.03,26.00,-0.01,-0.05
2579620,27.00,0.01,-0.23,28.00,-1.16,-0.51,26.00,-0.07,-0.05
2579680,27.00,0.14,0.01,28.00,-1.69,-0.43,26.00,-0.02,-0.12
2579740,27.00,0.08,-0.20,28.00,-1.99,0.16,26.00,0.05,-0.03
2579801,27.00,-0.01,-0.31,28.00,-2.60,0.04,26.00,0.01,-0.07
2579861,27.00,-0.10,-0.22,28.00,-3.22,-0.45,26.00,0.07,-0.06
2579921,27.00,-0.08,-0.36,28.00,-3.41,-0.23,26.00,-0.02,0.03
2579981,27.00,-0.12,-0.32,28.00,-3.71,0.04,26.00,0.01,-0.04
2580041,27.00,0.01,-0.19,28.00,-4.02,-0.69,26.00,0.02,-0.03
2580101,27.00,-0.10,-0.14,28.00,-3.63,-0.36,26.00,0.01,-0.07
2580161,27.00,-0.21,-0.39,28.00,-3.98,-0.13,26.00,0.01,-0.06
2580221,27.00,-0.08,-0.09,28.00,-4.01,-0.12,26.00,-0.01,-0.03
2580282,27.00,0.01,-0.15,28.00,-3.76,-0.63,26.00,-0.07,0.04
2580342,27.00,0.04,-0.15,28.00,-3.20,-0.36,26.00,0.02,0.05
2580402,27.00,0.02,-0.24,28.00,-2.84,-0.37,26.00,-0.01,0.05
2580462,27.00,-0.01,-0.18,28.00,-2.72,-0.44,26.00,-0.02,-0.01
2580522,27.00,0.15,-0.07,28.00,-2.19,-0.02,26.00,-0.01,0.03
2580582,27.00,0.04,-0.23,28.00,-1.63,-0.73,26.00,-0.12,-0.12
2580642,27.00,-0.05,-0.35,28.00,-1.12,-0.35,26.00,-0.02,-0.07
2580703,27.00,0.04,-0.17,28.00,-0.56,-0.50,26.00,0.05,-0.05
2580763,27.00,-0.08,-0.20,28.00,-0.12,-0.56,26.00,-0.04,-0.08
2580823,27.00,-0.11,-0.23,28.00,0.46,-0.34,26.00,-0.05,-0.04
2580883,27.00,-0.04,-0.29,28.00,1.16,0.43,26.00,0.04,-0.04
2580943,27.00,0.01,-0.19,28.00,1.68,-0.27,26.00,0.04,-0.03
2581003,27.00,-0.10,-0.14,28.00,2.40,-0.39,26.00,-0.01,0.04
2581063,27.00,-0.11,-0.23,28.00,2.75,-0.00,26.00,-0.01,0.03
2581123,27.00,0.02,-0.29,28.00,3.00,-0.09,26.00,0.01,0.01
2581184,27.00,-0.17,-0.26,28.00,3.42,0.26,26.00,0.02,-0.03
2581244,27.00,0.05,-0.14,28.00,3.73,-0.06,26.00,0.04,-0.01
2581304,27.00,-0.17,-0.32,28.00,3.82,0.15,26.00,0.01,-0.07
2581364,27.00,0.18,-0.22,28.00,3.51,-0.04,26.00,0.02,0.08
2581424,27.00,-0.14,-0.08,28.00,3.66,-0.32,26.00,0.01,-0.05
2581484,27.00,-0.05,-0.27,28.00,3.66,-0.40,26.00,-0.02,-0.04
2581544,27.00,-0.01,-0.12,28.00,3.48,-0.22,26.00,0.04,0.01
2581605,27.00,-0.01,-0.24,28.00,3.25,0.47,26.00,-0.02,-0.02
2581665,27.00,0.14,-0.13,28.00,2.67,-0.36,26.00,0.04,0.04
2581725,27.00,-0.11,-0.31,28.00,2.34,-0.00,26.00,0.05,0.00
2581785,27.00,0.17,-0.19,28.00,2.18,-0.00,26.00,-0.07,-0.03
2581845,27.00,0.02,-0.00,28.00,1.75,0.31,26.00,-0.01,-0.00
2581905,27.00,-0.02,-0.18,28.00,0.83,0.53,26.00,-0.07,-0.07
2581965,27.00,0.08,-0.15,28.00,0.42,-0.11,26.00,-0.01,0.01
2582026,27.00,0.05,-0.11,28.00,0.01,-0.19,26.00,-0.05,-0.06
2582086,27.00,0.01,0.02,28.00,-0.61,-0.06,26.00,-0.02,-0.07
2582146,27.00,-0.10,-0.30,28.00,-1.46,-0.04,26.00,-0.01,-0.09
2582206,27.00,0.08,-0.44,28.00,-2.01,-0.20,26.00,-0.04,-0.03
2582266,27.00,0.07,-0.18,28.00,-2.34,0.25,26.00,-0.05,-0.06
2582326,27.00,0.10,-0.11,28.00,-2.82,0.06,26.00,-0.04,-0.05
2582386,27.00,-0.02,-0.20,28.00,-3.32,-0.03,26.00,-0.04,-0.06
2582446,27.00,-0.01,-0.23,28.00,-3.54,-0.44,26.00,-0.01,-0.08
2582507,27.00,-0.02,-0.21,28.00,-3.60,-0.27,26.00,-0.02,-0.10
2582567,27.00,-0.02,-0.11,28.00,-3.79,-0.47,26.00,-0.04,-0.03
2582627,27.00,0.08,-0.13,28.00,-3.82,-0.15,26.00,0.04,-0.06
2582687,27.00,-0.17,-0.21,28.00,-4.21,-0.09,26.00,0.01,-0.02
2582747,27.00,-0.01,-0.31,28.00,-3.83,-0.27,26.00,-0.04,0.03
2582807,27.00,-0.01,-0.03,28.00,-3.45,-0.38,26.00,0.02,-0.07
2582867,27.00,0.05,-0.17,28.00,-3.33,-0.37,26.00,0.02,-0.05
2582928,27.00,0.08,-0.26,28.00,-2.78,-0.50,26.00,-0.04,0.02
2582988,27.00,-0.08,-0.21,28.00,-2.47,-0.80,26.00,0.07,0.02
2583048,27.00,0.05,-0.31,28.00,-1.81,-0.50,26.00,0.04,0.04
2583108,27.00,-0.12,-0.20,28.00,-1.47,-0.37,26.00,-0.04,-0.04
2583168,27.00,0.10,-0.12,28.00,-0.92,-0.92,26.00,0.04,-0.03
2583228,27.00,0.02,-0.15,28.00,-0.43,-0.61,26.00,-0.07,0.07
2583288,27.00,0.02,-0.18,28.00,0.15,-0.36,26.00,0.01,-0.04
2583348,27.00,0.12,-0.28,28.00,1.00,-0.65,26.00,-0.04,-0.07
2583409,27.00,-0.02,-0.29,28.00,1.44,-0.18,26.00,0.04,-0.05
2583469,27.00,-0.02,-0.29,28.00,1.94,0.49,26.00,0.04,-0.03
2583529,27.00,-0.01,-0.28,28.00,2.40,-0.09,26.00,0.02,0.03
2583589,27.00,-0.02,-0.23,28.00,2.82,-0.24,26.00,-0.04,-0.01
2583649,27.00,-0.23,-0.25,28.00,3.01,-0.01,26.00,-0.04,0.10
2583709,27.00,-0.10,-0.22,28.00,3.57,-0.01,26.00,0.01,-0.05
2583769,27.00,0.08,-0.05,28.00,3.86,-0.12,26.00,0.01,-0.03
2583830,27.00,-0.10,-0.24,28.00,3.98,-0.44,26.00,-0.02,0.01
2583890,27.00,0.15,-0.32,28.00,3.98,0.06,26.00,-0.02,-0.06
2583950,27.00,0.07,0.03,28.00,4.11,-0.38,26.00,-0.08,-0.03
2584010,27.00,-0.05,-0.21,28.00,3.71,0.18,26.00,-0.01,-0.07
2584070,27.00,-0.10,-0.24,28.00,3.41,-0.15,26.00,-0.08,0.07
2584130,27.00,0.20,-0.12,28.00,3.13,0.31,26.00,-0.04,-0.03
2584190,27.00,-0.02,-0.09,28.00,3.08,0.28,26.00,-0.05,-0.02
2584250,27.00,-0.04,-0.27,28.00,2.16,0.04,26.00,-0.02,-0.01
2584311,27.00,0.08,-0.18,28.00,1.87,0.13,26.00,-0.05,-0.02
2584371,27.00,0.02,-0.36,28.00,1.22,0.48,26.00,0.07,-0.07
2584431,27.00,-0.04,-0.15,28.00,0.49,0.32,26.00,-0.02,-0.08
2584491,27.00,0.01,-0.13,28.00,-0.01,0.00,26.00,0.04,-0.04
2584551,27.00,-0.04,-0.16,28.00,-0.36,-0.36,26.00,-0.12,-0.04
2584611,27.00,-0.07,-0.12,28.00,-0.93,0.05,26.00,0.01,-0.08
2584671,27.00,-0.12,-0.26,28.00,-1.62,0.20,26.00,0.02,-0.01
2584732,27.00,0.07,-0.29,28.00,-2.22,-0.06,26.00,0.04,-0.03
2584792,27.00,0.11,-0.30,28.00,-2.50,-0.17,26.00,0.02,-0.05
2584852,27.00,-0.01,-0.26,28.00,-2.82,-0.22,26.00,-0.05,-0.07
2584912,27.00,0.04,-0.04,28.00,-3.32,-0.05,26.00,0.08,-0.02
2584972,27.00,0.07,-0.19,28.00,-3.60,0.06,26.00,-0.04,-0.05
2585032,27.00,-0.12,-0.39,28.00,-3.93,-0.31,26.00,-0.02,0.00
2585092,27.00,-0.08,-0.22,28.00,-3.88,-0.52,26.00,-0.05,-0.04
2585152,27.00,0.17,-0.15,28.00,-4.08,-0.16,26.00,0.08,-0.02
2585213,27.00,-0.14,-0.22,28.00,-3.74,-0.07,26.00,0.01,-0.08
2585273,27.00,-0.02,-0.20,28.00,-3.83,-0.39,26.00,-0.02,-0.07
2585333,27.00,0.07,-0.31,28.00,-3.25,0.01,26.00,-0.02,-0.00
2585393,27.00,0.02,-0.25,28.00,-2.85,-0.53,26.00,0.02,-0.04
2585453,27.00,-0.01,-0.29,28.00,-2.64,-0.37,26.00,0.01,-0.12
2585513,27.00,0.07,-0.36,28.00,-1.91,-0.63,26.00,-0.04,-0.07
2585573,27.00,0.04,-0.05,28.00,-1.68,-0.26,26.00,-0.04,-0.07
2585634,27.00,-0.05,-0.25,28.00,-1.05,-0.49,26.00,0.02,-0.03
2585694,27.00,-0.08,-0.10,28.00,-0.64,-0.48,26.00,0.02,0.00
2585754,27.00,-0.02,-0.31,28.00,-0.14,-0.52,26.00,-0.01,-0.05
2585814,27.00,0.04,-0.27,28.00,0.59,-0.24,26.00,-0.01,0.00
2585874,27.00,0.11,-0.13,28.00,1.16,-0.35,26.00,-0.02,-0.10
2585934,27.00,-0.12,-0.45,28.00,1.58,0.24,26.00,0.02,-0.04
2585994,27.00,0.04,-0.22,28.00,2.04,0.19,26.00,0.01,-0.07
2586054,27.00,-0.02,-0.44,28.00,2.41,-0.06,26.00,-0.01,-0.12
2586115,27.00,0.12,-0.26,28.00,3.11,-0.28,26.00,-0.02,0.02
2586175,27.00,-0.17,-0.18,28.00,3.49,-0.00,26.00,-0.01,-0.01
2586235,27.00,-0.05,-0.11,28.00,3.47,-0.39,26.00,-0.05,-0.00
2586295,27.00,0.12,-0.22,28.00,3.51,-0.18,26.00,0.04,-0.00
2586355,27.00,0.11,-0.07,28.00,3.99,-0.33,26.00,0.02,-0.05
2586415,27.00,-0.08,-0.15,28.00,4.12,-0.26,26.00,-0.01,-0.03
2586475,27.00,-0.05,-0.12,28.00,3.74,0.42,26.00,0.02,-0.01
2586536,27.00,-0.04,-0.20,28.00,3.95,0.22,26.00,0.01,-0.05
2586596,27.00,-0.10,-0.08,28.00,3.45,0.21,26.00,-0.07,-0.02
2586656,27.00,0.05,-0.31,28.00,3.11,0.07,26.00,-0.01,-0.08
2586716,27.00,-0.02,-0.10,28.00,2.76,-0.06,26.00,-0.02,-0.07
2586776,27.00,-0.20,-0.28,28.00,2.10,0.54,26.00,-0.01,-0.00
2586836,27.00,0.12,-0.33,28.00,1.40,-0.00,26.00,0.04,-0.01
2586896,27.00,0.02,-0.25,28.00,0.87,0.04,26.00,0.05,-0.05
2586957,27.00,-0.10,-0.16,28.00,0.48,0.59,26.00,-0.01,-0.07
2587017,27.00,0.14,-0.22,28.00,0.04,-0.21,26.00,0.07,-0.00
2587077,27.00,0.01,-0.14,28.00,-0.61,-0.10,26.00,0.01,-0.02
2587137,27.00,0.01,-0.21,28.00,-1.16,-0.24,26.00,-0.01,-0.08
2587197,27.00,-0.08,-0.07,28.00,-1.75,0.02,26.00,0.01,-0.07
2587257,27.00,0.08,-0.07,28.00,-2.37,-0.38,26.00,0.05,0.06
2587317,27.00,0.10,-0.19,28.00,-3.11,-0.36,26.00,-0.02,0.00
2587377,27.00,0.10,-0.07,28.00,-2.82,-0.72,26.00,-0.05,-0.02
2587438,27.00,0.07,-0.13,28.00,-3.25,-0.44,26.00,0.02,-0.02
2587498,27.00,-0.01,-0.22,28.00,-3.58,-0.26,26.00,0.01,-0.06
2587558,27.00,-0.12,-0.15,28.00,-3.71,-0.24,26.00,0.02,-0.08
2587618,27.00,0.10,-0.04,28.00,-3.82,-0.73,26.00,-0.05,0.01
2587678,27.00,-0.05,-0.12,28.00,-3.67,-0.20,26.00,0.01,0.01
2587738,27.00,0.05,-0.15,28.00,-3.71,-0.13,26.00,-0.01,-0.02
2587798,27.00,-0.01,-0.03,28.00,-3.36,-0.11,26.00,0.01,0.07
2587859,27.00,0.10,-0.31,28.00,-2.95,-0.54,26.00,-0.05,-0.06
2587919,27.00,-0.14,-0.13,28.00,-3.00,-0.23,26.00,-0.02,-0.04
2587979,27.00,0.05,0.05,28.00,-2.45,-0.25,26.00,0.08,0.00
2588039,27.00,-0.08,-0.16,28.00,-2.40,-0.24,26.00,-0.05,-0.02
2588099,27.00,0.07,-0.24,28.00,-1.43,-0.86,26.00,-0.02,0.01
2588159,27.00,0.04,-0.06,28.00,-0.92,-0.73,26.00,-0.07,-0.03
2588219,27.00,-0.07,-0.15,28.00,-0.45,-0.77,26.00,0.01,0.00
2588279,27.00,0.01,-0.05,28.00,0.15,-0.22,26.00,-0.01,-0.09
2588340,27.00,0.05,-0.10,28.00,0.56,0.10,26.00,0.01,-0.05
2588400,27.00,-0.10,-0.19,28.00,1.18,-0.22,26.00,-0.01,-0.02
2588460,27.00,0.10,-0.18,28.00,1.69,-0.15,26.00,0.01,0.05
2588520,27.00,0.07,-0.41,28.00,2.48,-0.26,26.00,-0.07,-0.02
2588580,27.00,0.30,-0.33,28.00,2.62,-0.10,26.00,-0.01,0.07
2588640,27.00,-0.05,-0.16,28.00,2.89,-0.50,26.00,0.10,0.00
2588700,27.00,0.08,-0.07,28.00,3.63,-0.57,26.00,-0.07,-0.07
2588761,27.00,-0.04,-0.24,28.00,3.55,0.08,26.00,-0.12,-0.10
2588821,27.00,-0.07,-0.32,28.00,3.73,-0.02,26.00,0.02,-0.00
2588881,27.00,0.04,-0.13,28.00,4.10,-0.51,26.00,0.02,-0.04
2588941,27.00,-0.02,-0.18,28.00,4.02,-0.10,26.00,-0.01,-0.01
2589001,27.00,0.05,-0.15,28.00,3.86,-0.40,26.00,0.02,-0.06
2589061,27.00,-0.14,-0.20,28.00,3.52,-0.24,26.00,0.07,0.03
2589121,27.00,0.02,-0.17,28.00,3.05,-0.26,26.00,0.04,0.03
2589181,27.00,0.10,-0.14,28.00,2.75,0.07,26.00,0.08,-0.00
2589242,27.00,-0.12,-0.48,28.00,2.45,0.09,26.00,0.05,-0.11
2589302,27.00,0.15,-0.12,28.00,2.07,0.00,26.00,0.01,-0.07
2589362,27.00,-0.02,-0.08,28.00,1.53,0.22,26.00,0.04,0.02
2589422,27.00,-0.10,-0.22,28.00,0.74,-0.19,26.00,-0.05,-0.00
2589482,27.00,0.10,-0.22,28.00,0.21,0.22,26.00,-0.04,-0.03
2589542,27.00,-0.14,-0.31,28.00,-0.24,-0.35,26.00,0.02,-0.07
2589602,27.00,-0.07,-0.26,28.00,-0.64,-0.44,26.00,-0.01,-0.02
2589663,27.00,0.05,-0.44,28.00,-1.37,-0.31,26.00,-0.02,0.06
2589723,27.00,0.12,-0.16,28.00,-1.84,-0.14,26.00,-0.01,0.01
2589783,27.00,-0.01,-0.29,28.00,-2.41,-0.25,26.00,-0.05,0.05
2589843,27.00,0.07,-0.20,28.00,-3.04,-0.04,26.00,-0.04,-0.05
2589903,27.00,-0.04,-0.28,28.00,-3.25,-0.19,26.00,-0.02,-0.06
2589963,27.00,-0.02,-0.26,28.00,-3.44,-0.45,26.00,0.01,-0.06
2590023,27.00,0.07,-0.26,28.00,-3.71,-0.44,26.00,0.01,-0.05
2590083,27.00,-0.05,-0.22,28.00,-3.77,-0.18,26.00,-0.01,-0.02
2590144,27.00,0.08,-0.09,28.00,-3.93,-0.53,26.00,-0.01,0.02
2590204,27.00,-0.07,-0.36,28.00,-3.63,-0.47,26.00,-0.05,-0.03
2590264,27.00,-0.02,-0.14,28.00,-3.58,-0.94,26.00,-0.07,-0.02
2590324,27.00,0.01,-0.34,28.00,-3.36,-0.61,26.00,0.02,-0.02
2590384,27.00,0.14,-0.21,28.00,-3.07,-0.18,26.00,-0.01,0.03
2590444,27.00,0.02,-0.22,28.00,-3.00,-0.56,26.00,-0.01,-0.05
2590504,27.00,-0.01,-0.22,28.00,-2.28,-0.80,26.00,-0.01,-0.05
2590565,27.00,0.01,-0.24,28.00,-2.00,-0.94,26.00,-0.04,0.03
2590625,27.00,0.10,-0.33,28.00,-1.28,-0.56,26.00,-0.01,-0.06
2590685,27.00,-0.04,-0.30,28.00,-0.67,-0.91,26.00,0.05,0.06
2590745,27.00,0.10,-0.19,28.00,-0.15,-0.97,26.00,-0.07,-0.08
2590805,27.00,0.02,-0.34,28.00,0.27,-0.15,26.00,-0.07,0.01
2590865,27.00,0.11,-0.05,28.00,0.99,0.04,26.00,-0.07,-0.01
2590925,27.00,-0.07,-0.16,28.00,1.37,-0.35,26.00,0.04,-0.03
2590985,27.00,-0.07,-0.22,28.00,2.04,-0.53,26.00,0.01,-0.07
2591046,27.00,-0.02,-0.30,28.00,2.69,-0.79,26.00,-0.01,-0.09
2591106,27.00,-0.08,-0.29,28.00,2.50,0.29,26.00,0.01,-0.05
2591166,27.00,0.15,-0.10,28.00,3.32,0.16,26.00,0.01,-0.03
2591226,27.00,0.02,-0.16,28.00,3.52,0.29,26.00,0.02,-0.04
2591286,27.00,-0.08,-0.17,28.00,3.63,-0.07,26.00,-0.05,-0.06
2591346,27.00,-0.15,-0.33,28.00,3.93,-0.17,26.00,-0.01,-0.07
2591406,27.00,0.04,-0.16,28.00,3.73,0.17,26.00,-0.04,-0.04
2591467,27.00,-0.08,-0.26,28.00,3.66,-0.35,26.00,-0.02,-0.03
2591527,27.00,-0.02,-0.26,28.00,3.61,0.17,26.00,0.04,-0.01
2591587,27.00,-0.14,-0.24,28.00,3.55,0.22,26.00,0.02,-0.05
2591647,27.00,0.02,-0.15,28.00,3.17,0.25,26.00,-0.02,-0.05
2591707,27.00,0.12,-0.20,28.00,2.38,0.12,26.00,-0.10,-0.11
2591767,27.00,0.02,-0.20,28.00,2.34,-0.00,26.00,-0.01,-0.00
2591827,27.00,0.02,-0.08,28.00,1.87,-0.52,26.00,-0.02,-0.05
2591887,27.00,0.01,-0.27,28.00,1.22,0.01,26.00,-0.04,-0.09
2591948,27.00,-0.17,-0.15,28.00,0.67,0.12,26.00,-0.05,0.03
2592008,27.00,0.04,-0.22,28.00,0.02,-0.12,26.00,0.04,-0.00
2592068,27.00,0.18,-0.23,28.00,-0.73,-0.22,26.00,-0.04,-0.09
2592128,27.00,0.02,-0.27,28.00,-1.08,-0.23,26.00,-0.01,-0.04
2592188,27.00,-0.05,-0.13,28.00,-1.88,-0.01,26.00,0.01,-0.12
2592248,27.00,-0.05,-0.11,28.00,-2.04,-0.25,26.00,0.08,0.02
2592308,27.00,-0.17,-0.29,28.00,-2.45,-0.38,26.00,-0.02,-0.09
2592369,27.00,-0.07,-0.07,28.00,-3.14,0.11,26.00,-0.04,-0.07
2592429,27.00,-0.15,-0.36,28.00,-3.44,-0.23,26.00,-0.02,-0.03
2592489,27.00,0.15,-0.34,28.00,-3.73,0.13,26.00,0.02,-0.02
2592549,27.00,-0.12,-0.11,28.00,-3.83,-0.28,26.00,-0.01,0.01
2592609,27.00,-0.02,-0.27,28.00,-4.07,0.11,26.00,-0.12,-0.03
2592669,27.00,0.01,-0.21,28.00,-3.71,-0.36,26.00,-0.05,-0.06
2592729,27.00,-0.07,-0.07,28.00,-4.02,-0.35,26.00,-0.02,-0.07
2592789,27.00,0.12,-0.13,28.00,-3.68,-0.26,26.00,-0.01,-0.05
2592850,27.00,-0.10,-0.21,28.00,-3.44,-0.28,26.00,-0.04,-0.03
2592910,27.00,0.02,-0.21,28.00,-2.95,-0.39,26.00,0.04,-0.14
2592970,27.00,-0.07,-0.14,28.00,-2.69,-0.55,26.00,-0.04,-0.03
2593030,27.00,-0.08,-0.19,28.00,-1.99,-0.58,26.00,0.02,-0.03
2593090,27.00,-0.15,-0.14,28.00,-1.55,-0.09,26.00,-0.07,0.01
2593150,27.00,-0.11,-0.20,28.00,-1.15,-0.15,26.00,0.02,0.01
2593210,27.00,-0.05,-0.20,28.00,-0.39,-0.69,26.00,-0.04,-0.04
2593271,27.00,-0.02,-0.09,28.00,-0.04,-0.26,26.00,-0.02,-0.01
2593331,27.00,-0.02,-0.22,28.00,0.73,-0.19,26.00,-0.12,-0.03
2593391,27.00,-0.12,-0.11,28.00,0.87,-0.29,26.00,-0.01,-0.02
2593451,27.00,0.05,-0.20,28.00,1.60,-0.51,26.00,0.02,-0.00
2593511,27.00,0.08,0.00,28.00,2.28,-0.07,26.00,-0.01,-0.14
2593571,27.00,0.18,-0.22,28.00,2.53,-0.22,26.00,-0.01,0.01
2593631,27.00,-0.05,-0.28,28.00,2.94,0.40,26.00,-0.01,-0.00
2593692,27.00,-0.12,-0.23,28.00,3.45,0.44,26.00,-0.01,-0.13
2593752,27.00,-0.23,-0.15,28.00,3.47,0.31,26.00,0.05,-0.08
2593812,27.00,-0.04,-0.22,28.00,3.80,0.15,26.00,-0.01,0.01
2593872,27.00,-0.04,-0.33,28.00,3.88,0.05,26.00,0.01,-0.07
2593932,27.00,-0.02,-0.15,28.00,3.90,-0.23,26.00,-0.02,-0.07
2593992,27.00,-0.01,-0.32,28.00,3.61,0.26,26.00,0.07,0.02
2594052,27.00,0.14,-0.16,28.00,3.58,0.07,26.00,-0.05,-0.01
2594112,27.00,0.04,-0.21,28.00,3.07,-0.02,26.00,-0.04,-0.06
2594173,27.00,-0.05,-0.25,28.00,2.69,0.09,26.00,-0.01,-0.08
2594233,27.00,-0.01,-0.30,28.00,2.44,0.18,26.00,-0.01,-0.13
2594293,27.00,-0.02,-0.22,28.00,1.96,0.38,26.00,-0.02,-0.01
2594353,27.00,0.08,-0.35,28.00,1.58,0.32,26.00,-0.02,-0.00
2594413,27.00,-0.05,-0.13,28.00,0.87,0.40,26.00,-0.05,-0.03
2594473,27.00,0.07,-0.22,28.00,0.30,-0.03,26.00,0.04,-0.06
2594533,27.00,-0.04,-0.12,28.00,0.01,-0.27,26.00,-0.04,-0.05
2594594,27.00,0.07,-0.13,28.00,-0.74,0.14,26.00,-0.05,-0.02
2594654,27.00,0.01,-0.14,28.00,-1.36,0.36,26.00,-0.01,-0.00
2594714,27.00,0.04,-0.13,28.00,-1.91,-0.10,26.00,-0.04,-0.05
2594774,27.00,0.01,-0.01,28.00,-2.50,-0.41,26.00,0.01,-0.06
2594834,27.00,0.07,-0.01,28.00,-2.81,-0.33,26.00,0.02,-0.02
2594894,27.00,-0.08,-0.28,28.00,-3.08,-0.37,26.00,0.02,-0.00
2594954,27.00,0.04,-0.27,28.00,-3.61,-0.20,26.00,0.01,-0.00
2595014,27.00,0.08,-0.23,28.00,-3.29,-0.43,26.00,-0.02,-0.02
2595075,27.00,-0.08,-0.03,28.00,-3.82,-0.00,26.00,-0.04,-0.03
2595135,27.00,-0.01,-0.21,28.00,-3.93,-0.58,26.00,0.04,-0.04
2595195,27.00,0.11,-0.07,28.00,-3.71,-0.44,26.00,-0.05,-0.04
2595255,27.00,0.04,-0.04,28.00,-3.54,-0.32,26.00,-0.04,0.00
2595315,27.00,0.17,0.05,28.00,-3.55,0.13,26.00,-0.02,-0.03
2595375,27.00,-0.11,-0.22,28.00,-3.08,-0.56,26.00,-0.05,-0.01
2595435,27.00,-0.20,-0.11,28.00,-2.79,-0.34,26.00,-0.08,0.01
2595496,27.00,0.02,-0.23,28.00,-2.40,-0.17,26.00,-0.01,0.03
2595556,27.00,-0.11,-0.34,28.00,-1.75,-0.68,26.00,0.04,-0.07
2595616,27.00,0.08,-0.36,28.00,-1.37,-0.82,26.00,0.05,-0.04
2595676,27.00,-0.08,-0.26,28.00,-0.71,-0.71,26.00,0.02,-0.05
2595736,27.00,0.02,-0.24,28.00,-0.30,-0.38,26.00,-0.05,-0.03
2595796,27.00,0.07,-0.19,28.00,0.27,-0.36,26.00,0.07,-0.04
2595856,27.00,-0.12,-0.23,28.00,0.97,-0.57,26.00,0.05,0.00
2595916,27.00,0.04,-0.37,28.00,1.56,-0.30,26.00,0.08,0.03
2595977,27.00,-0.15,-0.23,28.00,2.19,-0.30,26.00,-0.04,-0.00
2596037,27.00,-0.05,-0.31,28.00,2.22,0.16,26.00,-0.07,-0.02
2596097,27.00,-0.05,-0.33,28.00,3.11,-0.62,26.00,0.01,0.02
2596157,27.00,0.01,-0.17,28.00,3.17,-0.06,26.00,0.05,-0.05
2596217,27.00,0.15,-0.20,28.00,3.52,0.36,26.00,-0.04,-0.03
2596277,27.00,-0.10,-0.24,28.00,3.58,-0.15,26.00,-0.02,-0.07
2596337,27.00,0.02,-0.31,28.00,3.63,-0.29,26.00,0.02,-0.09
2596398,27.00,0.05,-0.29,28.00,4.18,-0.25,26.00,0.01,-0.02
2596458,27.00,0.01,-0.14,28.00,3.92,0.50,26.00,0.07,-0.02
2596518,27.00,0.17,-0.14,28.00,3.58,0.15,26.00,0.01,-0.07
2596578,27.00,0.08,-0.20,28.00,3.44,-0.07,26.00,-0.02,0.05
2596638,27.00,0.08,-0.13,28.00,3.14,0.32,26.00,0.01,-0.01
2596698,27.00,0.10,-0.24,28.00,2.92,-0.07,26.00,-0.07,0.00
2596758,27.00,0.07,-0.24,28.00,2.22,0.14,26.00,-0.04,-0.05
2596818,27.00,0.07,-0.26,28.00,1.93,0.48,26.00,0.02,0.07
2596879,27.00,-0.05,-0.17,28.00,1.19,-0.23,26.00,-0.01,0.00
2596939,27.00,-0.02,-0.15,28.00,0.87,0.46,26.00,0.01,-0.05
2596999,27.00,0.05,-0.23,28.00,0.21,0.08,26.00,0.04,0.05
2597059,27.00,0.11,-0.07,28.00,-0.45,-0.06,26.00,0.02,-0.09
2597119,27.00,-0.15,-0.16,28.00,-0.80,-0.65,26.00,-0.02,-0.16
2597179,27.00,-0.15,-0.27,28.00,-1.44,-0.46,26.00,-0.04,-0.09
2597239,27.00,-0.07,-0.18,28.00,-2.35,0.15,26.00,0.02,-0.00
2597300,27.00,-0.07,-0.27,28.00,-2.86,-0.08,26.00,0.04,-0.05
2597360,27.00,0.08,-0.10,28.00,-3.00,-0.58,26.00,-0.07,-0.02
2597420,27.00,-0.07,-0.29,28.00,-3.57,-0.16,26.00,0.01,-0.03
2597480,27.00,-0.05,-0.15,28.00,-3.44,0.04,26.00,-0.01,-0.05
2597540,27.00,0.02,-0.15,28.00,-3.68,-0.23,26.00,0.12,-0.02
2597600,27.00,0.07,-0.29,28.00,-3.76,-0.78,26.00,-0.02,-0.14
2597660,27.00,-0.12,-0.30,28.00,-3.55,-0.20,26.00,-0.07,-0.07
2597720,27.00,-0.07,-0.00,28.00,-3.99,-0.10,26.00,0.05,-0.02
2597781,27.00,-0.02,-0.28,28.00,-3.52,-0.49,26.00,-0.02,-0.03
2597841,27.00,0.01,-0.37,28.00,-3.38,-0.17,26.00,0.02,-0.14
2597901,27.00,-0.04,-0.22,28.00,-2.95,-0.91,26.00,-0.04,0.05
2597961,27.00,-0.12,-0.32,28.00,-2.53,-0.88,26.00,-0.07,0.02
2598021,27.00,-0.01,-0.35,28.00,-2.19,-0.74,26.00,-0.04,0.02
2598081,27.00,0.07,-0.30,28.00,-1.77,-0.38,26.00,-0.04,-0.08
2598141,27.00,-0.11,0.04,28.00,-1.16,-0.48,26.00,0.02,0.02
2598202,27.00,-0.15,-0.14,28.00,-0.65,-1.06,26.00,-0.01,0.03
2598262,27.00,0.05,-0.17,28.00,-0.07,-0.71,26.00,-0.04,-0.09
2598322,27.00,0.02,-0.39,28.00,0.61,-0.55,26.00,-0.02,-0.06
2598382,27.00,-0.01,-0.20,28.00,0.99,0.04,26.00,-0.01,-0.05
2598442,27.00,0.08,-0.21,28.00,1.68,0.11,26.00,-0.02,-0.07
2598502,27.00,0.02,-0.26,28.00,2.28,0.11,26.00,0.02,0.00
2598562,27.00,-0.04,-0.19,28.00,2.67,0.25,26.00,-0.02,-0.05
2598622,27.00,0.08,-0.23,28.00,2.94,-0.35,26.00,0.01,0.01
2598683,27.00,0.11,-0.37,28.00,3.54,-0.59,26.00,-0.01,-0.00
2598743,27.00,0.20,-0.26,28.00,3.51,0.07,26.00,-0.07,-0.01
2598803,27.00,0.10,-0.23,28.00,3.67,0.05,26.00,-0.07,-0.04
2598863,27.00,-0.08,-0.20,28.00,3.76,-0.27,26.00,0.01,-0.00
2598923,27.00,0.07,-0.22,28.00,3.49,-0.00,26.00,-0.02,-0.03
2598983,27.00,0.21,-0.15,28.00,3.73,-0.56,26.00,-0.07,-0.04
2599043,27.00,-0.15,-0.44,28.00,3.55,-0.19,26.00,0.02,-0.04
2599104,27.00,0.10,-0.07,28.00,3.44,-0.16,26.00,0.10,-0.08
2599164,27.00,-0.04,-0.29,28.00,3.17,-0.58,26.00,0.01,-0.04
2599224,27.00,-0.05,-0.36,28.00,2.63,0.15,26.00,0.04,0.01
2599284,27.00,-0.01,-0.28,28.00,2.09,-0.10,26.00,0.02,0.04
2599344,27.00,-0.01,-0.22,28.00,1.65,0.15,26.00,0.04,-0.08
2599404,27.00,-0.04,-0.15,28.00,0.92,0.01,26.00,0.04,0.01
2599464,27.00,-0.02,-0.07,28.00,0.42,-0.34,26.00,0.02,-0.00
2599525,27.00,-0.08,-0.16,28.00,-0.01,-0.12,26.00,-0.02,-0.10
2599585,27.00,0.18,-0.28,28.00,-0.58,-0.22,26.00,-0.02,-0.01
2599645,27.00,-0.02,-0.08,28.00,-1.31,-0.43,26.00,-0.02,-0.02
2599705,27.00,0.01,-0.19,28.00,-1.99,0.13,26.00,-0.04,0.05
2599765,27.00,-0.14,-0.27,28.00,-2.38,0.24,26.00,-0.01,-0.02
2599825,27.00,-0.10,-0.02,28.00,-2.86,-0.17,26.00,-0.02,-0.02
2599885,27.00,0.02,-0.36,28.00,-3.10,-0.23,26.00,-0.02,0.01
2599945,27.00,-0.14,-0.38,28.00,-3.41,-0.57,26.00,-0.01,-0.03
2600006,27.00,-0.07,-0.11,28.00,-3.60,-0.29,26.00,0.02,-0.02
2600066,27.00,0.10,-0.09,28.00,-3.80,-0.29,26.00,0.05,-0.10
2600126,27.00,-0.05,-0.12,28.00,-3.98,-0.16,26.00,0.02,0.07
2600186,27.00,-0.02,-0.20,28.00,-3.90,-0.04,26.00,-0.02,0.05
2600246,27.00,-0.05,-0.26,28.00,-3.92,-0.29,26.00,0.01,-0.01
2600306,27.00,0.04,-0.17,28.00,-3.52,-0.57,26.00,0.07,0.01
2600366,27.00,-0.10,-0.43,28.00,-3.33,-0.27,26.00,0.04,0.01
2600427,27.00,0.04,-0.12,28.00,-2.98,-0.31,26.00,0.07,-0.03
2600487,27.00,0.10,-0.29,28.00,-2.41,-0.46,26.00,0.02,-0.00
2600547,27.00,-0.07,-0.02,28.00,-2.00,-0.09,26.00,0.04,-0.10
2600607,27.00,-0.15,-0.15,28.00,-1.66,-0.41,26.00,0.05,-0.03
2600667,27.00,-0.02,-0.30,28.00,-0.97,-1.02,26.00,0.01,-0.01
2600727,27.00,-0.02,-0.04,28.00,-0.32,-0.48,26.00,0.02,0.03
2600787,27.00,0.14,-0.15,28.00,0.29,-0.20,26.00,0.01,-0.07
2600847,27.00,0.01,-0.18,28.00,0.86,-0.39,26.00,-0.04,-0.04
2600908,27.00,0.05,-0.13,28.00,1.47,-0.49,26.00,-0.01,-0.07
2600968,27.00,0.01,-0.03,28.00,2.04,0.14,26.00,-0.04,-0.05
2601028,27.00,0.07,-0.44,28.00,2.29,0.02,26.00,-0.04,-0.07
2601088,27.00,-0.08,-0.30,28.00,2.88,0.16,26.00,-0.01,-0.03
2601148,27.00,-0.10,-0.23,28.00,3.14,-0.22,26.00,-0.07,-0.05
2601208,27.00,0.08,-0.12,28.00,3.42,0.20,26.00,-0.02,0.02
2601268,27.00,-0.18,-0.19,28.00,3.74,0.20,26.00,-0.07,-0.05
2601329,27.00,0.01,-0.16,28.00,3.70,-0.29,26.00,-0.02,-0.01
2601389,27.00,-0.02,-0.06,28.00,3.70,-0.22,26.00,0.04,-0.00
2601449,27.00,-0.08,-0.18,28.00,3.85,-0.18,26.00,-0.01,-0.08
2601509,27.00,-0.08,-0.28,28.00,3.60,0.04,26.00,-0.05,-0.10
2601569,27.00,-0.12,-0.36,28.00,3.44,-0.05,26.00,0.01,0.00
2601629,27.00,0.23,-0.13,28.00,3.10,0.21,26.00,0.04,-0.07
2601689,27.00,0.08,-0.05,28.00,2.57,0.16,26.00,0.01,-0.04
2601749,27.00,0.02,-0.38,28.00,2.23,0.56,26.00,-0.01,-0.07
2601810,27.00,0.01,-0.19,28.00,1.78,0.18,26.00,-0.02,-0.12
2601870,27.00,0.18,-0.06,28.00,1.27,-0.06,26.00,-0.01,-0.04
2601930,27.00,-0.10,-0.45,28.00,0.64,-0.22,26.00,-0.02,-0.02
2601990,27.00,-0.11,-0.23,28.00,0.29,-0.01,26.00,0.01,-0.00
2602050,27.00,0.07,-0.17,28.00,-0.51,-0.10,26.00,0.02,0.01
2602110,27.00,0.04,-0.15,28.00,-1.00,0.29,26.00,0.02,-0.01
2602170,27.00,-0.17,-0.41,28.00,-1.55,0.01,26.00,-0.05,-0.06
2602231,27.00,0.05,-0.12,28.00,-2.01,-0.27,26.00,-0.07,-0.13
2602291,27.00,0.10,-0.19,28.00,-2.53,0.10,26.00,-0.04,-0.05
2602351,27.00,-0.08,-0.17,28.00,-3.01,0.23,26.00,-0.01,-0.03
2602411,27.00,0.02,-0.13,28.00,-3.57,0.06,26.00,-0.11,-0.05
2602471,27.00,-0.05,-0.27,28.00,-3.42,-0.18,26.00,-0.02,-0.11
2602531,27.00,-0.17,-0.15,28.00,-3.88,-0.42,26.00,0.08,0.02
2602591,27.00,0.01,-0.13,28.00,-3.86,-0.41,26.00,-0.07,0.04
2602651,27.00,0.07,-0.29,28.00,-3.70,-0.37,26.00,-0.02,-0.13
2602712,27.00,0.01,-0.30,28.00,-3.99,-0.36,26.00,0.01,-0.07
2602772,27.00,0.07,-0.26,28.00,-3.39,-0.32,26.00,-0.01,-0.02
2602832,27.00,0.02,-0.03,28.00,-3.52,-0.24,26.00,0.04,-0.01
2602892,27.00,-0.07,-0.07,28.00,-3.16,-0.64,26.00,-0.02,-0.04
2602952,27.00,0.10,-0.16,28.00,-2.57,-0.20,26.00,-0.04,-0.01
2603012,27.00,-0.11,-0.15,28.00,-2.16,-0.05,26.00,0.07,-0.01
2603072,27.00,-0.02,-0.07,28.00,-1.93,-0.22,26.00,-0.05,-0.06
2603133,27.00,-0.01,-0.22,28.00,-1.18,-0.52,26.00,0.02,-0.08
2603193,27.00,0.02,-0.36,28.00,-0.74,-0.76,26.00,-0.04,-0.01
2603253,27.00,-0.05,-0.26,28.00,0.07,-0.73,26.00,-0.02,-0.09
2603313,27.00,0.01,-0.27,28.00,0.53,-0.72,26.00,0.05,-0.08
2603373,27.00,-0.05,-0.27,28.00,0.84,0.00,26.00,0.02,-0.11
2603433,27.00,-0.21,-0.07,28.00,1.49,-0.12,26.00,0.01,0.01
2603493,27.00,0.04,-0.15,28.00,2.04,0.42,26.00,-0.04,0.04
2603553,27.00,-0.17,-0.47,28.00,2.50,0.07,26.00,0.08,0.07
2603614,27.00,-0.08,-0.16,28.00,3.04,0.02,26.00,0.01,0.03
2603674,27.00,-0.11,-0.28,28.00,3.25,0.07,26.00,0.05,-0.05
2603734,27.00,-0.05,-0.07,28.00,3.71,-0.15,26.00,-0.08,-0.08
2603794,27.00,0.04,-0.20,28.00,3.86,-0.49,26.00,-0.05,-0.04
2603854,27.00,-0.10,-0.29,28.00,3.86,0.09,26.00,-0.05,0.00
2603914,27.00,0.10,-0.27,28.00,3.93,-0.03,26.00,-0.04,-0.05
2603974,27.00,0.02,-0.05,28.00,3.79,0.55,26.00,-0.05,-0.03
2604035,27.00,0.10,-0.24,28.00,3.74,0.34,26.00,0.07,-0.06
2604095,27.00,-0.15,-0.25,28.00,3.41,-0.10,26.00,-0.07,-0.07
2604155,27.00,0.17,-0.15,28.00,3.14,0.24,26.00,-0.04,0.01
2604215,27.00,0.10,-0.22,28.00,2.70,0.22,26.00,-0.04,-0.02
2604275,27.00,-0.07,-0.03,28.00,2.07,0.36,26.00,-0.01,-0.00
2604335,27.00,0.05,-0.03,28.00,1.69,0.03,26.00,-0.02,-0.13
2604395,27.00,0.12,-0.26,28.00,0.95,-0.04,26.00,0.04,-0.11
2604455,27.00,0.05,-0.22,28.00,0.42,0.40,26.00,0.02,0.01
2604516,27.00,-0.18,-0.18,28.00,-0.07,0.04,26.00,0.04,-0.03
2604576,27.00,0.14,-0.35,28.00,-0.56,0.02,26.00,-0.01,-0.09
2604636,27.00,-0.02,-0.22,28.00,-1.16,-0.44,26.00,-0.01,-0.08
2604696,27.00,0.01,-0.29,28.00,-1.74,-0.19,26.00,0.02,0.02
2604756,27.00,0.02,-0.15,28.00,-2.19,-0.39,26.00,-0.11,-0.09
2604816,27.00,0.14,-0.13,28.00,-2.75,-0.47,26.00,-0.02,-0.05
2604876,27.00,-0.04,-0.22,28.00,-2.85,-0.39,26.00,0.04,0.00
2604937,27.00,-0.02,-0.29,28.00,-3.36,-0.47,26.00,0.04,-0.11
2604997,27.00,0.07,-0.16,28.00,-3.70,-0.49,26.00,-0.04,-0.06
2605057,27.00,0.02,-0.23,28.00,-3.89,-0.63,26.00,0.02,-0.00
2605117,27.00,0.02,-0.21,28.00,-3.80,-0.06,26.00,0.01,-0.07
2605177,27.00,-0.04,-0.17,28.00,-3.93,-0.22,26.00,0.02,0.03
2605237,27.00,-0.07,-0.13,28.00,-3.86,0.16,26.00,-0.07,-0.00
2605297,27.00,0.15,-0.12,28.00,-3.64,0.15,26.00,0.07,0.02
2605357,27.00,0.05,-0.15,28.00,-3.22,-0.66,26.00,-0.07,-0.02
2605418,27.00,-0.15,-0.09,28.00,-2.76,-0.07,26.00,-0.01,-0.02
2605478,27.00,0.04,-0.18,28.00,-2.44,-0.50,26.00,0.01,-0.05
2605538,27.00,0.15,-0.24,28.00,-2.23,-0.32,26.00,-0.02,0.00
2605598,27.00,-0.18,-0.17,28.00,-1.62,-0.16,26.00,0.02,0.03
2605658,27.00,0.04,-0.16,28.00,-0.92,-1.02,26.00,-0.05,0.07
2605718,27.00,0.04,-0.10,28.00,-0.37,-0.68,26.00,-0.04,0.00
2605778,27.00,-0.05,-0.35,28.00,0.20,-0.44,26.00,-0.10,-0.02
2605839,27.00,0.01,-0.22,28.00,0.77,-0.54,26.00,-0.01,-0.02
2605899,27.00,0.04,-0.14,28.00,1.62,-0.50,26.00,-0.01,-0.02
2605959,27.00,0.04,-0.18,28.00,1.69,-0.14,26.00,0.02,-0.07
2606019,27.00,-0.02,-0.06,28.00,2.38,-0.33,26.00,0.02,-0.06
2606079,27.00,-0.12,-0.36,28.00,3.17,-0.04,26.00,-0.04,0.03
2606139,27.00,0.04,-0.35,28.00,3.20,-0.47,26.00,-0.04,-0.02
2606199,27.00,-0.01,-0.22,28.00,3.90,0.04,26.00,-0.01,-0.07
2606259,27.00,0.07,-0.20,28.00,3.54,-0.18,26.00,-0.04,-0.00
2606320,27.00,0.01,-0.30,28.00,3.58,-0.07,26.00,-0.02,-0.06
2606380,27.00,-0.15,-0.29,28.00,3.99,-0.03,26.00,-0.01,0.01
2606440,27.00,-0.05,0.00,28.00,3.82,-0.06,26.00,-0.02,-0.07
2606500,27.00,0.11,-0.23,28.00,3.64,0.20,26.00,0.01,0.00
2606560,27.00,0.17,-0.22,28.00,3.36,-0.29,26.00,0.05,-0.09
2606620,27.00,-0.01,-0.35,28.00,3.17,-0.29,26.00,0.11,0.00
2606680,27.00,-0.05,-0.11,28.00,2.78,-0.12,26.00,-0.01,0.00
2606741,27.00,0.14,-0.15,28.00,2.45,-0.29,26.00,0.01,-0.07
2606801,27.00,0.11,-0.20,28.00,2.04,-0.08,26.00,-0.01,0.00
2606861,27.00,-0.08,-0.22,28.00,1.27,0.05,26.00,-0.01,-0.13
2606921,27.00,-0.12,-0.20,28.00,1.09,0.06,26.00,-0.02,-0.08
2606981,27.00,0.10,-0.20,28.00,0.53,-0.07,26.00,-0.01,-0.05
2607041,27.00,0.10,-0.17,28.00,-0.37,-0.25,26.00,-0.01,-0.04
2607101,27.00,0.01,-0.16,28.00,-0.80,-0.35,26.00,0.05,-0.08
2607162,27.00,-0.05,-0.07,28.00,-1.50,-0.17,26.00,0.01,-0.04
2607222,27.00,-0.17,-0.19,28.00,-2.03,-0.25,26.00,-0.01,-0.01
2607282,27.00,-0.05,-0.11,28.00,-2.42,-0.25,26.00,-0.04,-0.14
2607342,27.00,0.11,-0.20,28.00,-3.00,-0.61,26.00,-0.04,-0.07
2607402,27.00,-0.07,-0.16,28.00,-3.33,-0.22,26.00,-0.01,0.00
2607462,27.00,-0.02,-0.14,28.00,-3.39,-0.31,26.00,0.08,0.02
2607522,27.00,-0.02,-0.17,28.00,-3.79,-0.39,26.00,0.01,-0.07
2607582,27.00,-0.11,-0.23,28.00,-3.79,-0.15,26.00,-0.02,0.00
2607643,27.00,-0.02,-0.26,28.00,-4.08,-0.52,26.00,0.01,-0.10
2607703,27.00,-0.15,-0.20,28.00,-3.64,-0.44,26.00,-0.08,-0.05
2607763,27.00,-0.08,-0.25,28.00,-3.35,-0.85,26.00,0.01,-0.03
2607823,27.00,0.04,-0.20,28.00,-3.52,-0.56,26.00,-0.07,-0.01
2607883,27.00,-0.04,-0.20,28.00,-3.11,-0.12,26.00,-0.04,0.03
2607943,27.00,-0.01,-0.22,28.00,-2.64,-0.44,26.00,-0.04,-0.01
2608003,27.00,0.10,-0.10,28.00,-2.04,-0.58,26.00,-0.02,-0.06
2608064,27.00,-0.07,-0.23,28.00,-1.82,-0.87,26.00,-0.05,-0.00
2608124,27.00,0.01,-0.06,28.00,-1.22,-0.50,26.00,0.01,-0.04
2608184,27.00,0.01,-0.22,28.00,-0.43,-0.69,26.00,0.01,-0.02
2608244,27.00,-0.24,-0.22,28.00,-0.29,-0.41,26.00,-0.02,-0.00
2608304,27.00,-0.18,-0.51,28.00,0.37,-0.54,26.00,-0.01,-0.07
2608364,27.00,-0.10,-0.43,28.00,0.83,0.10,26.00,0.01,-0.01
2608424,27.00,-0.15,-0.27,28.00,1.40,-0.02,26.00,0.01,-0.02
2608484,27.00,-0.10,0.01,28.00,2.38,-0.57,26.00,-0.05,0.04
2608545,27.00,0.04,-0.20,28.00,2.75,-0.33,26.00,-0.02,0.03
2608605,27.00,-0.01,-0.26,28.00,3.01,-0.30,26.00,0.04,-0.07
2608665,27.00,-0.01,0.07,28.00,3.49,-0.37,26.00,0.02,-0.07
2608725,27.00,-0.01,-0.08,28.00,3.82,0.33,26.00,-0.02,0.01
2608785,27.00,0.14,-0.08,28.00,3.80,0.44,26.00,-0.01,0.04
2608845,27.00,0.07,-0.20,28.00,4.01,-0.55,26.00,-0.04,-0.08
2608905,27.00,-0.05,-0.30,28.00,4.08,0.07,26.00,0.02,-0.04
2608966,27.00,-0.02,-0.04,28.00,3.77,-0.01,26.00,0.01,-0.03
2609026,27.00,0.02,-0.09,28.00,3.88,-0.15,26.00,-0.01,-0.13
2609086,27.00,-0.15,-0.29,28.00,3.48,0.32,26.00,0.01,-0.10
2609146,27.00,0.08,-0.09,28.00,2.75,0.50,26.00,-0.01,-0.03
2609206,27.00,-0.17,-0.15,28.00,2.40,-0.08,26.00,-0.07,-0.11
2609266,27.00,-0.14,-0.29,28.00,2.42,-0.04,26.00,0.01,-0.06
2609326,27.00,0.02,-0.16,28.00,1.49,-0.07,26.00,-0.01,0.03
2609386,27.00,-0.14,-0.29,28.00,1.27,-0.01,26.00,0.02,-0.07
2609447,27.00,-0.04,-0.13,28.00,0.71,-0.18,26.00,0.07,-0.02
2609507,27.00,-0.01,-0.22,28.00,-0.04,-0.15,26.00,0.01,-0.01
2609567,27.00,-0.11,-0.22,28.00,-0.46,0.02,26.00,0.04,-0.11
2609627,27.00,0.08,-0.20,28.00,-1.43,0.21,26.00,0.01,-0.01
2609687,27.00,-0.33,-0.27,28.00,-1.82,-0.10,26.00,-0.07,-0.02
2609747,27.00,-0.07,-0.40,28.00,-1.85,-0.05,26.00,0.01,-0.07
2609807,27.00,0.01,-0.06,28.00,-2.63,-0.19,26.00,0.02,-0.00
2609868,27.00,0.05,-0.16,28.00,-3.23,0.15,26.00,0.02,0.00
2609928,27.00,0.04,-0.23,28.00,-3.39,-0.36,26.00,-0.02,0.01
2609988,27.00,-0.18,-0.47,28.00,-3.64,-0.26,26.00,0.01,-0.04
2610048,27.00,-0.07,-0.29,28.00,-3.71,0.08,26.00,-0.05,-0.02
2610108,27.00,0.02,-0.20,28.00,-4.08,-0.06,26.00,-0.01,-0.05
2610168,27.00,0.02,-0.19,28.00,-3.86,-0.11,26.00,-0.08,-0.01
2610228,27.00,0.04,-0.26,28.00,-3.88,-0.73,26.00,0.01,-0.07
2610288,27.00,0.05,-0.01,28.00,-3.68,-0.41,26.00,0.01,0.03
2610349,27.00,0.12,-0.23,28.00,-3.39,-0.30,26.00,-0.04,-0.01
2610409,27.00,-0.01,-0.12,28.00,-3.05,-0.51,26.00,0.01,-0.00
2610469,27.00,-0.02,-0.30,28.00,-2.69,-0.34,26.00,-0.02,0.01
2610529,27.00,-0.01,-0.24,28.00,-1.88,-0.31,26.00,-0.04,0.00
2610589,27.00,-0.05,-0.22,28.00,-1.62,-0.46,26.00,-0.04,0.07
2610649,27.00,0.02,-0.02,28.00,-1.03,-0.51,26.00,-0.02,0.05
2610709,27.00,-0.11,-0.29,28.00,-0.45,-0.97,26.00,0.04,-0.01
2610770,27.00,-0.17,-0.02,28.00,0.02,-0.68,26.00,0.04,-0.00
2610830,27.00,-0.04,0.07,28.00,0.37,-0.40,26.00,0.05,-0.05
2610890,27.00,0.05,-0.12,28.00,1.18,-0.56,26.00,-0.04,-0.07
2610950,27.00,0.02,-0.36,28.00,1.85,-0.67,26.00,-0.08,-0.09
2611010,27.00,-0.14,-0.22,28.00,2.23,-0.29,26.00,-0.05,-0.01
2611070,27.00,-0.02,-0.15,28.00,2.60,-0.02,26.00,0.01,-0.06
2611130,27.00,0.05,-0.13,28.00,3.13,-0.21,26.00,-0.05,-0.04
2611190,27.00,0.05,-0.29,28.00,3.51,-0.02,26.00,-0.01,-0.02
2611251,27.00,0.17,-0.29,28.00,3.73,-0.29,26.00,0.02,0.01
2611311,27.00,-0.14,-0.24,28.00,3.74,0.38,26.00,-0.02,-0.03
2611371,27.00,0.12,-0.26,28.00,3.64,0.02,26.00,0.02,-0.07
2611431,27.00,0.04,-0.26,28.00,3.71,-0.17,26.00,0.05,0.06
2611491,27.00,0.08,-0.09,28.00,3.64,0.15,26.00,-0.01,0.00
2611551,27.00,0.08,-0.23,28.00,3.39,-0.22,26.00,-0.01,-0.06
2611611,27.00,0.08,-0.24,28.00,3.42,-0.27,26.00,-0.01,-0.01
2611672,27.00,-0.08,-0.21,28.00,2.98,0.45,26.00,-0.05,-0.00
2611732,27.00,0.08,-0.17,28.00,2.45,0.29,26.00,0.02,0.01
2611792,27.00,-0.02,-0.22,28.00,1.85,0.07,26.00,-0.01,-0.03
2611852,27.00,0.07,-0.17,28.00,1.40,0.41,26.00,-0.04,-0.03
2611912,27.00,-0.07,-0.10,28.00,0.89,0.44,26.00,-0.01,-0.04
2611972,27.00,0.15,-0.07,28.00,0.29,0.19,26.00,0.02,-0.05
2612032,27.00,0.02,-0.18,28.00,-0.26,-0.31,26.00,-0.01,0.08
2612093,27.00,-0.04,-0.30,28.00,-0.75,-0.30,26.00,-0.01,0.02
2612153,27.00,-0.14,-0.22,28.00,-1.62,0.29,26.00,-0.05,-0.03
2612213,27.00,0.07,-0.15,28.00,-1.79,0.02,26.00,-0.07,-0.01
2612273,27.00,0.11,-0.15,28.00,-2.38,-0.01,26.00,-0.08,-0.02
2612333,27.00,-0.15,-0.24,28.00,-2.75,-0.29,26.00,-0.02,-0.07
2612393,27.00,-0.04,-0.34,28.00,-3.17,-0.27,26.00,0.04,-0.08
2612453,27.00,-0.12,-0.22,28.00,-3.49,-0.26,26.00,0.05,-0.09
2612513,27.00,0.04,-0.33,28.00,-3.79,-0.15,26.00,-0.07,-0.07
2612574,27.00,0.05,-0.15,28.00,-3.80,-0.10,26.00,-0.10,0.03
2612634,27.00,0.17,-0.32,28.00,-3.86,-0.07,26.00,-0.05,-0.07
2612694,27.00,0.02,-0.16,28.00,-4.08,0.08,26.00,0.05,-0.06
2612754,27.00,-0.24,-0.21,28.00,-3.89,-0.04,26.00,0.08,0.05
2612814,27.00,-0.14,-0.24,28.00,-3.55,-0.15,26.00,0.02,-0.07
2612874,27.00,0.07,-0.13,28.00,-3.20,-0.47,26.00,-0.02,-0.01
2612934,27.00,-0.05,-0.15,28.00,-2.86,-0.30,26.00,-0.02,-0.00
2612995,27.00,-0.18,-0.29,28.00,-2.41,-0.22,26.00,0.01,-0.00
2613055,27.00,0.05,-0.18,28.00,-1.94,-0.12,26.00,-0.05,0.00
2613115,27.00,0.01,-0.02,28.00,-1.37,-0.65,26.00,0.01,-0.03
2613175,27.00,-0.05,-0.12,28.00,-0.74,-0.57,26.00,0.04,-0.02
2613235,27.00,-0.07,-0.20,28.00,-0.45,-0.97,26.00,0.08,-0.08
2613295,27.00,0.01,0.00,28.00,0.45,-0.41,26.00,-0.02,-0.07
2613355,27.00,0.04,-0.06,28.00,1.06,-0.51,26.00,0.01,-0.03
2613415,27.00,-0.08,-0.23,28.00,1.38,-0.15,26.00,0.04,-0.01
2613476,27.00,0.21,-0.04,28.00,1.82,0.45,26.00,0.04,-0.03
2613536,27.00,0.15,-0.29,28.00,2.42,0.32,26.00,-0.05,-0.03
2613596,27.00,0.10,-0.03,28.00,2.86,0.01,26.00,-0.07,-0.02
2613656,27.00,0.01,-0.32,28.00,3.16,0.17,26.00,-0.02,-0.01
2613716,27.00,0.01,-0.16,28.00,3.27,0.10,26.00,-0.04,-0.06
2613776,27.00,0.14,-0.21,28.00,3.61,-0.58,26.00,-0.02,-0.05
2613836,27.00,-0.02,-0.22,28.00,3.95,-0.18,26.00,0.02,0.00
2613897,27.00,-0.02,-0.24,28.00,3.71,0.10,26.00,-0.05,0.02
2613957,27.00,-0.15,-0.28,28.00,3.73,0.21,26.00,0.07,-0.03
2614017,27.00,-0.02,-0.34,28.00,3.54,0.41,26.00,0.05,0.03
2614077,27.00,0.01,-0.18,28.00,3.45,0.02,26.00,0.01,-0.07
2614137,27.00,-0.17,-0.22,28.00,2.95,0.29,26.00,-0.05,-0.06
2614197,27.00,0.01,-0.22,28.00,2.56,0.43,26.00,-0.01,-0.03
2614257,27.00,-0.07,-0.22,28.00,2.09,-0.02,26.00,0.02,-0.06
2614317,27.00,0.04,-0.15,28.00,1.87,0.10,26.00,0.02,-0.00
2614378,27.00,-0.08,-0.15,28.00,1.37,-0.30,26.00,-0.02,-0.07
2614438,27.00,0.01,-0.26,28.00,0.58,0.28,26.00,0.02,-0.00
2614498,27.00,0.02,-0.21,28.00,0.11,-0.32,26.00,-0.04,-0.08
2614558,27.00,0.04,-0.20,28.00,-0.51,-0.36,26.00,-0.04,-0.01
2614618,27.00,-0.14,-0.15,28.00,-0.80,-0.09,26.00,-0.01,0.04
2614678,27.00,-0.11,-0.20,28.00,-1.41,-0.44,26.00,0.02,-0.01
2614738,27.00,-0.08,-0.19,28.00,-2.16,-0.22,26.00,0.04,-0.03
2614799,27.00,-0.01,-0.23,28.00,-2.51,0.03,26.00,0.04,-0.13
2614859,27.00,0.05,-0.17,28.00,-2.85,-0.14,26.00,0.01,0.02
2614919,27.00,0.14,-0.14,28.00,-3.27,-0.55,26.00,0.02,-0.04
2614979,27.00,-0.05,-0.07,28.00,-3.49,-0.04,26.00,0.04,0.03
2615039,27.00,-0.12,-0.19,28.00,-3.71,-0.63,26.00,-0.04,-0.01
2615099,27.00,0.15,-0.29,28.00,-3.80,-0.51,26.00,0.04,0.02
2615159,27.00,0.08,-0.22,28.00,-3.76,-0.13,26.00,0.01,-0.07
2615219,27.00,0.01,-0.26,28.00,-3.76,-0.24,26.00,0.02,-0.07
2615280,27.00,0.05,-0.36,28.00,-3.66,-0.45,26.00,-0.05,-0.03
2615340,27.00,-0.01,-0.25,28.00,-3.25,-0.15,26.00,0.02,-0.08
2615400,27.00,-0.10,-0.09,28.00,-2.81,-0.29,26.00,0.02,-0.05
2615460,27.00,0.02,-0.01,28.00,-2.56,-0.76,26.00,-0.01,-0.07
2615520,27.00,-0.14,-0.15,28.00,-2.13,-0.60,26.00,0.02,-0.07
2615580,27.00,0.21,-0.14,28.00,-1.65,-0.40,26.00,-0.04,-0.07
2615640,27.00,-0.02,-0.11,28.00,-1.18,-0.25,26.00,-0.10,0.00
2615701,27.00,-0.20,-0.32,28.00,-0.56,-0.36,26.00,-0.05,0.02
2615761,27.00,-0.10,-0.18,28.00,-0.07,-0.88,26.00,-0.02,0.01
2615821,27.00,-0.05,-0.18,28.00,0.67,-0.04,26.00,-0.01,-0.07
2615881,27.00,-0.08,-0.27,28.00,0.99,0.33,26.00,-0.05,0.02
2615941,27.00,-0.10,-0.35,28.00,1.46,0.02,26.00,-0.02,-0.00
2616001,27.00,-0.10,-0.07,28.00,2.21,0.35,26.00,0.02,-0.03
2616061,27.00,0.18,-0.33,28.00,2.44,-0.00,26.00,0.01,-0.06
2616121,27.00,0.27,-0.34,28.00,3.35,0.02,26.00,0.05,-0.03
2616182,27.00,0.07,-0.03,28.00,3.77,-0.03,26.00,0.04,-0.03
2616242,27.00,0.14,-0.11,28.00,3.20,0.02,26.00,0.04,-0.03
2616302,27.00,0.10,-0.24,28.00,3.92,-0.41,26.00,0.10,-0.02
2616362,27.00,0.01,-0.08,28.00,3.92,-0.70,26.00,-0.02,0.00
2616422,27.00,0.05,-0.17,28.00,3.68,0.25,26.00,0.01,-0.08
2616482,27.00,-0.04,-0.15,28.00,3.89,-0.36,26.00,0.02,-0.01
2616542,27.00,-0.01,-0.26,28.00,3.57,-0.55,26.00,-0.04,-0.09
2616603,27.00,-0.02,-0.29,28.00,3.07,-0.46,26.00,-0.07,-0.07
2616663,27.00,-0.05,-0.21,28.00,2.88,0.11,26.00,0.08,-0.07
2616723,27.00,0.04,-0.21,28.00,2.57,0.03,26.00,-0.07,-0.13
2616783,27.00,-0.08,-0.08,28.00,2.26,0.29,26.00,-0.05,0.00
2616843,27.00,-0.11,-0.24,28.00,1.52,-0.10,26.00,-0.05,-0.06
2616903,27.00,0.14,-0.04,28.00,0.81,-0.43,26.00,0.07,-0.09
2616963,27.00,-0.05,-0.08,28.00,0.51,-0.07,26.00,0.01,-0.03
2617023,27.00,-0.07,-0.12,28.00,-0.12,-0.23,26.00,0.02,-0.01
2617084,27.00,-0.05,-0.29,28.00,-0.62,-0.13,26.00,-0.02,-0.07
2617144,27.00,0.01,-0.08,28.00,-1.16,-0.55,26.00,-0.08,-0.10
2617204,27.00,-0.04,-0.04,28.00,-2.10,0.06,26.00,-0.02,0.02
2617264,27.00,0.08,-0.21,28.00,-2.41,-0.38,26.00,-0.07,0.03
2617324,27.00,0.01,-0.20,28.00,-3.17,-0.24,26.00,0.02,-0.05
2617384,27.00,-0.10,-0.25,28.00,-3.19,-0.44,26.00,-0.02,-0.01
2617444,27.00,0.02,-0.12,28.00,-3.73,-0.19,26.00,-0.02,-0.05
2617505,27.00,-0.02,-0.19,28.00,-3.64,-0.39,26.00,-0.02,-0.14
2617565,27.00,-0.04,-0.13,28.00,-4.05,-0.10,26.00,0.05,-0.08
2617625,27.00,0.08,-0.07,28.00,-3.79,-0.56,26.00,0.01,-0.06
2617685,27.00,-0.05,-0.24,28.00,-3.89,-0.05,26.00,0.01,-0.13
2617745,27.00,-0.17,-0.22,28.00,-3.38,-0.91,26.00,-0.01,-0.06
2617805,27.00,0.01,-0.26,28.00,-3.58,-0.59,26.00,-0.04,-0.03
2617865,27.00,0.04,-0.16,28.00,-3.38,-0.42,26.00,0.01,0.03
2617925,27.00,-0.07,-0.36,28.00,-2.70,-0.64,26.00,0.01,-0.02
2617986,27.00,0.04,-0.14,28.00,-2.44,-0.77,26.00,-0.04,-0.00
2618046,27.00,0.14,-0.21,28.00,-2.06,-0.73,26.00,0.01,-0.04
2618106,27.00,-0.07,-0.22,28.00,-1.52,-0.41,26.00,-0.01,0.02
2618166,27.00,-0.01,-0.29,28.00,-1.12,-0.86,26.00,-0.01,-0.06
2618226,27.00,0.02,-0.21,28.00,-0.37,-0.72,26.00,-0.04,-0.05
2618286,27.00,-0.12,-0.21,28.00,0.18,-0.51,26.00,-0.01,0.04
2618346,27.00,0.01,-0.33,28.00,0.73,-0.19,26.00,-0.01,-0.01
2618407,27.00,0.05,-0.24,28.00,1.49,0.06,26.00,-0.01,0.00
2618467,27.00,-0.02,-0.24,28.00,2.07,0.21,26.00,-0.05,-0.02
2618527,27.00,0.01,-0.30,28.00,2.37,-0.26,26.00,0.04,-0.01
2618587,27.00,-0.08,-0.19,28.00,2.70,-0.02,26.00,-0.01,0.05
2618647,27.00,-0.10,-0.15,28.00,3.10,0.26,26.00,-0.04,-0.10
2618707,27.00,-0.02,-0.11,28.00,3.41,0.09,26.00,-0.05,-0.11
2618767,27.00,-0.10,-0.03,28.00,3.55,0.26,26.00,-0.02,-0.04
2618828,27.00,0.01,-0.21,28.00,3.90,-0.22,26.00,0.04,-0.06
2618888,27.00,-0.17,-0.25,28.00,3.92,0.13,26.00,0.04,-0.04
2618948,27.00,-0.11,-0.22,28.00,3.92,-0.51,26.00,0.01,-0.01
2619008,27.00,-0.08,-0.15,28.00,3.63,-0.07,26.00,0.01,-0.00
2619068,27.00,-0.01,-0.30,28.00,3.51,-0.14,26.00,-0.02,-0.05
2619128,27.00,-0.02,-0.15,28.00,2.92,0.29,26.00,-0.01,-0.04
2619188,27.00,-0.01,-0.12,28.00,2.78,0.03,26.00,-0.04,-0.04
2619248,27.00,-0.07,-0.29,28.00,2.44,0.32,26.00,-0.01,0.00
2619309,27.00,-0.04,-0.21,28.00,2.06,-0.19,26.00,-0.05,-0.04
2619369,27.00,0.10,0.02,28.00,1.18,0.11,26.00,0.04,-0.07
2619429,27.00,0.14,-0.15,28.00,0.64,-0.16,26.00,-0.01,0.01
2619489,27.00,-0.01,-0.22,28.00,0.33,0.02,26.00,0.08,-0.05
2619549,27.00,-0.07,-0.16,28.00,-0.29,-0.31,26.00,0.02,-0.06
2619609,27.00,0.01,-0.09,28.00,-1.24,-0.31,26.00,0.04,-0.00
2619669,27.00,0.04,-0.09,28.00,-1.71,0.17,26.00,0.01,-0.09
2619730,27.00,0.02,-0.21,28.00,-1.96,0.26,26.00,0.01,-0.03
2619790,27.00,-0.15,-0.22,28.00,-2.53,-0.19,26.00,0.04,-0.09
2619850,27.00,-0.02,-0.30,28.00,-3.01,-0.16,26.00,-0.04,-0.02
2619910,27.00,0.11,-0.18,28.00,-3.49,-0.06,26.00,0.02,-0.01
2619970,27.00,-0.01,-0.28,28.00,-3.55,-0.24,26.00,0.04,-0.09
2620030,27.00,0.01,-0.27,28.00,-3.68,-0.28,26.00,0.01,-0.04
2620090,27.00,0.05,-0.16,28.00,-3.89,-0.03,26.00,-0.02,-0.09
2620150,27.00,-0.08,-0.22,28.00,-3.73,-0.14,26.00,-0.01,-0.06
2620211,27.00,0.07,-0.13,28.00,-3.96,-0.31,26.00,-0.07,-0.06
2620271,27.00,0.14,-0.26,28.00,-3.70,-0.16,26.00,0.07,0.00
2620331,27.00,-0.01,-0.17,28.00,-3.27,-0.55,26.00,-0.01,-0.01
2620391,27.00,-0.12,-0.27,28.00,-3.05,-0.66,26.00,0.01,0.02
2620451,27.00,-0.04,-0.09,28.00,-2.82,-0.46,26.00,-0.07,-0.08
2620511,27.00,0.02,-0.32,28.00,-2.16,-0.36,26.00,-0.01,-0.02
2620571,27.00,-0.02,-0.10,28.00,-1.71,-0.50,26.00,-0.07,-0.07
2620632,27.00,-0.02,-0.19,28.00,-1.25,-0.81,26.00,-0.01,-0.04
2620692,27.00,-0.11,-0.41,28.00,-0.74,-0.65,26.00,-0.07,-0.03
2620752,27.00,0.07,-0.22,28.00,-0.20,-0.76,26.00,0.02,-0.04
2620812,27.00,0.08,-0.05,28.00,0.37,-0.44,26.00,0.02,0.04
2620872,27.00,0.12,-0.09,28.00,1.02,0.52,26.00,0.05,-0.03
2620932,27.00,-0.11,-0.29,28.00,1.58,0.30,26.00,0.05,-0.03
2620992,27.00,-0.02,-0.22,28.00,1.90,0.20,26.00,0.01,-0.00
2621052,27.00,-0.10,-0.31,28.00,2.63,-0.27,26.00,-0.04,-0.01
2621113,27.00,0.12,-0.20,28.00,3.07,0.08,26.00,-0.04,0.01
2621173,27.00,-0.12,-0.25,28.00,3.35,0.30,26.00,0.01,0.00
2621233,27.00,-0.07,-0.22,28.00,3.98,-0.40,26.00,-0.08,-0.08
2621293,27.00,-0.05,0.00,28.00,4.01,-0.32,26.00,-0.02,-0.09
2621353,27.00,0.02,-0.23,28.00,3.66,0.29,26.00,-0.01,0.05
2621413,27.00,0.10,-0.35,28.00,3.71,-0.39,26.00,-0.01,0.02
2621473,27.00,0.01,-0.19,28.00,3.67,0.40,26.00,-0.01,0.05
2621534,27.00,-0.05,-0.21,28.00,3.64,0.22,26.00,-0.01,-0.04
2621594,27.00,-0.08,-0.13,28.00,3.27,-0.12,26.00,0.08,-0.00
2621654,27.00,-0.05,-0.32,28.00,2.92,-0.00,26.00,0.04,-0.02
2621714,27.00,0.08,-0.22,28.00,2.44,0.21,26.00,-0.02,-0.01
2621774,27.00,0.02,-0.06,28.00,1.96,0.40,26.00,0.01,0.02
2621834,27.00,0.17,-0.24,28.00,1.53,-0.15,26.00,0.01,0.01
2621894,27.00,0.05,-0.15,28.00,0.92,-0.34,26.00,0.01,-0.01
2621954,27.00,-0.10,-0.27,28.00,0.53,0.16,26.00,0.05,-0.00
2622015,27.00,-0.10,-0.15,28.00,0.02,-0.03,26.00,-0.04,-0.05
2622075,27.00,0.05,-0.12,28.00,-0.34,-0.07,26.00,-0.02,0.00
2622135,27.00,-0.04,-0.16,28.00,-0.92,-0.31,26.00,0.01,0.01
2622195,27.00,0.10,-0.23,28.00,-1.63,-0.10,26.00,-0.01,0.01
2622255,27.00,-0.01,-0.36,28.00,-2.23,-0.32,26.00,-0.04,-0.07
2622315,27.00,0.01,-0.16,28.00,-2.56,-0.58,26.00,-0.04,0.03
2622375,27.00,0.07,-0.28,28.00,-3.01,-0.23,26.00,0.02,-0.04
2622436,27.00,0.01,-0.28,28.00,-3.38,-0.44,26.00,0.01,-0.06
2622496,27.00,0.12,-0.13,28.00,-3.57,-0.25,26.00,0.01,-0.11
2622556,27.00,-0.01,-0.18,28.00,-3.80,-0.03,26.00,0.04,-0.04
2622616,27.00,-0.12,-0.24,28.00,-4.02,-0.36,26.00,-0.08,-0.06
2622676,27.00,0.02,-0.18,28.00,-3.64,-0.34,26.00,-0.02,-0.05
2622736,27.00,0.07,-0.19,28.00,-4.04,-0.53,26.00,-0.07,-0.05
2622796,27.00,0.08,-0.17,28.00,-3.35,-0.18,26.00,-0.02,-0.04
2622856,27.00,-0.05,-0.13,28.00,-3.38,-0.44,26.00,-0.07,-0.13
2622917,27.00,0.15,-0.29,28.00,-2.88,-0.07,26.00,-0.01,-0.04
2622977,27.00,-0.15,-0.20,28.00,-2.63,-0.60,26.00,-0.04,-0.03
2623037,27.00,0.12,-0.27,28.00,-2.12,-0.82,26.00,0.04,-0.07
2623097,27.00,-0.08,-0.21,28.00,-1.53,-0.33,26.00,0.02,-0.07
2623157,27.00,0.11,-0.29,28.00,-0.99,-1.01,26.00,-0.08,-0.04
2623217,27.00,-0.02,-0.08,28.00,-0.27,-0.58,26.00,0.02,-0.06
2623277,27.00,-0.04,-0.29,28.00,-0.07,-0.25,26.00,-0.01,-0.05
2623338,27.00,0.04,-0.09,28.00,0.77,-0.03,26.00,-0.01,-0.04
2623398,27.00,0.04,-0.29,28.00,1.16,0.07,26.00,0.01,0.04
2623458,27.00,0.01,-0.15,28.00,1.87,0.01,26.00,-0.04,-0.04
2623518,27.00,0.01,-0.46,28.00,2.26,0.07,26.00,0.04,-0.02
2623578,27.00,0.10,-0.00,28.00,2.84,0.29,26.00,-0.07,-0.00
2623638,27.00,-0.07,-0.12,28.00,3.51,-0.75,26.00,-0.04,-0.07
2623698,27.00,-0.11,-0.24,28.00,3.36,0.04,26.00,-0.05,-0.03
2623758,27.00,0.10,-0.00,28.00,3.85,-0.55,26.00,-0.05,-0.04
2623819,27.00,-0.18,-0.11,28.00,3.99,-0.22,26.00,-0.01,-0.06
2623879,27.00,-0.15,-0.27,28.00,4.15,-0.23,26.00,-0.02,-0.07
2623939,27.00,-0.04,-0.33,28.00,3.95,0.14,26.00,-0.04,-0.05
2623999,27.00,-0.01,-0.19,28.00,3.49,0.22,26.00,-0.04,0.06
2624059,27.00,-0.11,-0.17,28.00,3.48,-0.32,26.00,-0.02,-0.07
2624119,27.00,0.02,-0.14,28.00,3.25,0.21,26.00,0.02,-0.03
2624179,27.00,-0.05,0.10,28.00,2.84,0.19,26.00,0.02,0.07
2624240,27.00,-0.02,-0.20,28.00,2.64,0.08,26.00,-0.05,-0.00
2624300,27.00,-0.02,-0.17,28.00,1.84,0.19,26.00,-0.04,-0.06
2624360,27.00,0.15,-0.22,28.00,1.53,0.23,26.00,0.02,0.01
2624420,27.00,-0.07,-0.23,28.00,1.05,0.66,26.00,-0.07,-0.06
2624480,27.00,-0.01,-0.19,28.00,0.45,0.08,26.00,-0.02,-0.05
2624540,27.00,-0.08,-0.19,28.00,-0.21,-0.19,26.00,-0.02,-0.10
2624600,27.00,-0.24,-0.26,28.00,-0.92,0.08,26.00,0.01,-0.07
2624661,27.00,-0.18,-0.14,28.00,-1.37,0.14,26.00,0.04,-0.11
2624721,27.00,-0.23,-0.22,28.00,-1.93,-0.51,26.00,0.04,-0.00
2624781,27.00,-0.04,-0.26,28.00,-2.35,-0.33,26.00,0.08,-0.10
2624841,27.00,0.08,-0.12,28.00,-3.00,-0.62,26.00,-0.04,-0.07
2624901,27.00,-0.02,-0.18,28.00,-3.44,-0.14,26.00,-0.04,-0.03
2624961,27.00,-0.04,-0.27,28.00,-3.39,-0.29,26.00,-0.01,0.00
2625021,27.00,0.02,-0.11,28.00,-3.79,-0.40,26.00,0.02,0.01
2625081,27.00,-0.12,-0.07,28.00,-3.92,-0.07,26.00,0.10,-0.00
2625142,27.00,0.05,-0.23,28.00,-3.86,-0.34,26.00,-0.02,-0.07
2625202,27.00,-0.10,-0.17,28.00,-3.82,-0.34,26.00,0.01,-0.09
2625262,27.00,-0.02,-0.34,28.00,-3.49,-0.50,26.00,-0.08,-0.07
2625322,27.00,-0.02,-0.39,28.00,-3.39,-0.33,26.00,0.01,0.01
2625382,27.00,0.14,-0.10,28.00,-3.27,-0.65,26.00,0.05,-0.01
2625442,27.00,-0.17,-0.43,28.00,-2.91,-0.00,26.00,0.02,0.00
2625502,27.00,0.18,-0.16,28.00,-2.31,-0.74,26.00,0.08,-0.07
2625563,27.00,0.04,-0.04,28.00,-1.63,-0.57,26.00,-0.10,-0.11
2625623,27.00,0.02,-0.26,28.00,-1.15,-0.65,26.00,0.01,-0.00
2625683,27.00,0.05,-0.29,28.00,-0.53,-0.43,26.00,0.01,-0.02
2625743,27.00,-0.10,-0.17,28.00,0.05,-0.57,26.00,0.01,0.00
2625803,27.00,-0.02,-0.29,28.00,0.32,-0.42,26.00,-0.02,-0.05
2625863,27.00,0.12,-0.15,28.00,0.71,-0.24,26.00,-0.01,-0.07
2625923,27.00,0.07,-0.23,28.00,1.81,-0.08,26.00,0.04,-0.04
2625983,27.00,0.05,-0.03,28.00,2.16,-0.34,26.00,-0.02,-0.02
2626044,27.00,0.15,-0.14,28.00,2.26,-0.22,26.00,-0.08,-0.02
2626104,27.00,0.01,-0.34,28.00,2.78,-0.38,26.00,-0.08,-0.00
2626164,27.00,-0.08,-0.32,28.00,3.38,-0.19,26.00,-0.02,0.04
2626224,27.00,0.01,-0.23,28.00,3.73,0.28,26.00,-0.02,0.07
2626284,27.00,0.04,-0.18,28.00,3.89,0.01,26.00,0.01,-0.04
2626344,27.00,-0.04,-0.15,28.00,3.85,-0.29,26.00,-0.05,-0.08
2626404,27.00,0.05,0.02,28.00,3.74,-0.03,26.00,-0.02,-0.04
2626465,27.00,-0.01,-0.24,28.00,3.74,-0.51,26.00,-0.02,-0.00
2626525,27.00,-0.12,-0.19,28.00,3.73,-0.66,26.00,-0.04,-0.07
2626585,27.00,-0.01,-0.22,28.00,3.32,0.10,26.00,-0.01,-0.06
2626645,27.00,-0.04,-0.23,28.00,3.00,-0.08,26.00,0.04,-0.05
2626705,27.00,0.08,-0.29,28.00,2.89,-0.31,26.00,-0.02,-0.06
2626765,27.00,0.02,-0.22,28.00,2.29,-0.01,26.00,-0.02,-0.07
2626825,27.00,0.04,-0.20,28.00,1.46,0.07,26.00,-0.02,-0.01
2626885,27.00,0.08,-0.15,28.00,1.30,-0.60,26.00,0.02,0.08
2626946,27.00,-0.01,-0.36,28.00,0.77,0.02,26.00,0.01,0.01
2627006,27.00,0.05,-0.28,28.00,0.24,-0.01,26.00,-0.04,-0.12
2627066,27.00,0.17,-0.07,28.00,-0.68,-0.20,26.00,0.01,-0.04
2627126,27.00,0.05,-0.20,28.00,-1.38,-0.87,26.00,-0.04,-0.07
2627186,27.00,0.10,-0.17,28.00,-1.38,-0.06,26.00,-0.04,-0.14
2627246,27.00,-0.04,-0.30,28.00,-2.25,-0.00,26.00,-0.05,-0.04
2627306,27.00,0.05,-0.17,28.00,-2.84,-0.25,26.00,0.04,-0.04
2627367,27.00,0.01,-0.15,28.00,-3.26,-0.15,26.00,-0.05,0.03
2627427,27.00,-0.14,-0.22,28.00,-3.30,0.12,26.00,0.04,0.04
2627487,27.00,0.07,-0.30,28.00,-3.52,-0.26,26.00,0.02,-0.00
2627547,27.00,0.01,-0.14,28.00,-3.51,-0.01,26.00,0.02,0.03
2627607,27.00,0.11,-0.15,28.00,-3.86,-0.44,26.00,-0.01,0.03
2627667,27.00,-0.11,-0.22,28.00,-4.17,-0.28,26.00,-0.02,-0.16
2627727,27.00,0.02,-0.08,28.00,-3.42,-0.84,26.00,0.02,-0.05
2627787,27.00,0.05,-0.10,28.00,-3.36,-0.56,26.00,0.02,-0.10
2627848,27.00,0.12,-0.22,28.00,-3.14,-0.28,26.00,-0.02,-0.01
2627908,27.00,0.07,-0.07,28.00,-2.79,-0.48,26.00,0.01,-0.07
2627968,27.00,-0.07,-0.25,28.00,-2.84,-0.24,26.00,0.02,0.00
2628028,27.00,0.02,-0.21,28.00,-2.16,-0.71,26.00,-0.02,-0.04
2628088,27.00,0.02,-0.08,28.00,-1.55,-0.66,26.00,-0.05,-0.02
2628148,27.00,0.08,-0.27,28.00,-1.18,-0.41,26.00,-0.02,-0.08
2628208,27.00,0.05,-0.25,28.00,-0.62,-0.89,26.00,-0.01,-0.04
2628269,27.00,0.11,-0.15,28.00,0.02,-0.61,26.00,-0.04,-0.09
2628329,27.00,-0.18,-0.10,28.00,0.68,-0.26,26.00,0.04,-0.06
2628389,27.00,0.02,-0.29,28.00,1.12,0.00,26.00,0.01,-0.07
2628449,27.00,-0.07,-0.11,28.00,1.79,-0.40,26.00,0.02,0.03
2628509,27.00,-0.07,-0.29,28.00,2.28,-0.08,26.00,-0.01,-0.00
2628569,27.00,-0.05,-0.22,28.00,2.69,-0.44,26.00,-0.05,0.02
2628629,27.00,-0.02,-0.44,28.00,3.08,-0.29,26.00,-0.02,0.01
2628689,27.00,-0.01,0.06,28.00,3.32,0.01,26.00,-0.02,-0.00
2628750,27.00,-0.04,-0.20,28.00,3.49,-0.21,26.00,-0.02,-0.00
2628810,27.00,-0.02,-0.15,28.00,3.82,-0.44,26.00,-0.01,-0.06
2628870,27.00,-0.01,-0.10,28.00,3.85,0.08,26.00,-0.05,-0.07
2628930,27.00,0.05,-0.24,28.00,4.01,0.07,26.00,-0.07,0.02
2628990,27.00,0.04,-0.16,28.00,3.73,-0.28,26.00,0.02,-0.04
2629050,27.00,0.07,-0.15,28.00,3.55,-0.21,26.00,0.02,0.05
2629110,27.00,0.04,-0.35,28.00,3.32,0.03,26.00,-0.05,0.00
2629171,27.00,-0.10,-0.13,28.00,3.04,0.19,26.00,-0.02,-0.07
2629231,27.00,-0.04,-0.01,28.00,2.35,-0.02,26.00,0.07,0.01
2629291,27.00,-0.12,-0.24,28.00,2.01,-0.44,26.00,-0.04,-0.11
2629351,27.00,0.01,-0.15,28.00,1.34,-0.26,26.00,0.04,0.01
2629411,27.00,-0.11,-0.14,28.00,0.68,0.11,26.00,-0.04,-0.10
2629471,27.00,-0.04,-0.07,28.00,0.36,-0.29,26.00,-0.01,-0.05
2629531,27.00,-0.11,-0.32,28.00,-0.02,-0.09,26.00,0.04,-0.02
2629592,27.00,0.12,-0.22,28.00,-0.80,-0.15,26.00,0.11,0.03
2629652,27.00,0.11,-0.16,28.00,-1.46,-0.38,26.00,-0.02,-0.05
2629712,27.00,-0.23,-0.27,28.00,-2.01,-0.01,26.00,0.10,-0.01
2629772,27.00,-0.20,-0.26,28.00,-2.48,0.12,26.00,0.01,-0.03
2629832,27.00,-0.07,-0.22,28.00,-3.05,-0.26,26.00,-0.02,-0.04
2629892,27.00,0.17,-0.04,28.00,-3.39,0.07,26.00,0.04,-0.11
2629952,27.00,0.05,-0.20,28.00,-3.44,0.16,26.00,-0.01,-0.06
2630012,27.00,-0.15,-0.27,28.00,-3.60,0.11,26.00,-0.02,-0.00
2630073,27.00,-0.01,-0.10,28.00,-3.73,0.56,26.00,-0.01,0.00
2630133,27.00,-0.12,0.06,28.00,-3.82,0.20,26.00,-0.04,-0.13
2630193,27.00,-0.11,-0.15,28.00,-3.85,-0.13,26.00,-0.02,-0.08
2630253,27.00,-0.07,-0.15,28.00,-3.67,-0.44,26.00,0.02,-0.03
2630313,27.00,0.05,-0.29,28.00,-3.73,-0.26,26.00,-0.01,0.02
2630373,27.00,-0.05,-0.26,28.00,-3.11,-0.27,26.00,0.02,0.00
2630433,27.00,-0.04,-0.07,28.00,-2.86,-0.76,26.00,0.01,-0.02
2630494,27.00,-0.21,-0.34,28.00,-2.56,-0.33,26.00,-0.07,0.03
2630554,27.00,0.12,-0.26,28.00,-2.09,-0.08,26.00,-0.02,-0.01
2630614,27.00,0.05,-0.20,28.00,-1.33,-0.53,26.00,0.02,0.01
2630674,27.00,0.10,-0.26,28.00,-0.87,-0.79,26.00,-0.02,-0.02
2630734,27.00,-0.10,-0.31,28.00,-0.17,-0.72,26.00,-0.01,-0.04
2630794,27.00,0.08,-0.22,28.00,0.11,-0.17,26.00,-0.01,0.03
2630854,27.00,-0.01,-0.29,28.00,0.90,-0.33,26.00,0.04,-0.08
2630914,27.00,-0.05,-0.06,28.00,1.58,0.05,26.00,0.01,-0.15
2630975,27.00,-0.10,-0.22,28.00,2.21,-0.13,26.00,-0.01,-0.01
2631035,27.00,-0.01,-0.09,28.00,2.44,0.02,26.00,0.01,0.00
2631095,27.00,0.23,-0.13,28.00,2.79,-0.15,26.00,-0.02,-0.03
2631155,27.00,0.17,-0.32,28.00,2.91,0.40,26.00,0.02,-0.03
2631215,27.00,0.08,-0.12,28.00,3.30,0.07,26.00,0.04,0.05
2631275,27.00,0.04,-0.15,28.00,3.61,-0.31,26.00,-0.05,-0.01
2631335,27.00,0.12,-0.07,28.00,4.05,0.49,26.00,-0.01,0.02
2631396,27.00,-0.15,-0.22,28.00,4.07,0.17,26.00,-0.04,-0.06
2631456,27.00,-0.17,-0.32,28.00,3.68,0.23,26.00,-0.02,0.00
2631516,27.00,0.12,-0.23,28.00,3.54,0.22,26.00,-0.01,-0.13
2631576,27.00,-0.04,-0.23,28.00,3.44,0.02,26.00,-0.10,0.00
2631636,27.00,0.01,-0.22,28.00,2.91,-0.22,26.00,-0.01,-0.07
2631696,27.00,0.04,-0.15,28.00,2.86,0.36,26.00,-0.04,-0.02
2631756,27.00,0.21,-0.19,28.00,2.26,0.04,26.00,-0.02,-0.01
2631816,27.00,0.04,-0.26,28.00,1.65,0.36,26.00,0.01,-0.06
2631877,27.00,-0.07,-0.25,28.00,1.03,0.51,26.00,0.04,-0.01
2631937,27.00,-0.02,-0.29,28.00,0.46,0.17,26.00,0.04,-0.01
2631997,27.00,-0.15,-0.16,28.00,-0.02,0.08,26.00,-0.02,-0.10
2632057,27.00,0.07,-0.31,28.00,-0.37,-0.16,26.00,0.01,-0.03
2632117,27.00,-0.01,-0.17,28.00,-1.09,0.26,26.00,-0.04,0.00
2632177,27.00,-0.11,-0.23,28.00,-1.50,0.10,26.00,0.08,-0.04
2632237,27.00,-0.12,-0.21,28.00,-2.12,-0.34,26.00,0.02,-0.03
2632298,27.00,-0.08,-0.21,28.00,-2.97,-0.56,26.00,0.02,0.04
2632358,27.00,-0.12,-0.21,28.00,-2.98,-0.39,26.00,-0.02,-0.00
2632418,27.00,0.14,-0.21,28.00,-3.11,-0.67,26.00,-0.01,-0.02
2632478,27.00,-0.07,-0.21,28.00,-3.89,-0.53,26.00,-0.05,-0.01
2632538,27.00,0.15,-0.09,28.00,-3.60,-0.57,26.00,-0.02,0.03
2632598,27.00,-0.07,-0.21,28.00,-3.73,-0.17,26.00,-0.02,-0.07
2632658,27.00,-0.02,-0.28,28.00,-3.73,-0.40,26.00,-0.02,-0.10
2632718,27.00,0.04,-0.38,28.00,-3.82,-0.62,26.00,-0.05,-0.04
2632779,27.00,0.05,-0.13,28.00,-3.63,-0.29,26.00,0.02,-0.04
2632839,27.00,0.12,-0.04,28.00,-3.29,-0.80,26.00,0.02,0.01
2632899,27.00,0.18,-0.15,28.00,-3.07,-0.40,26.00,-0.05,-0.05
2632959,27.00,-0.08,-0.28,28.00,-2.60,-0.16,26.00,-0.01,-0.09
2633019,27.00,0.02,-0.33,28.00,-2.18,-0.48,26.00,-0.02,-0.08
2633079,27.00,-0.08,-0.27,28.00,-1.69,-0.49,26.00,-0.02,-0.02
2633139,27.00,-0.24,-0.05,28.00,-1.02,-0.42,26.00,-0.01,-0.01
2633200,27.00,-0.02,-0.24,28.00,-0.51,-0.23,26.00,0.01,-0.01
2633260,27.00,0.02,-0.36,28.00,-0.08,-0.27,26.00,0.02,-0.05
2633320,27.00,0.07,-0.09,28.00,0.37,-0.10,26.00,0.02,-0.02
2633380,27.00,0.10,-0.08,28.00,1.21,-0.05,26.00,0.01,0.04
2633440,27.00,0.08,-0.00,28.00,1.68,0.46,26.00,-0.04,0.01
2633500,27.00,0.08,-0.14,28.00,2.09,0.22,26.00,-0.04,-0.03
2633560,27.00,-0.04,-0.20,28.00,2.51,-0.53,26.00,-0.05,-0.07
2633620,27.00,-0.18,-0.33,28.00,3.01,-0.44,26.00,-0.04,0.00
2633681,27.00,0.20,-0.16,28.00,3.58,-0.39,26.00,0.04,-0.05
2633741,27.00,0.07,-0.09,28.00,3.57,-0.38,26.00,-0.04,-0.05
2633801,27.00,-0.12,-0.26,28.00,3.92,-0.13,26.00,-0.02,0.05
2633861,27.00,0.08,-0.18,28.00,3.83,-0.05,26.00,0.01,-0.01
2633921,27.00,0.01,-0.15,28.00,3.90,-0.00,26.00,0.02,-0.03
2633981,27.00,0.11,-0.18,28.00,4.07,0.12,26.00,0.05,-0.05
2634041,27.00,0.07,-0.06,28.00,3.88,-0.08,26.00,0.01,0.00
2634102,27.00,-0.01,-0.22,28.00,3.42,-0.43,26.00,-0.05,-0.04
2634162,27.00,-0.02,-0.27,28.00,3.01,0.34,26.00,0.05,0.01
2634222,27.00,0.11,-0.40,28.00,2.75,0.39,26.00,0.01,-0.03
2634282,27.00,-0.08,-0.17,28.00,2.06,0.53,26.00,-0.02,-0.07
2634342,27.00,0.05,-0.23,28.00,1.58,0.17,26.00,0.01,-0.05
2634402,27.00,-0.14,-0.17,28.00,1.00,0.36,26.00,0.01,-0.06
2634462,27.00,0.11,-0.21,28.00,0.53,0.36,26.00,-0.10,-0.07
2634522,27.00,-0.14,-0.14,28.00,-0.07,0.07,26.00,0.02,-0.01
2634583,27.00,0.05,-0.28,28.00,-0.67,0.34,26.00,0.01,-0.00
2634643,27.00,-0.08,-0.23,28.00,-1.22,-0.16,26.00,0.01,-0.07
2634703,27.00,0.08,-0.11,28.00,-1.81,0.07,26.00,-0.05,-0.01
2634763,27.00,0.02,-0.13,28.00,-2.57,-0.65,26.00,-0.11,-0.11
2634823,27.00,0.11,-0.30,28.00,-2.67,-0.21,26.00,0.01,-0.00
2634883,27.00,0.02,-0.13,28.00,-3.11,-0.46,26.00,-0.01,0.03
2634943,27.00,0.02,-0.18,28.00,-3.29,-0.19,26.00,0.02,0.06
2635004,27.00,0.01,-0.16,28.00,-3.52,-0.91,26.00,-0.05,-0.07
2635064,27.00,-0.01,-0.21,28.00,-3.71,-0.47,26.00,-0.01,0.07
2635124,27.00,-0.11,-0.05,28.00,-3.71,-0.54,26.00,-0.02,-0.08
2635184,27.00,0.11,-0.12,28.00,-3.88,-0.29,26.00,0.04,0.02
2635244,27.00,-0.04,-0.15,28.00,-3.63,-0.64,26.00,-0.04,0.02
2635304,27.00,-0.07,-0.06,28.00,-3.36,-0.36,26.00,-0.01,-0.06
2635364,27.00,-0.14,-0.22,28.00,-3.14,-0.23,26.00,-0.02,0.02
2635424,27.00,-0.07,-0.04,28.00,-2.79,-0.59,26.00,0.01,0.03
2635485,27.00,-0.14,-0.29,28.00,-2.54,-0.19,26.00,-0.07,-0.08
2635545,27.00,0.17,-0.07,28.00,-2.22,-0.30,26.00,-0.01,0.02
2635605,27.00,-0.21,-0.19,28.00,-1.53,-1.09,26.00,0.04,0.01
2635665,27.00,-0.11,0.01,28.00,-0.81,-0.95,26.00,0.01,-0.04
2635725,27.00,-0.04,-0.33,28.00,-0.30,-0.74,26.00,-0.01,-0.03
2635785,27.00,-0.17,-0.28,28.00,0.15,-0.25,26.00,0.02,0.04
2635845,27.00,-0.07,-0.22,28.00,0.70,-0.25,26.00,-0.05,-0.05
2635906,27.00,-0.12,-0.13,28.00,1.21,-0.03,26.00,0.02,-0.10
2635966,27.00,0.14,-0.36,28.00,1.84,0.18,26.00,-0.04,-0.05
2636026,27.00,0.07,-0.16,28.00,2.44,0.10,26.00,0.01,-0.06
2636086,27.00,0.05,-0.34,28.00,2.73,-0.33,26.00,-0.04,0.01
2636146,27.00,-0.02,-0.30,28.00,3.25,-0.10,26.00,-0.05,-0.09
2636206,27.00,0.10,-0.36,28.00,3.41,-0.07,26.00,0.02,-0.06
2636266,27.00,0.07,-0.15,28.00,3.85,-0.24,26.00,-0.07,-0.00
2636327,27.00,0.02,-0.20,28.00,4.18,-0.44,26.00,-0.04,-0.04
2636387,27.00,-0.17,-0.23,28.00,4.07,0.11,26.00,0.02,0.03
2636447,27.00,0.02,-0.23,28.00,3.85,0.19,26.00,0.01,-0.08
2636507,27.00,-0.18,-0.29,28.00,3.57,0.04,26.00,0.04,0.05
2636567,27.00,-0.11,-0.14,28.00,3.51,0.09,26.00,-0.02,-0.08
2636627,27.00,-0.12,-0.19,28.00,3.08,0.33,26.00,-0.05,-0.05
2636687,27.00,0.01,-0.17,28.00,2.73,-0.48,26.00,-0.04,-0.09
2636747,27.00,-0.12,-0.15,28.00,2.26,-0.06,26.00,0.02,0.02
2636808,27.00,0.02,-0.10,28.00,2.03,0.29,26.00,-0.05,-0.05
2636868,27.00,-0.10,-0.25,28.00,1.11,0.04,26.00,0.05,-0.03
2636928,27.00,-0.02,-0.44,28.00,0.96,-0.02,26.00,-0.02,-0.05
2636988,27.00,0.04,-0.17,28.00,0.45,-0.00,26.00,0.04,-0.07
2637048,27.00,-0.02,-0.08,28.00,-0.42,-0.20,26.00,0.04,0.06
2637108,27.00,-0.21,-0.34,28.00,-1.05,-0.56,26.00,-0.04,-0.09
2637168,27.00,0.05,-0.21,28.00,-1.49,-0.42,26.00,-0.01,-0.03
2637229,27.00,-0.02,-0.16,28.00,-2.21,-0.24,26.00,-0.04,-0.02
2637289,27.00,-0.08,-0.28,28.00,-2.69,0.01,26.00,-0.01,-0.09
2637349,27.00,-0.04,-0.09,28.00,-3.04,-0.08,26.00,0.01,-0.03
2637409,27.00,0.11,-0.25,28.00,-3.33,-0.34,26.00,-0.02,-0.05
2637469,27.00,0.01,-0.15,28.00,-3.48,-0.61,26.00,0.10,-0.00
2637529,27.00,-0.14,-0.24,28.00,-3.76,-0.34,26.00,-0.02,0.02
2637589,27.00,-0.07,-0.14,28.00,-3.98,-0.65,26.00,-0.05,0.03
2637649,27.00,-0.11,-0.26,28.00,-3.90,-0.15,26.00,-0.05,0.03
2637710,27.00,-0.10,-0.22,28.00,-4.04,-0.76,26.00,-0.02,-0.02
2637770,27.00,-0.05,-0.22,28.00,-3.68,-0.51,26.00,-0.04,-0.06
2637830,27.00,-0.01,-0.30,28.00,-3.36,-0.62,26.00,0.02,0.03
2637890,27.00,-0.11,-0.18,28.00,-3.03,-0.15,26.00,-0.01,-0.00
2637950,27.00,0.02,-0.22,28.00,-2.72,-0.62,26.00,0.02,-0.00
2638010,27.00,-0.07,-0.18,28.00,-2.21,-0.36,26.00,-0.02,-0.01
2638070,27.00,-0.07,-0.39,28.00,-1.85,-0.77,26.00,-0.01,-0.05
2638131,27.00,0.10,-0.31,28.00,-1.31,-0.44,26.00,-0.01,-0.06
2638191,27.00,0.11,-0.38,28.00,-0.62,-0.51,26.00,-0.01,-0.12
2638251,27.00,0.07,-0.45,28.00,-0.10,-0.67,26.00,-0.08,-0.06
2638311,27.00,-0.07,-0.26,28.00,0.53,-0.49,26.00,0.05,-0.03
2638371,27.00,0.04,-0.22,28.00,1.21,0.14,26.00,0.01,-0.04
2638431,27.00,-0.14,-0.15,28.00,1.49,0.07,26.00,-0.01,0.01
2638491,27.00,-0.17,-0.20,28.00,2.16,-0.34,26.00,0.07,-0.04
2638551,27.00,-0.10,-0.39,28.00,2.70,0.28,26.00,0.01,-0.04
2638612,27.00,0.02,-0.25,28.00,2.95,-0.31,26.00,-0.01,-0.01
2638672,27.00,-0.07,-0.23,28.00,3.23,-0.31,26.00,-0.02,-0.05
2638732,27.00,0.10,-0.15,28.00,3.55,-0.07,26.00,-0.04,-0.04
2638792,27.00,0.11,-0.09,28.00,3.63,0.44,26.00,-0.04,-0.00
2638852,27.00,0.11,-0.14,28.00,3.80,0.69,26.00,0.07,-0.05
2638912,27.00,0.17,-0.15,28.00,3.70,0.36,26.00,-0.07,0.01
2638972,27.00,-0.05,-0.34,28.00,3.45,-0.05,26.00,-0.05,-0.05
2639033,27.00,0.02,-0.26,28.00,3.58,0.35,26.00,-0.05,0.01
2639093,27.00,-0.11,-0.17,28.00,3.49,0.09,26.00,-0.02,-0.06
2639153,27.00,-0.01,-0.22,28.00,2.94,0.03,26.00,0.05,-0.07
2639213,27.00,0.07,-0.32,28.00,2.56,-0.36,26.00,-0.01,-0.04
2639273,27.00,-0.10,-0.30,28.00,1.87,-0.44,26.00,-0.04,-0.02
2639333,27.00,-0.04,-0.19,28.00,1.49,-0.04,26.00,-0.01,0.00
2639393,27.00,-0.11,-0.29,28.00,1.02,-0.11,26.00,-0.02,0.02
2639453,27.00,0.14,-0.18,28.00,0.61,-0.10,26.00,-0.10,-0.05
2639514,27.00,-0.10,-0.16,28.00,-0.10,0.20,26.00,-0.01,-0.09
2639574,27.00,-0.08,-0.07,28.00,-0.73,0.11,26.00,-0.04,-0.14
2639634,27.00,0.01,-0.27,28.00,-1.34,-0.13,26.00,0.01,-0.03
2639694,27.00,-0.02,-0.16,28.00,-1.63,-0.30,26.00,-0.02,-0.00
2639754,27.00,-0.18,-0.26,28.00,-2.29,-0.06,26.00,0.04,-0.10
2639814,27.00,-0.10,-0.16,28.00,-2.91,0.15,26.00,0.02,-0.00
2639874,27.00,-0.26,-0.13,28.00,-3.08,0.15,26.00,-0.01,-0.07
2639935,27.00,0.08,-0.34,28.00,-3.39,-0.04,26.00,0.02,-0.04
2639995,27.00,-0.02,-0.21,28.00,-3.66,-0.17,26.00,-0.04,-0.00
2640055,27.00,-0.05,-0.10,28.00,-3.51,-0.11,26.00,-0.01,0.01
2640115,27.00,-0.04,-0.26,28.00,-3.80,0.42,26.00,-0.02,-0.01
2640175,27.00,-0.15,-0.23,28.00,-3.73,-0.36,26.00,-0.01,-0.05
2640235,27.00,0.02,-0.22,28.00,-3.66,-0.15,26.00,-0.04,-0.04
2640295,27.00,0.01,-0.30,28.00,-3.67,-0.23,26.00,-0.05,-0.04
2640355,27.00,-0.01,-0.21,28.00,-3.45,-0.31,26.00,0.01,-0.01
2640416,27.00,-0.01,-0.15,28.00,-2.98,-0.30,26.00,-0.02,-0.00
2640476,27.00,-0.07,-0.29,28.00,-2.56,-0.92,26.00,-0.08,-0.07
2640536,27.00,0.01,-0.35,28.00,-1.96,-0.46,26.00,-0.04,-0.02
2640596,27.00,0.04,-0.19,28.00,-1.62,-0.73,26.00,0.01,0.05
2640656,27.00,-0.07,-0.31,28.00,-0.86,-0.69,26.00,0.05,0.00
2640716,27.00,0.04,-0.17,28.00,-0.37,-0.55,26.00,-0.01,-0.01
2640776,27.00,0.08,-0.15,28.00,0.11,-0.15,26.00,0.07,-0.10
2640837,27.00,-0.05,-0.23,28.00,0.67,-0.17,26.00,-0.07,-0.02
2640897,27.00,0.02,-0.07,28.00,1.47,-0.16,26.00,0.08,-0.03
2640957,27.00,0.12,-0.40,28.00,1.87,0.00,26.00,0.01,0.02
2641017,27.00,-0.15,-0.36,28.00,2.21,-0.26,26.00,-0.04,-0.08
2641077,27.00,0.14,-0.26,28.00,2.53,0.07,26.00,-0.04,-0.13
2641137,27.00,0.10,-0.22,28.00,3.20,-0.44,26.00,-0.05,-0.04
2641197,27.00,0.15,-0.15,28.00,3.35,0.05,26.00,-0.04,-0.06
2641258,27.00,-0.08,-0.29,28.00,3.63,0.05,26.00,0.01,-0.06
2641318,27.00,0.04,-0.12,28.00,3.98,0.26,26.00,-0.04,-0.11
2641378,27.00,-0.04,-0.22,28.00,3.73,-0.05,26.00,0.01,-0.16
2641438,27.00,-0.08,-0.40,28.00,3.70,0.22,26.00,-0.01,-0.07
2641498,27.00,-0.02,-0.04,28.00,3.60,0.06,26.00,0.01,-0.06
2641558,27.00,0.01,-0.22,28.00,3.54,0.31,26.00,0.01,-0.01
2641618,27.00,-0.04,-0.34,28.00,3.32,0.15,26.00,0.01,0.04
2641678,27.00,0.08,-0.09,28.00,3.17,0.80,26.00,0.02,-0.02
2641739,27.00,-0.08,-0.15,28.00,2.38,-0.19,26.00,-0.02,-0.08
2641799,27.00,-0.01,-0.26,28.00,2.01,-0.19,26.00,-0.05,-0.00
2641859,27.00,-0.14,-0.17,28.00,1.52,0.19,26.00,-0.02,-0.06
2641919,27.00,-0.02,-0.28,28.00,0.65,0.42,26.00,0.01,-0.05
2641979,27.00,0.11,-0.00,28.00,0.42,-0.17,26.00,-0.01,-0.00
2642039,27.00,0.12,-0.23,28.00,-0.26,-0.31,26.00,-0.01,0.03
2642099,27.00,-0.11,-0.30,28.00,-0.93,-0.07,26.00,-0.01,-0.03
2642160,27.00,0.11,-0.12,28.00,-1.41,-0.21,26.00,0.02,-0.02
2642220,27.00,-0.08,-0.22,28.00,-1.88,-0.41,26.00,0.02,-0.04
2642280,27.00,0.08,-0.18,28.00,-2.38,-0.45,26.00,0.08,0.07
2642340,27.00,-0.08,-0.18,28.00,-2.88,-0.28,26.00,0.02,-0.03
2642400,27.00,-0.07,-0.10,28.00,-3.27,-0.23,26.00,-0.02,-0.06
2642460,27.00,0.11,-0.22,28.00,-3.66,-0.55,26.00,0.02,-0.07
2642520,27.00,-0.05,-0.07,28.00,-3.35,-0.70,26.00,0.05,0.05
2642580,27.00,0.11,-0.23,28.00,-3.80,-0.32,26.00,-0.02,0.06
2642641,27.00,-0.05,-0.23,28.00,-3.63,-0.15,26.00,0.04,-0.02
2642701,27.00,-0.01,-0.18,28.00,-3.71,0.37,26.00,-0.01,-0.01
2642761,27.00,0.12,-0.13,28.00,-3.45,-0.23,26.00,0.01,0.02
2642821,27.00,0.05,-0.15,28.00,-3.47,-0.68,26.00,0.02,-0.02
2642881,27.00,0.02,-0.15,28.00,-2.92,-0.71,26.00,-0.07,-0.03
2642941,27.00,-0.05,0.05,28.00,-2.70,-0.38,26.00,-0.04,-0.02
2643001,27.00,0.11,-0.18,28.00,-2.40,-0.59,26.00,-0.05,-0.07
2643062,27.00,0.07,-0.21,28.00,-1.91,-0.28,26.00,-0.05,-0.03
2643122,27.00,0.02,-0.03,28.00,-1.33,-0.52,26.00,0.04,-0.02
2643182,27.00,-0.07,-0.15,28.00,-0.48,-0.50,26.00,-0.01,-0.05
2643242,27.00,-0.12,-0.30,28.00,-0.04,-0.90,26.00,-0.04,0.04
2643302,27.00,0.02,-0.31,28.00,0.52,-0.53,26.00,-0.02,-0.01
2643362,27.00,-0.08,-0.36,28.00,1.00,-0.38,26.00,-0.02,-0.05
2643422,27.00,0.10,-0.14,28.00,1.44,0.24,26.00,0.01,0.05
2643482,27.00,0.05,-0.22,28.00,1.91,0.07,26.00,-0.02,0.02
2643543,27.00,-0.07,-0.34,28.00,2.29,-0.15,26.00,-0.01,-0.04
2643603,27.00,0.07,-0.26,28.00,3.14,-0.10,26.00,0.04,0.02
2643663,27.00,-0.01,-0.15,28.00,3.41,-0.12,26.00,-0.02,-0.00
2643723,27.00,0.04,-0.28,28.00,3.49,0.36,26.00,0.02,0.04
2643783,27.00,0.10,-0.35,28.00,3.68,-0.02,26.00,-0.02,-0.02
2643843,27.00,-0.07,-0.20,28.00,3.95,-0.05,26.00,-0.04,-0.07
2643903,27.00,-0.02,-0.15,28.00,3.92,0.33,26.00,-0.08,0.00
2643964,27.00,0.14,-0.18,28.00,3.74,-0.20,26.00,-0.04,-0.01
2644024,27.00,-0.02,-0.23,28.00,4.04,-0.07,26.00,-0.02,-0.04
2644084,27.00,0.11,-0.09,28.00,3.13,0.07,26.00,0.04,0.01
2644144,27.00,-0.12,-0.24,28.00,3.03,0.14,26.00,0.04,-0.02
2644204,27.00,-0.02,-0.23,28.00,2.85,-0.15,26.00,-0.02,-0.07
2644264,27.00,-0.01,-0.00,28.00,2.21,0.17,26.00,0.02,-0.09
2644324,27.00,-0.11,-0.28,28.00,1.68,0.28,26.00,-0.02,-0.01
2644384,27.00,0.05,-0.15,28.00,1.28,-0.09,26.00,-0.04,-0.04
2644445,27.00,0.01,-0.29,28.00,0.55,0.22,26.00,-0.01,-0.08
2644505,27.00,0.11,-0.17,28.00,0.10,0.13,26.00,0.04,-0.08
2644565,27.00,0.01,-0.15,28.00,-0.52,-0.03,26.00,-0.05,-0.00
2644625,27.00,0.11,-0.18,28.00,-0.81,-1.00,26.00,-0.07,-0.02
2644685,27.00,-0.10,-0.00,28.00,-1.41,-0.13,26.00,0.02,-0.10
2644745,27.00,0.11,-0.22,28.00,-2.00,-0.11,26.00,0.10,0.01
2644805,27.00,0.18,-0.20,28.00,-2.67,-0.29,26.00,0.04,-0.14
2644866,27.00,0.04,-0.26,28.00,-2.94,-0.07,26.00,-0.05,0.01
2644926,27.00,0.07,-0.16,28.00,-3.23,-0.24,26.00,-0.04,-0.02
2644986,27.00,-0.04,0.01,28.00,-3.52,0.03,26.00,0.04,-0.07
2645046,27.00,-0.14,-0.29,28.00,-3.70,-0.68,26.00,0.02,-0.12
2645106,27.00,-0.17,-0.36,28.00,-3.79,-0.32,26.00,0.04,-0.00
2645166,27.00,0.17,-0.15,28.00,-3.63,-0.21,26.00,-0.05,0.04
2645226,27.00,-0.04,-0.10,28.00,-3.66,-0.58,26.00,0.01,-0.05
2645286,27.00,-0.05,-0.29,28.00,-3.52,-0.07,26.00,0.02,-0.14
2645347,27.00,0.08,-0.17,28.00,-3.27,0.17,26.00,0.01,-0.05
2645407,27.00,-0.04,-0.13,28.00,-3.13,-0.36,26.00,-0.02,-0.08
2645467,27.00,0.17,-0.10,28.00,-2.63,-0.45,26.00,0.01,0.01
2645527,27.00,0.14,-0.18,28.00,-2.37,-0.32,26.00,0.04,0.01
2645587,27.00,-0.08,-0.12,28.00,-1.55,-0.44,26.00,0.02,-0.04
2645647,27.00,-0.05,0.00,28.00,-1.34,-0.25,26.00,-0.01,-0.10
2645707,27.00,-0.02,-0.06,28.00,-0.51,-0.65,26.00,-0.04,0.03
2645768,27.00,0.11,-0.25,28.00,0.12,-0.40,26.00,-0.04,-0.08
2645828,27.00,-0.10,-0.11,28.00,0.52,-0.44,26.00,-0.05,0.03
2645888,27.00,-0.01,-0.21,28.00,1.28,-0.22,26.00,-0.07,-0.01
2645948,27.00,0.21,-0.12,28.00,1.84,-0.39,26.00,-0.02,-0.05
2646008,27.00,-0.08,-0.15,28.00,2.40,0.18,26.00,-0.04,0.00
2646068,27.00,-0.08,-0.23,28.00,2.85,-0.38,26.00,0.01,-0.07
2646128,27.00,0.01,-0.11,28.00,3.17,0.15,26.00,-0.04,-0.04
2646188,27.00,0.29,-0.07,28.00,3.38,0.14,26.00,-0.01,-0.03
2646249,27.00,-0.01,0.14,28.00,3.64,0.08,26.00,-0.05,0.05
2646309,27.00,0.10,-0.27,28.00,3.98,-0.07,26.00,-0.02,-0.05
2646369,27.00,0.11,-0.09,28.00,3.96,-0.00,26.00,0.01,0.00
2646429,27.00,-0.11,-0.07,28.00,4.08,-0.07,26.00,-0.02,0.03
2646489,27.00,-0.05,-0.21,28.00,3.55,-0.55,26.00,0.02,-0.06
2646549,27.00,0.04,-0.21,28.00,3.86,-0.17,26.00,-0.11,-0.04
2646609,27.00,0.10,-0.17,28.00,3.16,0.16,26.00,-0.05,-0.02
2646670,27.00,-0.07,-0.23,28.00,2.91,0.36,26.00,-0.02,0.00
2646730,27.00,0.12,-0.44,28.00,2.54,-0.16,26.00,0.02,-0.09
2646790,27.00,0.04,-0.27,28.00,2.18,-0.15,26.00,0.02,-0.01
2646850,27.00,-0.17,-0.23,28.00,1.47,0.19,26.00,0.02,0.03
2646910,27.00,-0.01,-0.22,28.00,1.02,-0.13,26.00,0.01,0.01
2646970,27.00,0.11,-0.16,28.00,0.53,-0.18,26.00,-0.02,-0.07
2647030,27.00,0.11,-0.20,28.00,-0.10,-0.29,26.00,-0.02,-0.04
2647091,27.00,-0.11,-0.20,28.00,-0.87,-0.16,26.00,-0.02,0.02
2647151,27.00,-0.07,-0.09,28.00,-1.28,-0.58,26.00,-0.07,-0.00
2647211,27.00,0.14,-0.03,28.00,-1.93,-0.25,26.00,0.02,-0.02
2647271,27.00,-0.05,-0.18,28.00,-2.23,0.57,26.00,0.05,-0.02
2647331,27.00,-0.02,-0.20,28.00,-2.91,-0.13,26.00,-0.12,-0.07
2647391,27.00,-0.08,-0.28,28.00,-3.14,-0.01,26.00,-0.02,-0.02
2647451,27.00,-0.02,-0.17,28.00,-3.32,-0.45,26.00,-0.02,-0.00
2647511,27.00,-0.07,-0.01,28.00,-3.85,0.16,26.00,-0.01,-0.07
2647572,27.00,0.05,-0.29,28.00,-3.83,0.09,26.00,0.02,-0.04
2647632,27.00,-0.04,-0.28,28.00,-3.99,-0.28,26.00,-0.04,0.00
2647692,27.00,-0.05,-0.17,28.00,-4.14,-0.51,26.00,0.01,-0.05
2647752,27.00,-0.17,-0.22,28.00,-3.52,-0.95,26.00,-0.02,-0.06
2647812,27.00,-0.07,-0.13,28.00,-3.57,-0.56,26.00,0.02,-0.00
2647872,27.00,0.10,-0.12,28.00,-3.29,0.02,26.00,-0.05,-0.07
2647932,27.00,-0.11,-0.29,28.00,-3.05,-0.76,26.00,0.04,-0.03
2647993,27.00,-0.04,-0.19,28.00,-2.35,-0.62,26.00,0.02,-0.07
2648053,27.00,0.30,-0.09,28.00,-2.03,-0.37,26.00,-0.04,0.12
2648113,27.00,0.07,-0.34,28.00,-1.18,-0.89,26.00,0.08,-0.00
2648173,27.00,-0.10,-0.05,28.00,-0.73,-1.10,26.00,-0.02,-0.07
2648233,27.00,0.07,-0.15,28.00,-0.11,-0.81,26.00,0.07,-0.02
2648293,27.00,-0.05,-0.31,28.00,0.18,-0.46,26.00,-0.10,-0.00
2648353,27.00,0.11,0.00,28.00,1.00,-0.58,26.00,0.01,0.03
2648413,27.00,0.12,-0.10,28.00,1.60,0.19,26.00,0.02,-0.02
2648474,27.00,-0.15,-0.31,28.00,1.96,-0.19,26.00,-0.04,-0.06
2648534,27.00,-0.01,-0.24,28.00,2.37,-0.05,26.00,-0.05,-0.01
2648594,27.00,-0.04,-0.07,28.00,2.95,-0.40,26.00,-0.01,-0.05
2648654,27.00,0.05,-0.04,28.00,3.11,-0.29,26.00,-0.02,-0.04
2648714,27.00,-0.01,-0.10,28.00,3.52,-0.19,26.00,-0.04,-0.11
2648774,27.00,0.04,-0.26,28.00,3.86,0.05,26.00,0.05,0.01
2648834,27.00,0.04,-0.22,28.00,3.74,0.51,26.00,-0.01,-0.02
2648895,27.00,-0.01,-0.27,28.00,3.86,-0.02,26.00,-0.08,0.00
2648955,27.00,-0.07,0.01,28.00,3.61,-0.17,26.00,0.01,-0.04
2649015,27.00,-0.02,-0.33,28.00,3.38,-0.04,26.00,0.02,-0.06
2649075,27.00,-0.02,-0.22,28.00,3.27,0.02,26.00,0.11,0.02
2649135,27.00,-0.15,-0.25,28.00,3.36,-0.18,26.00,-0.10,-0.10
2649195,27.00,-0.01,-0.38,28.00,2.76,0.44,26.00,0.02,-0.07
2649255,27.00,0.07,-0.13,28.00,2.45,-0.16,26.00,-0.07,-0.03
2649315,27.00,-0.04,-0.17,28.00,1.77,-0.21,26.00,-0.02,0.04
2649376,27.00,-0.10,-0.20,28.00,0.99,0.39,26.00,-0.05,-0.05
2649436,27.00,0.07,-0.22,28.00,0.43,-0.05,26.00,-0.08,0.05
2649496,27.00,0.04,0.08,28.00,0.01,-0.27,26.00,-0.02,-0.03
2649556,27.00,-0.04,-0.06,28.00,-0.59,-0.23,26.00,0.04,-0.05
2649616,27.00,-0.05,-0.15,28.00,-0.99,0.67,26.00,-0.02,-0.07
2649676,27.00,0.07,-0.19,28.00,-1.47,-0.50,26.00,0.02,-0.04
2649736,27.00,-0.15,-0.17,28.00,-1.99,0.22,26.00,-0.02,-0.04
2649797,27.00,0.04,-0.18,28.00,-2.56,-0.36,26.00,0.07,0.00
2649857,27.00,0.01,-0.15,28.00,-3.05,-0.06,26.00,-0.01,-0.02
2649917,27.00,0.02,-0.27,28.00,-3.22,-0.46,26.00,-0.04,-0.04
2649977,27.00,-0.02,-0.15,28.00,-3.60,-0.67,26.00,0.02,0.02
2650037,27.00,-0.07,-0.28,28.00,-3.63,-0.31,26.00,-0.08,-0.09
2650097,27.00,-0.05,-0.14,28.00,-3.89,0.18,26.00,-0.04,-0.03
2650157,27.00,0.11,-0.31,28.00,-3.58,-0.66,26.00,-0.04,-0.08
2650217,27.00,0.02,-0.19,28.00,-3.80,0.09,26.00,0.08,-0.04
2650278,27.00,0.05,-0.29,28.00,-3.38,-0.22,26.00,0.04,-0.07
2650338,27.00,0.04,-0.29,28.00,-3.58,-0.26,26.00,-0.02,-0.01
2650398,27.00,-0.12,-0.15,28.00,-3.36,-0.09,26.00,0.04,-0.02
2650458,27.00,0.01,-0.33,28.00,-2.78,-0.23,26.00,-0.04,-0.00
2650518,27.00,0.02,-0.45,28.00,-2.19,-0.46,26.00,-0.01,-0.03
2650578,27.00,-0.02,-0.21,28.00,-1.62,-0.71,26.00,0.02,-0.04
2650638,27.00,0.08,-0.14,28.00,-1.44,-0.48,26.00,0.01,-0.04
2650699,27.00,0.07,-0.12,28.00,-0.53,-0.63,26.00,0.01,-0.06
2650759,27.00,-0.08,-0.18,28.00,-0.10,-0.49,26.00,-0.02,-0.03
2650819,27.00,0.07,-0.57,28.00,0.43,-0.16,26.00,-0.01,-0.05
2650879,27.00,0.02,-0.16,28.00,1.21,-0.17,26.00,0.01,0.02
2650939,27.00,0.11,-0.29,28.00,1.55,0.05,26.00,0.04,-0.02
2650999,27.00,-0.04,-0.21,28.00,2.06,0.14,26.00,-0.05,0.01
2651059,27.00,-0.14,-0.16,28.00,2.72,-0.21,26.00,-0.02,-0.06
2651119,27.00,0.10,-0.10,28.00,3.01,-0.33,26.00,0.01,0.03
2651180,27.00,0.12,-0.08,28.00,3.38,-0.39,26.00,-0.01,-0.04
2651240,27.00,0.04,-0.15,28.00,3.68,-0.10,26.00,-0.07,-0.07
2651300,27.00,0.10,-0.29,28.00,3.64,-0.20,26.00,-0.02,-0.01
2651360,27.00,-0.07,-0.42,28.00,3.92,0.05,26.00,-0.01,-0.08
2651420,27.00,0.26,-0.11,28.00,3.80,0.27,26.00,-0.05,-0.00
2651480,27.00,0.10,-0.10,28.00,3.58,0.08,26.00,0.05,-0.00
2651540,27.00,-0.07,-0.11,28.00,3.61,0.07,26.00,0.07,-0.02
2651601,27.00,0.02,-0.10,28.00,3.42,-0.64,26.00,-0.04,-0.13
2651661,27.00,-0.11,-0.16,28.00,3.01,-0.03,26.00,-0.04,0.01
2651721,27.00,-0.05,-0.22,28.00,2.70,0.39,26.00,-0.07,-0.02
2651781,27.00,0.07,-0.15,28.00,1.93,0.57,26.00,-0.02,0.00
2651841,27.00,-0.05,-0.15,28.00,1.55,0.15,26.00,-0.07,-0.14
2651901,27.00,-0.08,-0.19,28.00,0.99,0.51,26.00,0.07,-0.07
2651961,27.00,-0.05,-0.09,28.00,0.45,0.31,26.00,-0.02,-0.02
2652021,27.00,0.01,-0.16,28.00,-0.08,-0.00,26.00,0.01,-0.06
2652082,27.00,-0.04,-0.17,28.00,-0.67,-0.47,26.00,-0.01,-0.04
2652142,27.00,-0.07,-0.13,28.00,-1.12,-0.34,26.00,0.02,0.04
2652202,27.00,0.01,-0.06,28.00,-1.81,0.07,26.00,-0.05,-0.00
2652262,27.00,-0.11,-0.36,28.00,-2.23,-0.51,26.00,0.01,-0.07
2652322,27.00,0.11,-0.22,28.00,-2.48,0.10,26.00,-0.04,-0.06
2652382,27.00,0.10,-0.28,28.00,-3.08,-0.36,26.00,0.04,0.01
2652442,27.00,0.01,-0.18,28.00,-3.45,-0.29,26.00,-0.07,-0.04
2652503,27.00,0.02,-0.17,28.00,-3.73,-0.25,26.00,-0.02,-0.04
2652563,27.00,0.10,-0.05,28.00,-3.92,-0.06,26.00,-0.04,0.01
2652623,27.00,-0.04,-0.14,28.00,-3.95,-0.29,26.00,-0.05,-0.00
2652683,27.00,0.07,-0.11,28.00,-3.99,-0.19,26.00,0.04,-0.01
2652743,27.00,0.14,-0.29,28.00,-3.42,-0.49,26.00,-0.04,-0.07
2652803,27.00,0.11,-0.17,28.00,-3.39,0.05,26.00,-0.02,-0.07
2652863,27.00,0.17,-0.22,28.00,-3.27,-0.41,26.00,-0.05,-0.10
2652923,27.00,0.11,-0.17,28.00,-2.69,-0.71,26.00,-0.04,0.00
2652984,27.00,-0.10,-0.15,28.00,-2.62,0.03,26.00,-0.05,-0.01
2653044,27.00,-0.17,-0.15,28.00,-2.16,-0.49,26.00,0.02,-0.10
2653104,27.00,-0.10,-0.21,28.00,-1.52,-0.88,26.00,-0.04,-0.04
2653164,27.00,0.12,-0.19,28.00,-0.75,-1.05,26.00,-0.04,-0.02
2653224,27.00,0.02,-0.31,28.00,-0.36,-0.77,26.00,0.02,-0.01
2653284,27.00,-0.21,-0.33,28.00,0.11,-0.37,26.00,-0.01,-0.05
2653344,27.00,0.05,-0.15,28.00,0.83,-0.15,26.00,0.01,-0.05
2653405,27.00,0.01,-0.30,28.00,1.28,-0.65,26.00,0.02,-0.04
2653465,27.00,-0.05,-0.22,28.00,1.72,0.09,26.00,0.01,0.04
2653525,27.00,-0.02,-0.11,28.00,2.47,0.24,26.00,0.04,0.04
2653585,27.00,-0.23,-0.19,28.00,2.85,0.24,26.00,-0.01,-0.07
2653645,27.00,-0.15,-0.24,28.00,3.38,-0.07,26.00,-0.04,0.04
2653705,27.00,0.07,-0.29,28.00,3.52,-0.01,26.00,-0.04,-0.12
2653765,27.00,-0.11,-0.22,28.00,3.64,-0.59,26.00,-0.07,-0.07
2653825,27.00,0.07,-0.20,28.00,4.10,-0.58,26.00,-0.01,-0.05
2653886,27.00,0.17,-0.14,28.00,3.77,0.36,26.00,0.04,-0.01
2653946,27.00,-0.02,-0.10,28.00,3.70,-0.01,26.00,0.01,-0.04
2654006,27.00,0.02,-0.20,28.00,3.85,-0.04,26.00,-0.05,-0.00
2654066,27.00,-0.08,-0.25,28.00,3.39,0.07,26.00,-0.02,-0.03
2654126,27.00,-0.07,-0.17,28.00,3.33,0.09,26.00,0.05,-0.00
2654186,27.00,-0.11,-0.26,28.00,2.72,-0.37,26.00,0.04,-0.02
2654246,27.00,0.05,-0.23,28.00,2.12,-0.05,26.00,0.05,-0.05
2654307,27.00,-0.07,-0.15,28.00,1.96,0.16,26.00,0.01,-0.01
2654367,27.00,-0.01,-0.15,28.00,1.40,0.00,26.00,-0.02,-0.07
2654427,27.00,-0.12,-0.34,28.00,1.08,-0.33,26.00,0.02,0.00
2654487,27.00,-0.08,-0.11,28.00,0.21,0.02,26.00,0.08,-0.08
2654547,27.00,0.07,-0.15,28.00,-0.24,-0.10,26.00,0.01,-0.07
2654607,27.00,-0.04,-0.10,28.00,-0.84,-0.16,26.00,-0.01,-0.09
2654667,27.00,-0.10,-0.03,28.00,-1.52,-0.32,26.00,0.01,-0.06
2654728,27.00,0.04,-0.11,28.00,-2.07,-0.46,26.00,0.07,-0.01
2654788,27.00,0.10,-0.19,28.00,-2.42,-0.73,26.00,-0.07,-0.05
2654848,27.00,0.21,-0.08,28.00,-3.10,-0.33,26.00,-0.04,-0.02
2654908,27.00,-0.10,-0.23,28.00,-3.16,-0.02,26.00,-0.05,0.00
2654968,27.00,-0.04,-0.21,28.00,-3.51,-0.30,26.00,-0.05,-0.04
2655028,27.00,0.05,-0.37,28.00,-3.71,-0.15,26.00,0.05,0.00
2655088,27.00,0.04,-0.12,28.00,-3.92,-0.32,26.00,-0.01,-0.05
2655148,27.00,0.15,-0.15,28.00,-4.04,-0.25,26.00,-0.05,-0.05
2655209,27.00,-0.04,-0.29,28.00,-3.64,-0.39,26.00,0.02,-0.09
2655269,27.00,0.02,-0.30,28.00,-3.71,-0.50,26.00,-0.05,-0.01
2655329,27.00,0.04,-0.20,28.00,-3.29,-0.30,26.00,-0.07,0.02
2655389,27.00,-0.01,-0.25,28.00,-3.19,-0.33,26.00,0.05,-0.07
2655449,27.00,0.01,-0.16,28.00,-2.42,-0.72,26.00,0.04,-0.05
2655509,27.00,-0.01,-0.36,28.00,-2.19,-1.08,26.00,-0.02,-0.04
2655569,27.00,0.12,-0.21,28.00,-1.60,-0.67,26.00,-0.04,-0.02
2655630,27.00,0.15,-0.16,28.00,-1.25,-0.53,26.00,-0.04,0.00
2655690,27.00,-0.15,-0.14,28.00,-0.67,-0.60,26.00,0.05,0.01
2655750,27.00,-0.01,-0.23,28.00,-0.08,-0.81,26.00,0.01,-0.09
2655810,27.00,-0.02,-0.29,28.00,0.45,-0.51,26.00,-0.10,-0.02
2655870,27.00,0.10,-0.26,28.00,0.97,0.31,26.00,0.02,-0.07
2655930,27.00,-0.01,-0.15,28.00,1.60,0.14,26.00,0.01,0.04
2655990,27.00,-0.07,-0.11,28.00,1.94,-0.32,26.00,-0.01,0.04
2656050,27.00,-0.02,-0.20,28.00,2.50,0.41,26.00,-0.02,-0.04
2656111,27.00,-0.15,-0.26,28.00,2.89,-0.44,26.00,0.01,-0.03
2656171,27.00,-0.04,-0.18,28.00,3.38,-0.11,26.00,-0.07,0.00
2656231,27.00,0.08,-0.24,28.00,3.86,-0.18,26.00,0.07,0.01
2656291,27.00,0.15,-0.09,28.00,3.51,0.19,26.00,-0.04,0.02
2656351,27.00,0.01,-0.35,28.00,3.71,0.58,26.00,0.01,-0.06
2656411,27.00,-0.02,-0.16,28.00,3.73,-0.26,26.00,0.07,0.07
2656471,27.00,-0.11,-0.23,28.00,3.73,-0.35,26.00,0.02,-0.08
2656532,27.00,-0.12,-0.26,28.00,3.51,0.07,26.00,-0.05,-0.01
2656592,27.00,-0.08,-0.28,28.00,3.17,-0.16,26.00,-0.01,-0.07
2656652,27.00,0.14,-0.08,28.00,2.94,0.34,26.00,-0.05,0.01
2656712,27.00,0.01,-0.24,28.00,2.62,-0.35,26.00,-0.02,-0.11
2656772,27.00,-0.11,-0.32,28.00,2.29,-0.47,26.00,-0.01,-0.03
2656832,27.00,0.10,-0.31,28.00,1.71,-0.08,26.00,-0.02,0.06
2656892,27.00,-0.08,-0.28,28.00,1.09,-0.19,26.00,0.02,-0.03
2656952,27.00,0.08,-0.15,28.00,0.53,0.12,26.00,0.01,-0.04
2657013,27.00,0.08,-0.03,28.00,0.04,-0.22,26.00,0.01,0.08
2657073,27.00,-0.10,-0.17,28.00,-0.73,-0.40,26.00,-0.10,-0.09
2657133,27.00,0.07,-0.24,28.00,-1.28,-0.30,26.00,0.01,-0.12
2657193,27.00,-0.21,-0.24,28.00,-1.63,-0.07,26.00,0.01,-0.03
2657253,27.00,0.05,-0.26,28.00,-2.12,0.04,26.00,0.04,-0.00
2657313,27.00,-0.07,-0.30,28.00,-3.03,-0.31,26.00,0.01,0.00
2657373,27.00,-0.01,-0.08,28.00,-2.97,0.14,26.00,-0.05,0.03
2657434,27.00,0.05,-0.17,28.00,-3.71,0.26,26.00,-0.07,-0.08
2657494,27.00,-0.05,-0.20,28.00,-3.66,-0.31,26.00,-0.04,-0.08
2657554,27.00,0.05,-0.26,28.00,-3.92,0.06,26.00,0.02,0.05
2657614,27.00,-0.05,-0.14,28.00,-3.67,-0.36,26.00,-0.01,-0.08
2657674,27.00,-0.10,-0.14,28.00,-3.54,-0.41,26.00,-0.08,-0.03
2657734,27.00,0.04,-0.22,28.00,-3.76,-0.31,26.00,0.02,-0.02
2657794,27.00,0.01,-0.29,28.00,-3.57,-0.10,26.00,0.01,-0.05
2657854,27.00,0.11,-0.26,28.00,-3.57,-0.68,26.00,0.07,-0.04
2657915,27.00,-0.07,-0.22,28.00,-2.82,-0.40,26.00,-0.04,0.00
2657975,27.00,0.02,-0.30,28.00,-2.67,-0.89,26.00,-0.01,-0.08
2658035,27.00,0.04,-0.11,28.00,-1.91,-0.65,26.00,0.01,-0.06
2658095,27.00,-0.02,-0.08,28.00,-1.60,-0.32,26.00,-0.01,0.01
2658155,27.00,0.10,0.03,28.00,-0.92,-0.44,26.00,-0.01,-0.09
2658215,27.00,0.01,-0.27,28.00,-0.56,-0.79,26.00,-0.07,-0.02
2658275,27.00,0.08,-0.24,28.00,0.02,-0.43,26.00,-0.02,-0.06
2658336,27.00,-0.15,-0.11,28.00,0.52,-0.28,26.00,0.02,0.03
2658396,27.00,0.08,-0.39,28.00,1.37,-0.09,26.00,0.01,-0.01
2658456,27.00,-0.07,-0.19,28.00,1.84,-0.29,26.00,-0.07,-0.05
2658516,27.00,0.05,-0.21,28.00,2.23,-0.56,26.00,0.02,-0.00
2658576,27.00,-0.08,-0.13,28.00,2.57,0.23,26.00,-0.02,-0.03
2658636,27.00,0.05,-0.21,28.00,2.97,0.19,26.00,0.02,-0.05
2658696,27.00,0.20,-0.18,28.00,3.51,-0.13,26.00,-0.04,-0.07
2658756,27.00,0.14,-0.10,28.00,3.80,-0.46,26.00,-0.07,-0.04
2658817,27.00,-0.02,-0.33,28.00,4.04,0.41,26.00,-0.01,-0.01
2658877,27.00,-0.02,-0.21,28.00,3.95,-0.06,26.00,-0.04,0.06
2658937,27.00,0.08,-0.22,28.00,3.47,0.07,26.00,-0.07,-0.04
2658997,27.00,0.02,-0.29,28.00,3.32,0.08,26.00,0.01,-0.08
2659057,27.00,0.11,-0.19,28.00,3.44,0.24,26.00,-0.05,-0.08
2659117,27.00,0.08,-0.28,28.00,3.32,-0.00,26.00,0.01,-0.01
2659177,27.00,-0.10,-0.22,28.00,2.75,0.18,26.00,-0.07,-0.04
2659238,27.00,-0.02,-0.23,28.00,2.57,0.23,26.00,-0.01,-0.02
2659298,27.00,0.10,-0.17,28.00,1.84,-0.08,26.00,-0.04,0.00
2659358,27.00,-0.07,-0.32,28.00,1.40,0.10,26.00,-0.05,-0.12
2659418,27.00,-0.11,-0.15,28.00,0.62,0.19,26.00,0.01,-0.05
2659478,27.00,-0.08,-0.24,28.00,0.34,-0.21,26.00,0.01,-0.09
2659538,27.00,0.07,-0.07,28.00,-0.32,-0.29,26.00,-0.04,-0.04
2659598,27.00,-0.08,-0.15,28.00,-1.09,-0.08,26.00,0.02,-0.08
2659659,27.00,0.14,-0.08,28.00,-1.52,-0.21,26.00,-0.07,-0.03
2659719,27.00,0.02,-0.28,28.00,-2.10,-0.49,26.00,-0.01,-0.06
2659779,27.00,-0.01,-0.16,28.00,-2.37,-0.29,26.00,0.05,-0.05
2659839,27.00,-0.08,-0.22,28.00,-2.64,-0.00,26.00,0.04,-0.06
2659899,27.00,0.18,-0.31,28.00,-3.35,-0.86,26.00,-0.02,0.03
2659959,27.00,-0.02,-0.10,28.00,-3.64,-0.31,26.00,-0.01,-0.00
2660019,27.00,-0.18,-0.22,28.00,-3.57,-0.39,26.00,0.04,0.04
2660079,27.00,-0.18,-0.17,28.00,-3.89,-0.24,26.00,0.08,-0.00
2660140,27.00,-0.12,-0.22,28.00,-3.96,-0.77,26.00,0.02,-0.09
2660200,27.00,0.05,-0.06,28.00,-3.96,-0.35,26.00,-0.02,-0.03
2660260,27.00,-0.02,-0.23,28.00,-3.74,0.18,26.00,-0.01,-0.07
2660320,27.00,-0.04,-0.17,28.00,-3.49,-0.73,26.00,-0.10,0.07
2660380,27.00,-0.14,-0.23,28.00,-3.08,-0.79,26.00,0.02,0.00
2660440,27.00,-0.02,-0.12,28.00,-2.81,-0.14,26.00,-0.02,-0.00
2660500,27.00,0.05,-0.29,28.00,-2.25,-0.50,26.00,0.04,0.03
2660561,27.00,-0.02,-0.28,28.00,-1.90,-0.24,26.00,0.01,0.04
2660621,27.00,-0.04,-0.22,28.00,-1.21,-0.65,26.00,-0.01,-0.00
2660681,27.00,0.11,-0.16,28.00,-0.64,-0.76,26.00,-0.01,0.02
2660741,27.00,0.15,-0.08,28.00,-0.11,-0.76,26.00,-0.04,-0.04
2660801,27.00,0.02,-0.22,28.00,0.24,-0.41,26.00,-0.04,-0.03
2660861,27.00,0.01,-0.35,28.00,0.81,-0.39,26.00,0.02,-0.06
2660921,27.00,0.02,-0.25,28.00,1.38,0.00,26.00,0.01,-0.08
2660981,27.00,-0.11,-0.14,28.00,2.10,0.36,26.00,0.02,-0.09
2661042,27.00,0.05,-0.31,28.00,2.70,0.14,26.00,-0.01,-0.02
2661102,27.00,0.14,-0.12,28.00,2.79,-0.13,26.00,0.04,0.00
2661162,27.00,0.04,-0.28,28.00,3.55,-0.21,26.00,0.02,0.00
2661222,27.00,0.07,-0.19,28.00,3.39,-0.44,26.00,0.01,0.09
2661282,27.00,-0.07,-0.20,28.00,3.73,0.02,26.00,-0.01,-0.03
2661342,27.00,-0.07,0.06,28.00,3.77,0.07,26.00,-0.02,-0.02
2661402,27.00,-0.05,-0.29,28.00,3.70,0.29,26.00,-0.01,-0.08
2661463,27.00,0.15,-0.07,28.00,3.77,0.31,26.00,-0.01,-0.11
2661523,27.00,0.01,-0.19,28.00,3.35,-0.05,26.00,0.11,0.02
2661583,27.00,-0.01,-0.19,28.00,3.63,0.03,26.00,0.02,-0.00
2661643,27.00,0.07,-0.07,28.00,2.85,-0.23,26.00,0.05,-0.05
2661703,27.00,-0.02,-0.19,28.00,2.82,0.16,26.00,-0.02,-0.07
2661763,27.00,-0.01,-0.17,28.00,2.35,0.32,26.00,-0.02,-0.09
2661823,27.00,0.02,-0.16,28.00,1.77,-0.13,26.00,0.04,-0.00
2661883,27.00,-0.10,-0.20,28.00,1.31,0.05,26.00,0.01,0.02
2661944,27.00,0.04,-0.31,28.00,0.52,0.22,26.00,-0.01,0.00
2662004,27.00,0.04,-0.25,28.00,0.04,0.23,26.00,-0.02,-0.04
2662064,27.00,0.01,-0.20,28.00,-0.61,0.07,26.00,-0.02,0.01
2662124,27.00,0.10,-0.21,28.00,-0.80,-0.50,26.00,-0.01,-0.03
2662184,27.00,-0.08,-0.28,28.00,-1.50,-0.36,26.00,-0.07,-0.00
2662244,27.00,-0.02,-0.15,28.00,-2.10,-0.34,26.00,0.04,0.03
2662304,27.00,-0.02,-0.22,28.00,-2.50,-0.24,26.00,-0.07,0.00
2662365,27.00,0.01,-0.17,28.00,-3.01,-0.56,26.00,0.01,0.04
2662425,27.00,0.04,-0.10,28.00,-3.29,-0.47,26.00,0.05,-0.02
2662485,27.00,-0.08,-0.13,28.00,-3.49,-0.31,26.00,-0.04,-0.04
2662545,27.00,-0.18,-0.29,28.00,-3.76,-0.15,26.00,0.01,0.00
2662605,27.00,-0.21,-0.20,28.00,-3.96,-0.25,26.00,0.04,0.00
2662665,27.00,-0.10,-0.17,28.00,-4.12,-0.24,26.00,0.02,-0.02
2662725,27.00,-0.01,-0.22,28.00,-3.79,-0.40,26.00,0.01,0.06
2662785,27.00,0.01,-0.28,28.00,-3.54,-0.18,26.00,0.10,-0.07
2662846,27.00,0.01,-0.00,28.00,-3.32,-0.40,26.00,0.01,-0.09
2662906,27.00,0.05,-0.18,28.00,-2.94,-0.43,26.00,0.04,0.01
2662966,27.00,0.07,-0.20,28.00,-2.34,-0.65,26.00,-0.07,-0.07
2663026,27.00,-0.04,-0.34,28.00,-2.09,-0.78,26.00,0.01,-0.04
2663086,27.00,-0.08,-0.23,28.00,-1.52,-0.89,26.00,-0.02,-0.00
2663146,27.00,0.14,-0.24,28.00,-1.03,-0.46,26.00,0.02,-0.05
2663206,27.00,-0.17,0.07,28.00,-0.48,-0.58,26.00,-0.02,-0.06
2663267,27.00,-0.01,-0.29,28.00,-0.18,-0.41,26.00,-0.01,0.02
2663327,27.00,0.04,-0.51,28.00,0.53,-0.62,26.00,-0.01,0.00
2663387,27.00,0.04,-0.24,28.00,1.09,-0.20,26.00,0.05,-0.07
2663447,27.00,-0.07,-0.28,28.00,1.90,-0.16,26.00,0.01,0.00
2663507,27.00,-0.05,-0.34,28.00,2.40,0.03,26.00,0.04,-0.02
2663567,27.00,0.10,-0.23,28.00,2.85,0.07,26.00,-0.04,0.00
2663627,27.00,-0.18,-0.14,28.00,2.91,-0.07,26.00,0.01,-0.05
2663687,27.00,-0.04,-0.14,28.00,3.27,0.44,26.00,-0.01,-0.02
2663748,27.00,0.05,-0.30,28.00,3.49,-0.07,26.00,-0.04,-0.04
2663808,27.00,0.02,-0.07,28.00,3.71,-0.15,26.00,-0.04,-0.08
2663868,27.00,0.04,-0.07,28.00,3.71,-0.01,26.00,-0.02,-0.05
2663928,27.00,-0.11,-0.13,28.00,3.54,-0.07,26.00,0.07,-0.10
2663988,27.00,-0.04,-0.06,28.00,3.89,-0.66,26.00,-0.08,-0.07
2664048,27.00,-0.12,-0.22,28.00,3.83,0.15,26.00,-0.01,-0.00
2664108,27.00,0.02,-0.02,28.00,2.97,0.38,26.00,0.01,-0.06
2664169,27.00,-0.05,-0.20,28.00,3.07,0.09,26.00,0.01,-0.09
2664229,27.00,-0.10,-0.15,28.00,2.48,-0.07,26.00,0.05,0.00
2664289,27.00,0.04,-0.11,28.00,2.10,0.22,26.00,-0.05,-0.08
2664349,27.00,0.21,-0.29,28.00,1.55,-0.00,26.00,-0.05,-0.05
2664409,27.00,-0.07,-0.16,28.00,1.05,-0.21,26.00,-0.05,0.03
2664469,27.00,-0.07,-0.16,28.00,0.46,0.42,26.00,-0.07,-0.09
2664529,27.00,0.01,-0.31,28.00,-0.11,-0.22,26.00,-0.04,0.00
2664590,27.00,0.01,-0.23,28.00,-0.93,-0.43,26.00,0.04,-0.00
2664650,27.00,0.14,-0.19,28.00,-1.15,-0.19,26.00,-0.02,0.03
2664710,27.00,-0.01,-0.29,28.00,-2.03,0.03,26.00,0.02,0.03
2664770,27.00,-0.10,-0.11,28.00,-2.72,0.55,26.00,0.01,-0.05
2664830,27.00,-0.04,-0.07,28.00,-2.92,-0.66,26.00,-0.05,-0.06
2664890,27.00,-0.01,-0.24,28.00,-3.17,-0.07,26.00,0.01,-0.14
2664950,27.00,0.12,-0.11,28.00,-3.35,-0.44,26.00,0.02,-0.07
2665010,27.00,0.08,-0.07,28.00,-3.89,-0.09,26.00,-0.07,-0.09
2665071,27.00,-0.11,-0.22,28.00,-3.74,-0.33,26.00,-0.01,-0.05
2665131,27.00,0.02,-0.11,28.00,-3.89,-0.55,26.00,-0.05,0.06
2665191,27.00,-0.01,-0.21,28.00,-3.67,-0.99,26.00,-0.04,0.00
2665251,27.00,0.02,-0.40,28.00,-3.64,-0.58,26.00,-0.10,-0.05
2665311,27.00,-0.15,-0.31,28.00,-3.26,-0.72,26.00,-0.04,-0.10
2665371,27.00,0.11,-0.14,28.00,-3.30,-0.58,26.00,0.02,-0.05
2665431,27.00,0.12,-0.16,28.00,-3.01,-0.88,26.00,0.01,0.02
2665491,27.00,0.08,0.07,28.00,-2.51,-0.32,26.00,-0.01,-0.07
2665552,27.00,-0.01,-0.12,28.00,-2.06,-0.44,26.00,0.01,0.10
2665612,27.00,-0.05,-0.13,28.00,-1.55,-1.07,26.00,-0.05,-0.03
2665672,27.00,0.08,0.15,28.00,-0.80,-1.30,26.00,-0.01,0.03
2665732,27.00,0.07,-0.12,28.00,-0.36,-0.49,26.00,0.05,-0.09
2665792,27.00,0.05,-0.12,28.00,0.27,-0.33,26.00,0.08,0.01
2665852,27.00,0.05,-0.28,28.00,0.86,-0.19,26.00,0.02,-0.02
2665912,27.00,0.02,-0.10,28.00,1.44,0.04,26.00,-0.07,-0.00
2665973,27.00,-0.08,-0.28,28.00,1.79,-0.47,26.00,0.01,-0.03
2666033,27.00,-0.15,-0.37,28.00,2.50,-0.12,26.00,-0.05,0.00
2666093,27.00,-0.01,-0.27,28.00,2.79,-0.21,26.00,0.05,-0.04
2666153,27.00,-0.02,-0.26,28.00,3.08,-0.11,26.00,-0.01,-0.01
2666213,27.00,-0.07,-0.23,28.00,3.82,-0.20,26.00,-0.07,-0.07
2666273,27.00,-0.20,-0.18,28.00,3.54,-0.29,26.00,-0.04,-0.06
2666333,27.00,-0.01,-0.31,28.00,3.51,0.06,26.00,-0.02,0.04
2666394,27.00,0.10,-0.15,28.00,3.82,0.15,26.00,0.07,0.02
2666454,27.00,-0.12,-0.31,28.00,3.93,0.05,26.00,-0.02,-0.10
2666514,27.00,-0.02,-0.22,28.00,3.60,-0.18,26.00,0.02,-0.07
2666574,27.00,-0.11,-0.28,28.00,3.29,0.22,26.00,0.01,-0.05
2666634,27.00,-0.08,-0.29,28.00,3.30,-0.14,26.00,-0.02,0.00
2666694,27.00,0.01,-0.28,28.00,2.37,0.39,26.00,-0.02,0.01
2666754,27.00,0.15,-0.07,28.00,2.28,-0.08,26.00,-0.04,-0.02
2666814,27.00,-0.07,-0.20,28.00,1.58,-0.22,26.00,0.01,0.07
2666875,27.00,0.01,-0.24,28.00,1.16,0.22,26.00,-0.07,-0.01
2666935,27.00,0.07,-0.29,28.00,0.64,-0.68,26.00,-0.04,-0.00
2666995,27.00,0.07,-0.19,28.00,0.21,-0.32,26.00,-0.01,-0.00
2667055,27.00,0.08,-0.22,28.00,-0.52,-0.07,26.00,-0.05,-0.05
2667115,27.00,-0.08,-0.33,28.00,-1.27,0.15,26.00,0.10,-0.07
2667175,27.00,-0.08,-0.25,28.00,-1.56,0.00,26.00,0.08,-0.06
2667235,27.00,0.02,-0.29,28.00,-2.37,-0.15,26.00,-0.01,-0.05
2667296,27.00,-0.10,-0.20,28.00,-2.51,-0.21,26.00,-0.05,-0.02
2667356,27.00,-0.02,-0.27,28.00,-2.97,-0.40,26.00,-0.08,-0.00
2667416,27.00,-0.10,-0.36,28.00,-3.05,-0.56,26.00,-0.05,-0.07
2667476,27.00,0.01,-0.19,28.00,-3.48,-0.57,26.00,-0.05,0.01
2667536,27.00,0.10,-0.02,28.00,-3.86,-0.08,26.00,0.04,-0.05
2667596,27.00,-0.07,-0.34,28.00,-3.89,-0.22,26.00,0.04,-0.08
2667656,27.00,-0.02,-0.28,28.00,-3.93,-0.67,26.00,0.01,-0.03
2667716,27.00,-0.11,-0.34,28.00,-3.88,-0.30,26.00,0.05,-0.00
2667777,27.00,0.12,-0.38,28.00,-3.86,-0.45,26.00,-0.01,-0.03
2667837,27.00,-0.07,-0.16,28.00,-3.29,-0.29,26.00,0.02,-0.03
2667897,27.00,0.04,-0.11,28.00,-3.14,-0.29,26.00,0.02,0.00
2667957,27.00,-0.15,-0.10,28.00,-2.70,-0.52,26.00,0.04,0.02
2668017,27.00,0.01,-0.21,28.00,-2.26,-0.26,26.00,-0.04,0.06
2668077,27.00,0.14,-0.08,28.00,-1.69,-0.55,26.00,-0.01,-0.08
2668137,27.00,0.11,-0.12,28.00,-1.15,-0.22,26.00,-0.07,-0.04
2668198,27.00,-0.18,-0.19,28.00,-0.68,-0.29,26.00,-0.01,-0.06
2668258,27.00,-0.01,-0.15,28.00,0.05,-0.57,26.00,0.02,0.00
2668318,27.00,-0.12,-0.13,28.00,0.49,-0.52,26.00,0.01,0.00
2668378,27.00,-0.04,-0.24,28.00,1.24,0.10,26.00,-0.02,-0.02
2668438,27.00,-0.04,-0.24,28.00,1.74,0.10,26.00,-0.04,0.02
2668498,27.00,-0.02,-0.17,28.00,2.12,-0.15,26.00,0.01,-0.13
2668558,27.00,-0.05,-0.29,28.00,2.54,0.23,26.00,0.02,0.01
2668618,27.00,0.08,-0.36,28.00,2.84,0.20,26.00,0.04,-0.03
2668679,27.00,0.15,-0.04,28.00,3.20,-0.28,26.00,0.05,0.00
2668739,27.00,-0.15,-0.01,28.00,3.71,-0.40,26.00,-0.01,-0.07
2668799,27.00,-0.08,-0.12,28.00,3.88,0.15,26.00,0.05,-0.01
2668859,27.00,0.01,-0.15,28.00,3.85,0.56,26.00,-0.02,0.02
2668919,27.00,-0.02,-0.22,28.00,3.85,-0.18,26.00,-0.04,-0.07
2668979,27.00,-0.23,-0.25,28.00,3.90,0.21,26.00,-0.05,0.04
2669039,27.00,-0.01,-0.13,28.00,3.42,0.43,26.00,0.01,-0.03
2669100,27.00,0.07,-0.13,28.00,3.51,-0.14,26.00,-0.10,-0.07
2669160,27.00,0.01,-0.23,28.00,2.82,0.08,26.00,0.02,-0.06
2669220,27.00,0.12,-0.34,28.00,2.47,0.29,26.00,0.07,-0.07
2669280,27.00,0.21,-0.19,28.00,1.90,0.07,26.00,0.04,-0.17
2669340,27.00,-0.05,-0.25,28.00,1.56,-0.01,26.00,0.02,-0.08
2669400,27.00,-0.23,-0.23,28.00,1.02,0.36,26.00,-0.01,-0.01
2669460,27.00,0.07,-0.20,28.00,0.39,0.05,26.00,0.07,-0.03
2669520,27.00,-0.20,-0.19,28.00,-0.10,-0.18,26.00,0.01,0.01
2669581,27.00,0.17,-0.12,28.00,-0.78,-0.24,26.00,0.04,-0.02
2669641,27.00,-0.05,-0.16,28.00,-1.25,0.19,26.00,-0.01,-0.12
2669701,27.00,-0.01,-0.35,28.00,-1.94,-0.03,26.00,-0.01,-0.05
2669761,27.00,-0.07,-0.12,28.00,-2.40,-0.29,26.00,0.02,-0.00
2669821,27.00,-0.27,-0.30,28.00,-2.89,-0.36,26.00,-0.07,-0.07
2669881,27.00,0.02,-0.28,28.00,-3.16,-0.11,26.00,-0.04,0.01
2669941,27.00,0.10,-0.11,28.00,-3.58,-0.26,26.00,-0.02,0.02
2670002,27.00,-0.02,-0.36,28.00,-3.82,-0.16,26.00,-0.01,0.03
2670062,27.00,0.01,-0.29,28.00,-3.61,-0.07,26.00,-0.07,-0.08
2670122,27.00,-0.04,-0.23,28.00,-3.79,-0.26,26.00,0.01,-0.01
2670182,27.00,-0.15,-0.21,28.00,-3.73,-0.28,26.00,-0.01,-0.03
2670242,27.00,-0.11,-0.32,28.00,-3.64,-0.38,26.00,0.01,0.01
2670302,27.00,0.15,-0.16,28.00,-3.82,-0.20,26.00,-0.04,-0.01
2670362,27.00,0.01,-0.13,28.00,-3.22,-0.50,26.00,0.01,-0.04
2670422,27.00,0.02,-0.15,28.00,-2.88,-0.41,26.00,0.07,-0.09
2670483,27.00,0.05,-0.12,28.00,-2.69,-0.73,26.00,0.01,-0.06
2670543,27.00,-0.05,-0.22,28.00,-1.87,-0.51,26.00,0.02,0.00
2670603,27.00,0.05,-0.07,28.00,-1.46,-0.27,26.00,-0.08,-0.03
2670663,27.00,0.14,-0.22,28.00,-0.70,-0.50,26.00,0.05,-0.03
2670723,27.00,-0.10,-0.21,28.00,-0.36,-0.83,26.00,-0.04,-0.09
2670783,27.00,0.04,-0.22,28.00,0.15,-0.31,26.00,0.01,-0.06
2670843,27.00,0.01,-0.01,28.00,0.73,0.02,26.00,-0.04,0.05
2670904,27.00,-0.02,-0.34,28.00,1.37,-0.61,26.00,-0.04,-0.02
2670964,27.00,-0.11,-0.21,28.00,1.85,0.26,26.00,0.02,-0.08
2671024,27.00,-0.02,-0.20,28.00,2.31,0.52,26.00,0.01,-0.03
2671084,27.00,-0.02,-0.28,28.00,2.89,0.08,26.00,-0.04,-0.01
2671144,27.00,-0.02,-0.13,28.00,3.11,-0.10,26.00,0.04,-0.00
2671204,27.00,-0.08,-0.20,28.00,3.29,0.14,26.00,-0.02,-0.01
2671264,27.00,0.05,-0.23,28.00,3.57,-0.01,26.00,-0.08,-0.07
2671324,27.00,-0.02,-0.27,28.00,3.80,-0.09,26.00,-0.02,-0.05
2671385,27.00,0.12,-0.23,28.00,3.82,0.44,26.00,0.02,-0.07
2671445,27.00,-0.05,-0.36,28.00,3.67,-0.10,26.00,-0.07,-0.01
2671505,27.00,0.08,-0.22,28.00,3.90,0.15,26.00,-0.02,-0.02
2671565,27.00,-0.02,-0.27,28.00,3.44,0.03,26.00,0.04,0.01
2671625,27.00,0.04,-0.22,28.00,3.07,-0.39,26.00,0.07,-0.06
2671685,27.00,0.08,-0.38,28.00,3.00,-0.11,26.00,-0.02,-0.16
2671745,27.00,-0.07,-0.24,28.00,2.28,-0.13,26.00,-0.01,-0.05
2671806,27.00,-0.01,-0.18,28.00,2.09,-0.09,26.00,-0.04,-0.00
2671866,27.00,-0.01,-0.18,28.00,1.25,0.59,26.00,-0.01,-0.02
2671926,27.00,-0.05,-0.12,28.00,0.70,0.54,26.00,-0.01,-0.02
2671986,27.00,0.05,-0.31,28.00,-0.02,0.25,26.00,-0.01,-0.05
2672046,27.00,0.04,-0.24,28.00,-0.36,-0.22,26.00,0.01,-0.00
2672106,27.00,0.17,-0.09,28.00,-0.73,0.36,26.00,-0.02,0.00
2672166,27.00,-0.17,-0.22,28.00,-1.58,0.26,26.00,0.01,-0.07
2672227,27.00,0.05,-0.26,28.00,-2.01,-0.24,26.00,0.02,-0.07
2672287,27.00,-0.05,-0.17,28.00,-2.47,-0.14,26.00,-0.02,-0.12
2672347,27.00,-0.01,-0.29,28.00,-3.05,-0.23,26.00,0.01,-0.06
2672407,27.00,0.08,-0.22,28.00,-3.22,-0.35,26.00,0.04,-0.07
2672467,27.00,0.04,-0.13,28.00,-3.47,0.09,26.00,0.01,0.02
2672527,27.00,-0.11,-0.25,28.00,-3.77,-0.35,26.00,0.05,0.02
2672587,27.00,-0.07,-0.28,28.00,-3.70,-0.87,26.00,0.08,0.01
2672647,27.00,-0.05,-0.20,28.00,-3.77,-0.21,26.00,-0.05,-0.08
2672708,27.00,-0.15,-0.13,28.00,-3.64,-0.87,26.00,-0.07,-0.03
2672768,27.00,-0.01,-0.38,28.00,-3.48,-0.55,26.00,-0.05,-0.03
2672828,27.00,-0.08,-0.12,28.00,-3.22,-0.54,26.00,-0.01,-0.09
2672888,27.00,0.08,-0.07,28.00,-3.25,-0.44,26.00,-0.04,0.03
2672948,27.00,0.01,-0.23,28.00,-2.57,-0.93,26.00,0.02,-0.01
2673008,27.00,0.02,-0.21,28.00,-2.19,-0.68,26.00,-0.05,0.03
2673068,27.00,0.10,-0.19,28.00,-1.65,-0.87,26.00,-0.02,-0.05
2673129,27.00,-0.05,-0.14,28.00,-1.15,-0.43,27.00,0.05,0.01
2673189,27.00,0.01,-0.21,28.00,-0.56,-0.40,27.00,0.02,0.07
2673249,27.00,0.08,-0.20,28.00,-0.15,-0.73,27.00,-0.02,0.01
2673309,27.00,-0.02,-0.29,28.00,0.29,-0.45,27.00,0.04,-0.07
2673369,27.00,0.02,-0.22,28.00,0.95,-0.38,27.00,-0.02,0.00
2673429,27.00,-0.12,-0.22,28.00,1.37,-0.25,27.00,0.01,0.01
2673489,27.00,0.12,-0.30,28.00,2.40,-0.31,27.00,-0.01,-0.07
2673549,27.00,-0.07,-0.33,28.00,2.41,0.18,27.00,0.01,-0.06
2673610,27.00,-0.01,-0.19,28.00,3.01,-0.22,27.00,-0.01,-0.00
2673670,27.00,-0.17,-0.09,28.00,3.38,0.08,27.00,0.04,0.02
2673730,27.00,-0.08,-0.28,28.00,3.60,-0.03,27.00,-0.05,-0.05
2673790,27.00,0.05,-0.18,28.00,3.52,0.00,27.00,0.05,-0.05
2673850,27.00,-0.02,-0.25,28.00,3.70,-0.07,27.00,0.02,0.00
2673910,27.00,-0.29,-0.21,28.00,3.89,-0.16,27.00,-0.01,-0.01
2673970,27.00,0.05,-0.14,28.00,3.90,-0.37,27.00,-0.01,-0.05
2674031,27.00,-0.08,-0.24,28.00,3.49,0.22,27.00,0.04,0.01
2674091,27.00,0.04,-0.20,28.00,3.29,-0.16,27.00,-0.01,-0.07
2674151,27.00,-0.04,-0.39,28.00,3.01,-0.02,27.00,-0.04,-0.04
2674211,27.00,-0.02,-0.17,28.00,2.64,-0.61,27.00,0.04,0.09
2674271,27.00,0.05,-0.19,28.00,2.35,0.02,27.00,-0.02,-0.02
2674331,27.00,-0.02,-0.24,28.00,1.72,0.44,27.00,-0.05,-0.03
2674391,27.00,0.15,-0.14,28.00,1.09,-0.15,27.00,0.01,-0.07
2674451,27.00,0.10,-0.11,28.00,0.51,-0.06,27.00,0.01,-0.03
2674512,27.00,-0.02,-0.28,28.00,0.07,-0.00,27.00,-0.05,-0.09
2674572,27.00,-0.02,-0.23,28.00,-0.61,-0.16,27.00,0.01,0.03
2674632,27.00,-0.11,-0.12,28.00,-1.28,-0.81,27.00,-0.01,-0.15
2674692,27.00,0.10,-0.18,28.00,-1.60,-0.35,27.00,0.04,-0.09
2674752,27.00,-0.12,-0.28,28.00,-2.38,-0.19,27.00,0.08,0.01
2674812,27.00,-0.04,-0.26,28.00,-2.60,-0.15,27.00,-0.02,-0.01
2674872,27.00,-0.02,-0.17,28.00,-3.07,-0.08,27.00,0.05,-0.09
2674933,27.00,0.10,-0.12,28.00,-3.42,-0.04,27.00,0.02,0.05
2674993,27.00,-0.10,-0.19,28.00,-3.66,-0.24,27.00,-0.04,-0.07
2675053,27.00,0.04,-0.20,28.00,-3.82,-0.15,27.00,-0.01,-0.00
2675113,27.00,-0.11,-0.14,28.00,-3.99,-0.36,27.00,0.01,-0.01
2675173,27.00,0.04,-0.13,28.00,-3.98,-0.36,27.00,-0.07,-0.03
2675233,27.00,-0.02,-0.22,28.00,-3.68,-0.10,27.00,0.08,-0.02
2675293,27.00,0.04,-0.33,28.00,-3.74,-0.07,27.00,-0.01,0.02
2675353,27.00,-0.08,-0.46,28.00,-3.23,-0.40,27.00,-0.01,-0.02
2675414,27.00,0.08,-0.11,28.00,-3.22,-0.23,27.00,-0.07,-0.06
2675474,27.00,0.02,-0.19,28.00,-2.53,-0.72,27.00,0.01,-0.03
2675534,27.00,-0.08,-0.17,28.00,-1.97,-0.59,27.00,-0.04,-0.01
2675594,27.00,-0.04,-0.22,28.00,-1.68,-0.45,27.00,-0.04,-0.00
2675654,27.00,-0.05,-0.11,28.00,-1.06,-0.74,27.00,-0.02,0.02
2675714,27.00,-0.01,-0.22,28.00,-0.43,-0.58,27.00,-0.04,-0.03
2675774,27.00,-0.02,0.04,28.00,0.08,-0.44,27.00,-0.05,-0.09
2675835,27.00,0.02,-0.05,28.00,0.75,-0.29,27.00,-0.04,-0.01
2675895,27.00,-0.10,-0.11,28.00,1.36,-0.32,27.00,-0.05,-0.04
2675955,27.00,-0.01,-0.11,28.00,1.74,-0.36,27.00,-0.02,-0.01
2676015,27.00,-0.10,-0.27,28.00,2.22,-0.42,27.00,-0.02,0.01
2676075,27.00,0.08,-0.05,28.00,2.57,-0.38,27.00,-0.02,-0.07
2676135,27.00,-0.20,-0.16,28.00,3.16,-0.13,27.00,-0.07,-0.09
2676195,27.00,-0.02,-0.36,28.00,3.39,-0.07,27.00,-0.02,-0.00
2676255,27.00,0.21,-0.16,28.00,3.54,-0.51,27.00,-0.01,-0.06
2676316,27.00,0.05,-0.13,28.00,3.85,0.07,27.00,-0.01,0.01
2676376,27.00,-0.01,0.01,28.00,3.80,-0.29,27.00,0.01,-0.07
2676436,27.00,-0.10,-0.22,28.00,3.76,0.50,27.00,0.01,0.02
2676496,27.00,0.11,-0.23,28.00,3.48,-0.18,27.00,-0.04,-0.05
2676556,27.00,-0.10,-0.19,28.00,3.41,-0.23,27.00,0.04,0.03
2676616,27.00,0.05,-0.40,28.00,3.25,0.30,27.00,-0.01,-0.00
2676676,27.00,0.14,-0.07,28.00,2.78,0.02,27.00,0.01,0.06
2676737,27.00,-0.20,-0.10,28.00,2.54,-0.21,27.00,0.02,-0.15
2676797,27.00,-0.05,-0.21,28.00,1.97,-0.34,27.00,0.02,-0.00
2676857,27.00,-0.01,-0.21,28.00,1.49,0.24,27.00,-0.04,-0.07
2676917,27.00,0.15,-0.25,28.00,0.67,0.15,27.00,-0.01,0.00
2676977,27.00,-0.02,-0.18,28.00,0.34,-0.09,27.00,0.04,-0.09
2677037,27.00,-0.02,-0.17,28.00,-0.29,-0.09,27.00,0.01,-0.03
2677097,27.00,0.02,-0.19,28.00,-0.84,-0.15,27.00,0.01,-0.02
2677158,27.00,-0.04,-0.35,28.00,-1.46,-0.13,27.00,0.02,-0.02
2677218,27.00,0.11,-0.23,28.00,-1.97,-0.22,27.00,-0.02,-0.01
2677278,27.00,0.08,-0.22,28.00,-2.29,-0.15,27.00,-0.04,-0.00
2677338,27.00,-0.04,-0.16,28.00,-2.85,-0.29,27.00,0.01,-0.06
2677398,27.00,0.10,-0.18,28.00,-3.11,-0.63,27.00,-0.01,0.01
2677458,27.00,-0.08,-0.23,28.00,-3.44,-0.48,27.00,-0.02,-0.05
2677518,27.00,0.02,-0.23,28.00,-3.99,0.10,27.00,-0.02,-0.01
2677578,27.00,-0.08,-0.22,28.00,-3.90,-0.01,27.00,0.01,-0.00
2677639,27.00,0.12,-0.32,28.00,-3.76,-0.44,27.00,-0.05,-0.07
2677699,27.00,-0.14,-0.15,28.00,-3.60,-0.42,27.00,-0.01,0.00
2677759,27.00,0.04,-0.31,28.00,-3.88,-0.24,27.00,-0.07,0.00
2677819,27.00,-0.08,-0.15,28.00,-3.39,-0.86,27.00,-0.05,-0.05
2677879,27.00,-0.07,-0.27,28.00,-2.95,-0.75,27.00,0.04,-0.06
2677939,27.00,0.08,-0.15,28.00,-3.00,-0.17,27.00,0.01,0.03
2677999,27.00,-0.08,-0.29,28.00,-2.38,-0.51,27.00,-0.10,-0.12
2678060,27.00,0.01,-0.22,28.00,-2.15,0.03,27.00,0.01,0.04
2678120,27.00,-0.05,-0.19,28.00,-1.27,-0.99,27.00,0.01,0.01
2678180,27.00,0.12,-0.13,28.00,-0.64,-0.93,27.00,-0.01,-0.15
2678240,27.00,-0.01,-0.16,28.00,-0.17,-0.48,27.00,0.05,0.04
2678300,27.00,-0.04,-0.18,28.00,0.36,-0.38,27.00,-0.05,-0.10
2678360,27.00,0.02,-0.33,28.00,0.95,-0.46,27.00,0.02,0.03
2678420,27.00,0.01,-0.09,28.00,1.52,0.22,27.00,-0.02,-0.03
2678480,27.00,0.08,-0.25,28.00,1.85,0.02,27.00,-0.02,0.01
2678541,27.00,0.18,-0.16,28.00,2.62,-0.05,27.00,0.02,-0.07
2678601,27.00,0.04,-0.15,28.00,3.01,-0.07,27.00,-0.08,-0.05
2678661,27.00,0.12,-0.21,28.00,3.14,0.07,27.00,-0.04,-0.07
2678721,27.00,0.04,-0.26,28.00,3.63,-0.36,27.00,0.02,0.04
2678781,27.00,0.07,-0.19,28.00,3.90,0.03,27.00,-0.01,0.04
2678841,27.00,0.05,-0.22,28.00,3.96,0.35,27.00,0.01,-0.07
2678901,27.00,0.11,-0.16,28.00,3.83,0.02,27.00,-0.01,-0.07
2678962,27.00,-0.05,-0.20,28.00,3.83,0.17,27.00,-0.05,-0.09
2679022,27.00,-0.10,-0.12,28.00,3.82,0.12,27.00,0.04,0.01
2679082,27.00,-0.18,-0.29,28.00,3.47,-0.41,27.00,-0.02,-0.10
2679142,27.00,0.21,-0.08,28.00,3.05,-0.28,27.00,0.01,0.01
2679202,27.00,-0.08,-0.20,28.00,2.42,0.47,27.00,-0.05,-0.03
2679262,27.00,-0.20,-0.38,28.00,2.12,0.18,27.00,0.02,-0.10
2679322,27.00,-0.08,-0.06,28.00,1.72,-0.11,27.00,0.02,0.00
2679382,27.00,0.04,-0.29,28.00,1.08,0.15,27.00,0.07,-0.11
2679443,27.00,0.04,-0.15,28.00,0.78,0.40,27.00,-0.05,-0.11
2679503,27.00,0.21,-0.16,28.00,0.32,0.23,27.00,0.02,-0.03
2679563,27.00,0.01,-0.26,28.00,-0.51,-0.10,27.00,0.02,-0.01
2679623,27.00,0.02,-0.27,28.00,-0.87,0.44,27.00,0.02,-0.05
2679683,27.00,0.12,-0.35,28.00,-1.68,-0.49,27.00,0.01,0.03
2679743,27.00,-0.07,-0.18,28.00,-2.13,0.13,27.00,-0.05,-0.04
2679803,27.00,-0.10,-0.27,28.00,-2.57,-0.17,27.00,-0.01,-0.02
2679864,27.00,0.01,-0.25,28.00,-2.81,-0.21,27.00,-0.05,-0.05
2679924,27.00,0.11,-0.32,28.00,-3.26,-0.31,27.00,-0.05,-0.02
2679984,27.00,0.14,-0.21,28.00,-3.52,-0.47,27.00,-0.01,0.00
2680044,27.00,0.07,-0.22,28.00,-3.79,-0.32,27.00,-0.05,-0.02
2680104,27.00,0.07,-0.15,28.00,-3.96,-0.41,27.00,-0.07,-0.06
2680164,27.00,0.17,-0.19,28.00,-4.01,-0.37,27.00,-0.04,-0.00
2680224,27.00,-0.01,-0.16,28.00,-3.85,-0.44,27.00,0.01,-0.04
2680284,27.00,-0.12,-0.30,28.00,-3.74,-0.31,27.00,-0.01,-0.06
2680345,27.00,0.14,-0.17,28.00,-3.16,-0.52,27.00,-0.08,-0.04
2680405,27.00,-0.02,-0.28,28.00,-3.19,-0.48,27.00,0.01,-0.11
2680465,27.00,0.12,-0.28,28.00,-2.47,-0.48,27.00,-0.07,-0.05
2680525,27.00,0.02,-0.15,28.00,-2.18,0.10,27.00,-0.05,-0.00
2680585,27.00,-0.18,-0.03,28.00,-1.44,-0.36,27.00,0.04,-0.02
2680645,27.00,-0.04,-0.27,28.00,-1.00,-0.50,27.00,-0.02,-0.07
2680705,27.00,-0.01,-0.30,28.00,-0.46,-0.41,27.00,-0.01,0.01
2680766,27.00,-0.04,-0.19,28.00,-0.08,-0.51,27.00,0.04,-0.05
2680826,27.00,-0.15,-0.21,28.00,0.39,-0.44,27.00,-0.04,-0.01
2680886,27.00,-0.08,-0.36,28.00,1.24,-0.63,27.00,-0.01,-0.03
2680946,27.00,0.02,-0.09,28.00,1.66,-0.40,27.00,0.01,-0.03
2681006,27.00,0.02,-0.27,28.00,2.06,-0.13,27.00,-0.01,-0.06
2681066,27.00,-0.05,-0.24,28.00,2.69,0.30,27.00,-0.02,-0.01
2681126,27.00,0.04,-0.22,28.00,3.22,0.27,27.00,-0.07,-0.03
2681186,27.00,0.02,-0.22,28.00,3.45,0.16,27.00,0.04,0.00
2681247,27.00,0.01,-0.22,28.00,3.76,-0.50,27.00,-0.02,-0.04
2681307,27.00,0.08,-0.22,28.00,3.93,-0.39,27.00,-0.08,-0.03
2681367,27.00,0.10,-0.25,28.00,3.70,-0.24,27.00,-0.04,-0.04
2681427,27.00,0.02,-0.14,28.00,4.07,-0.06,27.00,0.05,-0.03
2681487,27.00,0.04,-0.20,28.00,3.76,-0.29,27.00,-0.01,-0.04
2681547,27.00,-0.05,-0.15,28.00,3.64,-0.04,27.00,0.05,0.05
2681607,27.00,-0.17,-0.38,28.00,3.16,0.15,27.00,0.01,-0.00
2681668,27.00,0.04,-0.10,28.00,2.70,-0.00,27.00,-0.01,-0.01
2681728,27.00,0.07,-0.21,28.00,2.75,0.36,27.00,-0.02,-0.04
2681788,27.00,0.02,-0.15,28.00,1.97,0.51,27.00,-0.01,-0.07
2681848,27.00,-0.17,-0.26,28.00,1.41,0.17,27.00,0.01,0.00
2681908,27.00,0.07,-0.32,28.00,0.92,1.07,27.00,0.07,-0.00
2681968,27.00,-0.15,-0.24,28.00,0.21,0.02,27.00,-0.01,-0.15
2682028,27.00,-0.08,-0.25,28.00,-0.15,-0.19,27.00,-0.08,-0.05
2682088,27.00,-0.04,-0.17,28.00,-0.52,-0.25,27.00,-0.04,0.07
2682149,27.00,-0.02,-0.18,28.00,-1.16,-0.26,27.00,-0.01,-0.09
2682209,27.00,0.10,0.02,28.00,-2.07,-0.34,27.00,-0.05,-0.07
2682269,27.00,0.07,-0.28,28.00,-2.32,-0.35,27.00,0.01,-0.07
2682329,27.00,0.18,-0.08,28.00,-2.95,-0.50,27.00,-0.01,0.06
2682389,27.00,-0.10,-0.15,28.00,-3.20,-0.22,27.00,0.01,-0.02
2682449,27.00,-0.02,-0.11,28.00,-3.48,-0.35,27.00,-0.02,-0.06
2682509,27.00,-0.07,-0.15,28.00,-3.67,-0.44,27.00,-0.10,-0.07
2682570,27.00,0.14,-0.15,28.00,-3.90,-0.75,27.00,-0.01,-0.04
2682630,27.00,-0.02,-0.24,28.00,-3.95,-0.65,27.00,-0.04,-0.03
2682690,27.00,-0.08,-0.08,28.00,-3.58,-0.53,27.00,0.01,-0.05
2682750,27.00,0.14,-0.06,28.00,-3.66,-0.35,27.00,0.01,-0.03
2682810,27.00,0.04,-0.14,28.00,-3.55,0.05,27.00,-0.04,0.00
2682870,27.00,0.11,-0.15,28.00,-3.36,-0.49,27.00,0.04,-0.07
2682930,27.00,-0.14,-0.21,28.00,-2.45,-0.56,27.00,-0.01,0.00
2682990,27.00,-0.12,-0.07,28.00,-2.37,-0.10,27.00,0.04,-0.09
2683051,27.00,-0.15,-0.27,28.00,-1.81,-0.77,27.00,0.01,-0.03
2683111,27.00,-0.21,-0.27,28.00,-1.25,-1.17,27.00,0.07,0.11
2683171,27.00,0.07,-0.14,28.00,-0.56,-0.66,27.00,0.02,-0.07
2683231,27.00,-0.02,-0.29,28.00,-0.14,-0.22,27.00,-0.02,-0.04
2683291,27.00,0.11,-0.39,28.00,0.27,-0.41,27.00,-0.02,-0.04
2683351,27.00,0.10,-0.12,28.00,0.77,-0.64,27.00,-0.02,-0.04
2683411,27.00,-0.15,-0.18,28.00,1.21,-0.46,27.00,0.08,-0.07
2683472,27.00,-0.05,-0.18,28.00,2.00,-0.47,27.00,0.01,-0.04
2683532,27.00,-0.02,-0.21,28.00,2.64,0.04,27.00,-0.01,-0.06
2683592,27.00,0.04,-0.35,28.00,2.88,-0.44,27.00,0.01,-0.02
2683652,27.00,0.14,0.03,28.00,3.30,-0.30,27.00,0.01,-0.01
2683712,27.00,-0.10,-0.22,28.00,3.49,0.00,27.00,0.02,0.00
2683772,27.00,0.11,-0.25,28.00,3.49,-0.49,27.00,0.01,-0.07
2683832,27.00,-0.12,-0.25,28.00,3.79,-0.32,27.00,-0.01,-0.03
2683893,27.00,-0.11,-0.24,28.00,3.82,-0.04,27.00,0.01,-0.06
2683953,27.00,-0.04,-0.15,28.00,3.85,-0.14,27.00,0.01,0.00
2684013,27.00,-0.10,-0.36,28.00,3.58,-0.15,27.00,-0.01,-0.04
2684073,27.00,-0.04,-0.27,28.00,3.41,-0.13,27.00,0.01,-0.08
2684133,27.00,-0.12,-0.24,28.00,3.20,0.29,27.00,-0.01,-0.13
2684193,27.00,-0.08,-0.31,28.00,2.54,-0.02,27.00,-0.07,-0.03
2684253,27.00,0.02,-0.29,28.00,2.37,-0.17,27.00,-0.10,-0.04
2684313,27.00,0.02,-0.14,28.00,1.87,0.12,27.00,0.02,0.02
2684374,27.00,-0.07,-0.11,28.00,1.30,0.14,27.00,0.02,0.02
2684434,27.00,0.14,-0.22,28.00,0.90,-0.22,27.00,0.02,-0.07
2684494,27.00,0.05,-0.36,28.00,0.26,-0.15,27.00,-0.04,-0.04
2684554,27.00,-0.14,-0.15,28.00,-0.27,-0.13,27.00,-0.05,0.01
2684614,27.00,0.08,-0.20,28.00,-0.90,-0.28,27.00,0.04,0.03
2684674,27.00,0.07,-0.32,28.00,-1.50,-0.41,27.00,-0.02,0.07
2684734,27.00,0.10,-0.13,28.00,-2.13,-0.02,27.00,0.11,-0.13
2684795,27.00,0.05,-0.22,28.00,-2.50,-0.32,27.00,-0.10,-0.11
2684855,27.00,0.01,-0.30,28.00,-3.19,-0.78,27.00,-0.02,-0.04
2684915,27.00,-0.01,-0.16,28.00,-3.14,-0.32,27.00,0.01,-0.13
2684975,27.00,-0.10,-0.30,28.00,-3.22,-0.51,27.00,-0.02,0.02
2685035,27.00,-0.10,-0.27,28.00,-3.88,-0.22,27.00,-0.01,-0.07
2685095,27.00,-0.10,-0.13,28.00,-4.04,-0.41,27.00,-0.01,-0.02
2685155,27.00,-0.05,0.01,28.00,-3.93,-0.29,27.00,-0.05,-0.09
2685215,27.00,0.10,-0.20,28.00,-3.76,-0.37,27.00,0.04,-0.14
2685276,27.00,0.01,-0.26,28.00,-3.63,-0.34,27.00,0.01,0.03
2685336,27.00,-0.05,-0.22,28.00,-3.58,-0.01,27.00,0.01,-0.02
2685396,27.00,-0.05,-0.27,28.00,-3.33,-0.36,27.00,0.02,0.02
2685456,27.00,0.10,-0.17,28.00,-2.76,-0.60,27.00,0.01,0.00
2685516,27.00,0.01,-0.07,28.00,-2.18,-0.44,27.00,-0.04,-0.07
2685576,27.00,0.04,-0.28,28.00,-1.87,-0.43,27.00,-0.02,0.00
2685636,27.00,-0.04,-0.15,28.00,-1.21,-0.44,27.00,0.01,0.00
2685697,27.00,0.14,-0.09,28.00,-0.73,-0.54,27.00,-0.05,-0.12
2685757,27.00,0.14,-0.17,28.00,0.05,-0.35,27.00,0.02,0.01
2685817,27.00,-0.07,-0.29,28.00,0.53,-0.14,27.00,0.01,-0.01
2685877,27.00,0.14,-0.02,28.00,1.05,0.32,27.00,-0.01,-0.08
2685937,27.00,0.04,-0.39,28.00,1.55,0.15,27.00,-0.05,0.01
2685997,27.00,0.05,-0.30,28.00,2.26,-0.07,27.00,0.01,0.08
2686057,27.00,-0.08,-0.15,28.00,2.76,0.11,27.00,-0.01,-0.04
2686117,27.00,-0.10,-0.31,28.00,2.91,-0.31,27.00,0.02,-0.03
2686178,27.00,0.10,-0.27,28.00,3.22,0.05,27.00,0.05,-0.06
2686238,27.00,-0.11,-0.38,28.00,3.86,-0.16,27.00,-0.01,-0.03
2686298,27.00,-0.11,-0.22,28.00,3.60,0.36,27.00,-0.07,-0.05
2686358,27.00,0.07,-0.20,28.00,3.79,0.39,27.00,0.04,-0.03
2686418,27.00,0.12,-0.24,28.00,3.76,-0.07,27.00,0.04,0.01
2686478,27.00,-0.21,-0.45,28.00,3.86,-0.44,27.00,0.02,0.01
2686538,27.00,-0.18,-0.20,28.00,3.41,-0.07,27.00,0.04,-0.07
2686599,27.00,-0.05,-0.28,28.00,3.68,-0.29,27.00,-0.01,-0.06
2686659,27.00,0.24,-0.35,28.00,2.82,-0.04,27.00,0.02,-0.00
2686719,27.00,-0.15,-0.15,28.00,2.60,-0.04,27.00,-0.02,-0.06
2686779,27.00,-0.01,-0.24,28.00,2.04,0.32,27.00,0.01,-0.05
2686839,27.00,-0.11,-0.25,28.00,1.82,-0.10,27.00,-0.01,-0.01
2686899,27.00,0.04,-0.24,28.00,1.00,-0.06,27.00,0.04,0.02
2686959,27.00,-0.01,0.02,28.00,0.29,-0.33,27.00,-0.07,-0.04
2687019,27.00,0.08,-0.12,28.00,-0.18,-0.20,27.00,-0.01,-0.06
2687080,27.00,-0.07,-0.22,28.00,-0.65,-0.22,27.00,-0.02,-0.04
2687140,27.00,0.05,-0.23,28.00,-1.46,0.09,27.00,-0.04,-0.08
2687200,27.00,0.05,-0.09,28.00,-1.75,0.07,27.00,-0.02,-0.09
2687260,27.00,0.04,-0.14,28.00,-2.28,0.16,27.00,-0.04,-0.04
2687320,27.00,-0.02,-0.16,28.00,-2.97,0.23,27.00,-0.01,-0.07
2687380,27.00,-0.02,-0.22,28.00,-3.03,0.21,27.00,0.02,-0.00
2687440,27.00,-0.07,-0.04,28.00,-3.63,-0.49,27.00,0.07,-0.08
2687501,27.00,0.08,-0.36,28.00,-3.63,0.03,27.00,-0.07,0.00
2687561,27.00,0.10,-0.09,28.00,-3.63,-0.00,27.00,-0.01,-0.04
2687621,27.00,-0.01,-0.25,28.00,-3.79,-0.73,27.00,-0.07,0.02
2687681,27.00,-0.05,0.05,28.00,-3.76,-0.57,27.00,0.01,-0.03
2687741,27.00,0.04,-0.21,28.00,-3.55,-0.07,27.00,-0.05,0.05
2687801,27.00,0.01,-0.24,28.00,-3.45,-0.37,27.00,-0.08,-0.04
2687861,27.00,-0.01,-0.29,28.00,-3.41,-0.49,27.00,0.02,-0.03
2687921,27.00,-0.12,-0.08,28.00,-2.94,-0.47,27.00,-0.02,-0.01
2687982,27.00,0.08,-0.13,28.00,-2.62,-0.10,27.00,-0.04,-0.06
2688042,27.00,-0.18,-0.30,28.00,-1.88,-0.19,27.00,-0.02,-0.07
2688102,27.00,-0.17,-0.21,28.00,-1.36,-0.29,27.00,0.02,-0.01
2688162,27.00,0.24,-0.07,28.00,-0.62,-0.36,27.00,-0.04,0.04
2688222,27.00,0.11,-0.17,28.00,-0.34,-0.68,27.00,-0.01,0.00
2688282,27.00,0.10,-0.18,28.00,-0.01,-0.45,27.00,-0.01,-0.04
2688342,27.00,-0.07,-0.29,28.00,0.89,-0.22,27.00,-0.02,-0.07
2688403,27.00,-0.02,-0.14,28.00,1.47,-0.12,27.00,-0.04,-0.08
2688463,27.00,-0.05,-0.15,28.00,1.91,0.04,27.00,0.14,-0.02
2688523,27.00,-0.10,-0.31,28.00,2.18,-0.05,27.00,0.02,-0.06
2688583,27.00,-0.12,-0.16,28.00,2.94,0.15,27.00,-0.04,0.00
2688643,27.00,-0.02,-0.23,28.00,3.17,-0.04,27.00,-0.02,-0.02
2688703,27.00,0.07,-0.18,28.00,3.38,-0.08,27.00,-0.07,-0.07
2688763,27.00,-0.02,-0.12,28.00,3.63,-0.07,27.00,-0.04,-0.04
2688824,27.00,-0.01,-0.15,28.00,3.74,0.10,27.00,-0.05,-0.07
2688884,27.00,0.15,-0.10,28.00,3.90,-0.20,27.00,-0.01,-0.07
2688944,27.00,-0.02,-0.15,28.00,3.66,0.05,27.00,0.01,-0.00
2689004,27.00,-0.02,-0.23,28.00,3.80,0.09,27.00,-0.01,0.09
2689064,27.00,-0.12,-0.21,28.00,3.36,0.16,27.00,0.02,0.01
2689124,27.00,0.01,-0.18,28.00,3.00,-0.17,27.00,-0.05,0.00
2689184,27.00,0.02,-0.27,28.00,2.67,0.03,27.00,-0.01,-0.04
2689244,27.00,-0.11,-0.23,28.00,2.25,0.21,27.00,-0.02,-0.08
2689305,27.00,-0.14,-0.46,28.00,1.81,-0.26,27.00,0.02,-0.07
2689365,27.00,-0.20,-0.12,28.00,1.36,0.09,27.00,0.01,0.00
2689425,27.00,-0.20,0.00,28.00,0.93,0.62,27.00,-0.05,-0.07
2689485,27.00,-0.07,-0.26,28.00,0.14,-0.14,27.00,0.04,-0.09
2689545,27.00,-0.01,-0.14,28.00,-0.27,-0.30,27.00,-0.07,-0.04
2689605,27.00,0.02,-0.25,28.00,-0.93,0.12,27.00,0.01,-0.01
2689665,27.00,-0.08,-0.39,28.00,-1.56,-0.21,27.00,0.01,-0.09
2689726,27.00,0.18,-0.15,28.00,-2.07,-0.27,27.00,-0.02,0.04
2689786,27.00,-0.12,-0.26,28.00,-2.62,-0.01,27.00,-0.05,0.04
2689846,27.00,0.02,-0.07,28.00,-2.82,-0.08,27.00,-0.04,0.01
2689906,27.00,0.08,-0.08,28.00,-2.89,-0.57,27.00,-0.10,-0.07
2689966,27.00,-0.11,-0.21,28.00,-3.44,-0.00,27.00,0.04,-0.02
2690026,27.00,-0.04,-0.31,28.00,-3.66,-0.40,27.00,0.02,-0.02
2690086,27.00,0.01,-0.16,28.00,-3.73,-0.80,27.00,-0.02,-0.01
2690146,27.00,-0.07,-0.25,28.00,-3.89,-0.53,27.00,-0.01,0.02
2690207,27.00,0.10,-0.09,28.00,-3.68,-0.31,27.00,-0.02,-0.07
2690267,27.00,-0.07,-0.04,28.00,-3.54,-0.25,27.00,-0.02,-0.02
2690327,27.00,-0.07,-0.16,28.00,-3.42,-0.39,27.00,0.01,-0.05
2690387,27.00,0.01,-0.16,28.00,-3.04,-0.42,27.00,0.04,-0.05
2690447,27.00,0.20,-0.34,28.00,-2.76,-0.36,27.00,0.04,0.00
2690507,27.00,0.04,-0.23,28.00,-2.34,-0.61,27.00,-0.01,-0.05
2690567,27.00,0.12,-0.07,28.00,-1.37,-0.58,27.00,-0.05,-0.10
2690628,27.00,0.11,-0.15,28.00,-1.31,-0.28,27.00,0.01,-0.05
2690688,27.00,-0.02,-0.17,28.00,-0.71,-0.84,27.00,0.08,-0.06
2690748,27.00,0.08,-0.06,28.00,0.04,-0.74,27.00,-0.02,-0.01
2690808,27.00,-0.10,-0.27,28.00,0.45,-0.30,27.00,-0.02,-0.04
2690868,27.00,-0.05,-0.01,28.00,1.11,-0.44,27.00,-0.04,-0.10
2690928,27.00,0.11,-0.15,28.00,1.59,0.29,27.00,0.01,0.03
2690988,27.00,-0.07,-0.13,28.00,2.26,-0.28,27.00,-0.01,0.03
2691048,27.00,-0.07,-0.39,28.00,2.66,-0.10,27.00,0.01,-0.00
2691109,27.00,0.07,-0.08,28.00,3.01,-0.05,27.00,0.01,0.04
2691169,27.00,-0.02,-0.17,28.00,3.49,0.31,27.00,0.01,-0.04
2691229,27.00,0.07,-0.54,28.00,3.45,0.10,27.00,0.04,-0.01
2691289,27.00,-0.04,-0.01,28.00,3.63,-0.18,27.00,-0.10,-0.01
2691349,27.00,0.04,-0.19,28.00,3.66,-0.19,27.00,-0.08,-0.03
2691409,27.00,0.01,-0.22,28.00,3.89,0.09,27.00,-0.01,-0.03
2691469,27.00,0.04,-0.26,28.00,4.08,-0.04,27.00,0.02,-0.04
2691530,27.00,-0.02,-0.15,28.00,3.82,0.30,27.00,-0.01,0.03
2691590,27.00,0.04,-0.21,28.00,3.30,0.17,27.00,0.04,-0.05
2691650,27.00,-0.05,-0.52,28.00,3.16,0.17,27.00,-0.04,-0.07
2691710,27.00,-0.08,-0.27,28.00,2.95,-0.10,27.00,0.02,-0.07
2691770,27.00,0.12,-0.18,28.00,2.28,0.20,27.00,-0.02,0.03
2691830,27.00,0.04,-0.27,28.00,1.69,0.13,27.00,-0.01,-0.03
2691890,27.00,-0.04,-0.09,28.00,1.05,0.29,27.00,0.01,0.04
2691950,27.00,-0.08,-0.24,28.00,0.52,0.11,27.00,0.01,-0.02
2692011,27.00,-0.10,-0.30,28.00,-0.02,-0.10,27.00,-0.02,-0.04
2692071,27.00,-0.07,-0.27,28.00,-0.58,-0.34,27.00,-0.05,0.00
2692131,27.00,-0.07,-0.15,28.00,-0.81,-1.03,27.00,0.01,-0.06
2692191,27.00,0.18,-0.22,28.00,-1.71,-0.16,27.00,-0.01,-0.08
2692251,27.00,-0.05,-0.18,28.00,-2.42,-0.43,27.00,-0.08,-0.06
2692311,27.00,-0.05,-0.29,28.00,-2.81,-0.26,27.00,-0.02,0.04
2692371,27.00,-0.11,-0.17,28.00,-3.05,-0.35,27.00,0.01,-0.03
2692432,27.00,0.20,-0.13,28.00,-3.63,-0.13,27.00,-0.04,-0.07
2692492,27.00,0.05,-0.21,28.00,-3.60,-0.08,27.00,-0.01,-0.04
2692552,27.00,0.04,-0.00,28.00,-3.68,-0.38,27.00,-0.05,-0.10
2692612,27.00,-0.02,-0.06,28.00,-3.88,-0.54,27.00,-0.01,-0.02
2692672,27.00,-0.02,-0.19,28.00,-3.74,-0.78,27.00,0.01,-0.07
2692732,27.00,0.11,-0.15,28.00,-3.70,-0.32,27.00,-0.02,0.00
2692792,27.00,-0.02,-0.08,28.00,-3.73,0.26,27.00,0.08,-0.01
2692852,27.00,0.05,-0.09,28.00,-3.35,-0.12,27.00,-0.08,-0.11
2692913,27.00,-0.14,-0.19,28.00,-3.01,-0.40,27.00,0.05,0.00
2692973,27.00,-0.05,-0.14,28.00,-2.37,-0.47,27.00,-0.02,-0.07
2693033,27.00,0.08,-0.06,28.00,-2.21,-0.48,27.00,0.02,-0.01
2693093,27.00,-0.14,-0.10,28.00,-1.62,-0.33,27.00,0.04,-0.01
2693153,27.00,0.07,-0.25,28.00,-1.11,-0.51,27.00,-0.01,-0.08
2693213,27.00,0.07,-0.15,28.00,-0.55,-0.73,27.00,0.01,0.00
2693273,27.00,0.10,-0.28,28.00,0.21,-0.44,27.00,-0.01,-0.04
2693334,27.00,0.01,-0.17,28.00,0.77,-0.07,27.00,-0.02,-0.08
2693394,27.00,-0.04,-0.12,28.00,1.12,0.12,27.00,0.01,-0.07
2693454,27.00,0.07,-0.15,28.00,1.62,-0.22,27.00,0.02,-0.05
2693514,27.00,-0.05,-0.22,28.00,2.50,-0.36,27.00,-0.04,-0.04
2693574,27.00,-0.01,-0.13,28.00,2.66,-0.31,27.00,0.05,-0.04
2693634,27.00,0.04,-0.21,28.00,3.00,-0.21,27.00,-0.07,-0.07
2693694,27.00,-0.10,-0.19,28.00,3.41,-0.02,27.00,0.04,-0.00
2693754,27.00,-0.21,-0.42,28.00,3.76,-0.09,27.00,0.05,-0.08
2693815,27.00,-0.01,-0.04,28.00,3.92,-0.36,27.00,-0.01,-0.02
2693875,27.00,-0.15,-0.32,28.00,3.63,-0.02,27.00,-0.02,-0.00
2693935,27.00,-0.10,-0.13,28.00,4.01,0.00,27.00,-0.01,-0.07
2693995,27.00,-0.04,-0.16,28.00,3.44,-0.02,27.00,-0.02,-0.09
2694055,27.00,0.04,-0.13,28.00,3.42,-0.13,27.00,-0.04,-0.08
2694115,27.00,0.08,-0.22,28.00,3.26,0.28,27.00,-0.07,0.03
2694175,27.00,0.07,-0.21,28.00,2.92,-0.03,27.00,0.02,-0.05
2694236,27.00,-0.07,-0.19,28.00,2.64,-0.22,27.00,-0.05,-0.00
2694296,27.00,0.17,-0.18,28.00,2.03,0.08,27.00,0.01,-0.02
2694356,27.00,-0.04,-0.33,28.00,1.68,-0.03,27.00,0.05,-0.01
2694416,27.00,0.05,-0.27,28.00,1.05,-0.25,27.00,-0.04,-0.01
2694476,27.00,-0.14,-0.28,28.00,0.43,-0.36,27.00,-0.02,-0.06
2694536,27.00,0.10,-0.05,28.00,-0.30,-0.36,27.00,0.11,-0.03
2694596,27.00,0.08,-0.05,28.00,-0.78,-0.51,27.00,-0.01,-0.01
2694657,27.00,0.01,-0.36,28.00,-1.30,-0.55,27.00,0.01,0.00
2694717,27.00,-0.14,-0.10,28.00,-2.06,-0.69,27.00,0.04,-0.00
2694777,27.00,0.02,-0.20,28.00,-2.31,-0.12,27.00,-0.02,-0.07
2694837,27.00,-0.08,-0.26,28.00,-2.84,-0.07,27.00,-0.05,-0.09
2694897,27.00,0.01,-0.47,28.00,-3.32,-0.14,27.00,0.02,-0.05
2694957,27.00,0.04,-0.10,28.00,-3.45,-0.59,27.00,0.01,-0.01
2695017,27.00,-0.14,-0.29,28.00,-3.89,0.07,27.00,-0.05,-0.02
2695077,27.00,0.01,-0.27,28.00,-3.77,-0.32,27.00,-0.05,-0.06
2695138,27.00,-0.01,-0.23,28.00,-3.73,-0.67,27.00,-0.01,0.04
2695198,27.00,0.07,-0.18,28.00,-3.79,-0.12,27.00,0.01,-0.02
2695258,27.00,-0.07,-0.29,28.00,-3.71,-0.01,27.00,-0.04,-0.03
2695318,27.00,0.05,-0.26,28.00,-3.25,-0.40,27.00,-0.02,0.00
2695378,27.00,0.14,-0.00,28.00,-3.27,-0.68,27.00,-0.07,-0.07
2695438,27.00,0.08,-0.18,28.00,-2.85,-0.68,27.00,0.01,0.03
2695498,27.00,-0.05,-0.18,28.00,-2.37,-0.68,27.00,0.01,0.05
2695559,27.00,-0.05,-0.34,28.00,-1.91,-0.52,27.00,-0.07,-0.08
2695619,27.00,-0.14,-0.37,28.00,-1.31,-0.58,27.00,0.01,0.03
2695679,27.00,0.15,-0.30,28.00,-0.61,-0.93,27.00,-0.02,0.05
2695739,27.00,-0.05,-0.22,28.00,-0.17,-0.99,27.00,0.01,-0.08
2695799,27.00,0.05,-0.17,28.00,0.42,-0.50,27.00,-0.02,0.02
2695859,27.00,-0.02,-0.02,28.00,1.03,-0.22,27.00,0.08,-0.05
2695919,27.00,-0.01,-0.36,28.00,1.31,0.12,27.00,0.02,-0.01
2695979,27.00,-0.05,-0.19,28.00,1.88,-0.07,27.00,0.02,-0.00
2696040,27.00,-0.01,-0.30,28.00,2.54,-0.44,27.00,-0.02,-0.08
2696100,27.00,0.10,-0.22,28.00,2.79,0.09,27.00,0.01,-0.10
2696160,27.00,-0.01,-0.30,28.00,3.35,-0.23,27.00,0.01,-0.04
2696220,27.00,-0.04,-0.15,28.00,3.67,-0.42,27.00,0.02,0.07
2696280,27.00,-0.17,-0.27,28.00,3.76,0.23,27.00,-0.04,0.07
2696340,27.00,0.02,-0.21,28.00,3.85,0.52,27.00,-0.02,-0.00
2696400,27.00,0.01,-0.17,28.00,3.68,-0.41,27.00,0.01,0.07
2696461,27.00,-0.14,-0.28,28.00,3.63,0.36,27.00,-0.10,-0.07
2696521,27.00,0.12,-0.23,28.00,3.30,-0.09,27.00,0.07,-0.06
2696581,27.00,0.01,-0.21,28.00,3.27,0.01,27.00,0.02,-0.04
2696641,27.00,-0.11,-0.12,28.00,3.08,-0.11,27.00,-0.01,-0.08
2696701,27.00,0.12,-0.31,28.00,2.48,0.50,27.00,-0.02,-0.00
2696761,27.00,0.01,-0.22,28.00,1.94,0.29,27.00,-0.08,-0.06
2696821,27.00,-0.05,-0.07,28.00,1.77,0.01,27.00,0.04,-0.06
2696881,27.00,-0.10,-0.34,28.00,0.84,0.20,27.00,-0.01,-0.13
2696942,27.00,-0.04,-0.27,28.00,0.56,0.29,27.00,0.02,-0.06
2697002,27.00,0.15,0.01,28.00,0.04,0.04,27.00,-0.04,-0.02
2697062,27.00,-0.10,-0.17,28.00,-0.42,-0.15,27.00,0.05,-0.04
2697122,27.00,-0.02,-0.21,28.00,-1.15,0.34,27.00,0.04,-0.01
2697182,27.00,0.08,-0.32,28.00,-1.78,0.02,27.00,-0.08,-0.05
2697242,27.00,0.17,-0.13,28.00,-2.04,-0.05,27.00,0.01,-0.08
2697302,27.00,0.01,-0.15,28.00,-2.67,-0.18,27.00,0.01,-0.01
2697363,27.00,-0.08,-0.13,28.00,-3.05,0.31,27.00,-0.04,-0.07
2697423,27.00,0.07,-0.11,28.00,-3.45,-0.27,27.00,0.02,-0.02
2697483,27.00,-0.02,-0.24,28.00,-3.17,-0.44,27.00,0.01,0.04
2697543,27.00,-0.10,-0.11,28.00,-3.70,-0.08,27.00,-0.02,0.00
2697603,27.00,-0.07,-0.21,28.00,-3.66,-0.44,27.00,0.04,-0.09
2697663,27.00,0.04,-0.19,28.00,-3.60,-0.42,27.00,0.02,0.00
2697723,27.00,0.14,-0.09,28.00,-3.54,-0.32,27.00,0.04,0.01
2697783,27.00,-0.11,-0.26,28.00,-3.70,-0.55,27.00,0.04,-0.05
2697844,27.00,0.08,-0.07,28.00,-3.30,-0.58,27.00,-0.07,0.01
2697904,27.00,-0.02,-0.04,28.00,-3.04,-0.79,27.00,0.08,0.02
2697964,27.00,0.02,-0.17,28.00,-2.69,-0.21,27.00,-0.04,0.04
2698024,27.00,0.04,-0.21,28.00,-2.38,-0.15,27.00,0.02,-0.07
2698084,27.00,0.05,-0.09,28.00,-1.78,-0.61,27.00,-0.01,-0.00
2698144,27.00,0.08,-0.22,28.00,-0.97,-0.63,27.00,0.01,-0.02
2698204,27.00,-0.10,-0.18,28.00,-0.59,-0.59,27.00,-0.05,-0.04
2698265,27.00,0.02,-0.24,28.00,-0.05,-0.44,27.00,0.02,0.00
2698325,27.00,0.02,-0.26,28.00,0.45,-0.46,27.00,0.02,-0.00
2698385,27.00,-0.11,-0.12,28.00,1.18,-0.58,27.00,0.02,-0.01
2698445,27.00,0.05,-0.21,28.00,1.75,-0.49,27.00,-0.04,-0.05
2698505,27.00,-0.04,-0.22,28.00,1.99,0.05,27.00,0.01,-0.00
2698565,27.00,-0.08,-0.18,28.00,2.64,0.09,27.00,0.04,-0.05
2698625,27.00,-0.07,-0.25,28.00,3.07,0.43,27.00,-0.01,-0.06
2698685,27.00,0.01,-0.40,28.00,3.42,-0.09,27.00,-0.02,0.00
2698746,27.00,0.01,-0.18,28.00,3.55,-0.01,27.00,0.04,-0.05
2698806,27.00,0.04,-0.28,28.00,3.82,0.05,27.00,0.02,0.03
2698866,27.00,0.02,-0.27,28.00,4.12,-0.53,27.00,0.05,-0.03
2698926,27.00,0.07,-0.10,28.00,3.96,-0.18,27.00,0.04,-0.03
2698986,27.00,0.10,-0.22,28.00,3.80,0.02,27.00,-0.02,0.02
2699046,27.00,-0.04,-0.10,28.00,3.79,0.29,27.00,0.04,0.04
2699106,27.00,-0.08,-0.14,28.00,3.27,0.25,27.00,0.04,-0.12
2699167,27.00,0.04,-0.12,28.00,2.91,-0.40,27.00,0.01,0.00
2699227,27.00,0.08,-0.24,28.00,2.22,0.72,27.00,-0.02,-0.06
2699287,27.00,-0.05,-0.12,28.00,1.93,0.55,27.00,0.01,-0.01
2699347,27.00,-0.07,-0.07,28.00,1.43,0.12,27.00,-0.01,0.04
2699407,27.00,0.05,-0.14,28.00,1.06,0.65,27.00,0.01,-0.09
2699467,27.00,0.01,-0.09,28.00,0.43,0.19,27.00,0.01,-0.03
2699527,27.00,-0.14,-0.15,28.00,0.04,-0.06,27.00,-0.07,-0.07
2699588,27.00,-0.08,-0.15,28.00,-0.58,-0.36,27.00,0.01,-0.08
2699648,27.00,-0.05,-0.22,28.00,-1.30,0.33,27.00,0.02,-0.05
2699708,27.00,0.14,-0.15,28.00,-1.81,0.06,27.00,0.02,-0.05
2699768,27.00,-0.12,-0.15,28.00,-2.26,-0.44,27.00,-0.01,0.01
2699828,27.00,0.05,-0.25,28.00,-2.59,-0.48,27.00,-0.01,0.03
2699888,27.00,-0.02,-0.21,28.00,-3.11,-0.06,27.00,-0.02,-0.15
2699948,27.00,-0.14,-0.32,28.00,-3.48,-0.08,27.00,0.02,0.04
2700008,27.00,0.07,-0.32,28.00,-3.73,0.06,27.00,-0.01,-0.04
2700069,27.00,-0.05,-0.10,28.00,-3.52,-0.73,27.00,-0.05,0.03
2700129,27.00,-0.14,-0.27,28.00,-3.96,-0.07,27.00,-0.04,-0.06
2700189,27.00,0.02,-0.15,28.00,-3.61,-0.46,27.00,-0.01,0.02
2700249,27.00,-0.07,-0.13,28.00,-3.70,-0.23,27.00,-0.05,0.04
2700309,27.00,0.05,-0.36,28.00,-3.48,-0.15,27.00,0.01,-0.03
2700369,27.00,-0.10,-0.15,28.00,-2.89,-0.82,27.00,0.10,-0.04
2700429,27.00,-0.08,-0.18,28.00,-3.03,-0.36,27.00,-0.01,-0.02
2700490,27.00,0.04,-0.22,28.00,-2.59,-0.11,27.00,0.07,-0.06
2700550,27.00,0.01,-0.14,28.00,-2.00,-0.84,27.00,0.02,-0.07
2700610,27.00,-0.01,-0.22,28.00,-1.28,-0.73,27.00,0.02,-0.09
2700670,27.00,0.05,-0.20,28.00,-0.83,-0.62,27.00,-0.11,-0.05
2700730,27.00,-0.10,-0.16,28.00,-0.40,-0.49,27.00,-0.02,-0.01
2700790,27.00,0.08,-0.27,28.00,0.20,-0.58,27.00,-0.08,-0.00
2700850,27.00,0.08,-0.18,28.00,0.73,-0.15,27.00,-0.01,-0.10
2700910,27.00,-0.08,-0.08,28.00,1.47,-0.37,27.00,0.02,-0.03
2700971,27.00,-0.02,-0.17,28.00,2.22,-0.12,27.00,0.01,-0.03
2701031,27.00,0.02,-0.17,28.00,2.31,-0.07,27.00,0.01,-0.02
2701091,27.00,-0.10,-0.22,28.00,2.82,-0.25,27.00,-0.04,-0.02
2701151,27.00,-0.05,-0.33,28.00,3.49,-0.07,27.00,-0.04,-0.09
2701211,27.00,0.07,-0.18,28.00,3.33,0.22,27.00,0.04,-0.10
2701271,27.00,0.05,-0.36,28.00,3.88,-0.26,27.00,0.01,-0.01
2701331,27.00,0.04,-0.06,28.00,3.45,-0.35,27.00,0.04,-0.06
2701392,27.00,0.01,-0.19,28.00,3.64,0.15,27.00,-0.02,0.03
2701452,27.00,0.07,-0.14,28.00,3.88,-0.44,27.00,-0.02,-0.00
2701512,27.00,0.05,-0.03,28.00,3.83,0.07,27.00,0.01,-0.09
2701572,27.00,0.05,-0.26,28.00,3.61,0.15,27.00,0.01,-0.03
2701632,27.00,0.05,-0.15,28.00,2.91,0.38,27.00,-0.01,-0.00
2701692,27.00,-0.11,-0.25,28.00,2.86,0.19,27.00,-0.02,-0.06
2701752,27.00,0.12,-0.16,28.00,2.18,-0.02,27.00,-0.01,-0.01
2701812,27.00,-0.08,-0.25,28.00,1.84,0.60,27.00,-0.05,0.05
2701873,27.00,-0.07,-0.22,28.00,1.28,0.01,27.00,0.02,-0.05
2701933,27.00,-0.10,-0.07,28.00,0.78,0.15,27.00,-0.04,-0.07
2701993,27.00,0.04,-0.38,28.00,0.08,0.15,27.00,-0.07,-0.03
2702053,27.00,0.10,-0.15,28.00,-0.36,-0.01,27.00,0.01,-0.08
2702113,27.00,0.07,-0.32,28.00,-1.02,-0.29,27.00,-0.04,-0.14
2702173,27.00,-0.08,-0.23,28.00,-1.66,-0.41,27.00,-0.07,-0.08
2702233,27.00,0.05,-0.22,28.00,-1.97,-0.19,27.00,-0.02,0.02
2702294,27.00,-0.11,-0.10,28.00,-2.59,-0.23,27.00,-0.07,-0.07
2702354,27.00,0.07,-0.13,28.00,-2.89,-0.79,27.00,-0.05,-0.02
2702414,27.00,-0.04,-0.20,28.00,-3.23,-0.07,27.00,0.02,-0.04
2702474,27.00,0.01,-0.19,28.00,-3.64,-0.50,27.00,0.04,-0.07
2702534,27.00,0.07,-0.10,28.00,-4.02,-0.30,27.00,0.01,-0.06
2702594,27.00,-0.05,-0.14,28.00,-4.21,-0.65,27.00,0.01,-0.09
2702654,27.00,-0.08,-0.15,28.00,-3.96,-0.74,27.00,0.01,0.01
2702714,27.00,0.05,-0.29,28.00,-3.83,-0.53,27.00,-0.04,0.05
2702775,27.00,0.11,-0.40,28.00,-3.88,-0.79,27.00,-0.02,-0.05
2702835,27.00,-0.04,-0.14,28.00,-3.44,-0.26,27.00,0.10,-0.07
2702895,27.00,-0.07,-0.22,28.00,-3.07,-0.20,27.00,-0.01,-0.01
2702955,27.00,-0.04,-0.39,28.00,-2.59,-0.65,27.00,0.01,-0.04
2703015,27.00,-0.05,-0.19,28.00,-2.42,-0.88,27.00,-0.08,-0.03
2703075,27.00,0.12,-0.25,28.00,-1.66,-0.65,27.00,-0.04,-0.11
2703135,27.00,0.02,-0.09,28.00,-1.19,-0.92,27.00,-0.01,0.05
2703196,27.00,0.14,-0.43,28.00,-0.39,-0.65,27.00,-0.05,0.00
2703256,27.00,-0.07,0.00,28.00,-0.07,-0.51,27.00,-0.02,0.01
2703316,27.00,-0.11,-0.12,28.00,0.58,-0.24,27.00,-0.01,0.05
2703376,27.00,0.11,-0.29,28.00,1.08,0.38,27.00,0.07,-0.07
2703436,27.00,-0.11,-0.11,28.00,1.81,-0.55,27.00,-0.07,-0.06
2703496,27.00,-0.21,-0.29,28.00,2.31,-0.15,27.00,0.01,0.03
2703556,27.00,-0.01,-0.16,28.00,2.60,0.06,27.00,0.01,-0.05
2703616,27.00,0.12,0.01,28.00,3.03,-0.60,27.00,0.04,-0.09
2703677,27.00,-0.10,-0.22,28.00,3.30,-0.36,27.00,-0.02,0.04
2703737,27.00,-0.11,-0.17,28.00,3.51,0.22,27.00,-0.04,-0.03
2703797,27.00,-0.15,-0.34,28.00,3.74,-0.13,27.00,-0.02,-0.03
2703857,27.00,0.07,-0.07,28.00,3.66,0.08,27.00,0.05,-0.04
2703917,27.00,0.07,-0.12,28.00,4.01,-0.61,27.00,-0.02,-0.02
2703977,27.00,0.02,-0.27,28.00,4.01,-0.30,27.00,-0.07,-0.00
2704037,27.00,0.11,-0.13,28.00,3.44,-0.31,27.00,-0.04,0.04
2704098,27.00,-0.04,-0.09,28.00,3.54,-0.26,27.00,0.05,-0.01
2704158,27.00,0.04,-0.14,28.00,2.98,0.26,27.00,-0.05,0.01
2704218,27.00,-0.15,-0.22,28.00,2.62,-0.29,27.00,-0.04,-0.04
2704278,27.00,-0.12,-0.15,28.00,2.19,0.31,27.00,0.07,-0.01
2704338,27.00,-0.11,-0.13,28.00,1.52,-0.36,27.00,0.05,-0.00
2704398,27.00,-0.07,-0.08,28.00,1.18,-0.33,27.00,-0.05,0.01
2704458,27.00,-0.10,-0.25,28.00,0.46,0.34,27.00,-0.05,-0.06
2704518,27.00,-0.07,-0.08,28.00,-0.04,-0.22,27.00,-0.01,-0.03
2704579,27.00,0.05,-0.15,28.00,-0.43,0.02,27.00,0.02,0.01
2704639,27.00,-0.05,-0.33,28.00,-1.19,-0.06,27.00,0.02,-0.02
2704699,27.00,-0.04,-0.23,28.00,-1.75,-0.22,27.00,0.04,-0.06
2704759,27.00,-0.11,-0.23,28.00,-2.19,-0.06,27.00,-0.01,0.00
2704819,27.00,-0.04,-0.12,28.00,-2.97,0.08,27.00,-0.02,-0.01
2704879,27.00,-0.05,-0.15,28.00,-3.00,0.33,27.00,-0.02,0.02
2704939,27.00,-0.02,-0.33,28.00,-3.47,-0.23,27.00,0.01,-0.00
2705000,27.00,0.04,-0.17,28.00,-3.86,-0.26,27.00,0.01,0.05
2705060,27.00,0.02,-0.23,28.00,-3.64,-0.11,27.00,0.04,-0.07
2705120,27.00,-0.10,-0.28,28.00,-3.96,-0.29,27.00,-0.04,-0.07
2705180,27.00,0.10,-0.28,28.00,-3.74,-0.20,27.00,0.04,-0.14
2705240,27.00,0.24,-0.09,28.00,-3.73,-0.17,27.00,0.05,-0.05
2705300,27.00,0.05,-0.15,28.00,-3.39,-0.87,27.00,0.01,0.06
2705360,27.00,0.11,-0.23,28.00,-3.27,-0.39,27.00,-0.02,-0.04
2705420,27.00,-0.15,-0.18,28.00,-2.95,-0.77,27.00,0.01,-0.00
2705481,27.00,0.08,-0.36,28.00,-2.66,-0.65,27.00,0.05,-0.08
2705541,27.00,-0.07,-0.39,28.00,-2.12,-0.15,27.00,0.04,-0.07
2705601,27.00,-0.05,-0.31,28.00,-1.40,-0.62,27.00,-0.02,0.00
2705661,27.00,0.12,-0.06,28.00,-1.05,-0.29,27.00,-0.01,-0.07
2705721,27.00,-0.01,-0.16,28.00,-0.26,-0.74,27.00,-0.01,-0.03
2705781,27.00,0.02,-0.29,28.00,0.26,-0.40,27.00,-0.04,-0.05
2705841,27.00,0.08,-0.10,28.00,0.71,-0.28,27.00,-0.07,-0.04
2705902,27.00,0.02,-0.13,28.00,1.38,-0.00,27.00,-0.02,-0.08
2705962,27.00,-0.07,-0.24,28.00,1.84,0.36,27.00,0.01,-0.01
2706022,27.00,-0.17,-0.15,28.00,2.04,-0.35,27.00,0.05,0.02
2706082,27.00,-0.02,-0.13,28.00,2.82,-0.10,27.00,-0.02,0.04
2706142,27.00,-0.05,-0.23,28.00,3.20,-0.00,27.00,-0.01,0.01
2706202,27.00,-0.04,-0.14,28.00,3.39,-0.48,27.00,0.04,0.02
2706262,27.00,-0.14,-0.35,28.00,3.83,0.37,27.00,-0.02,0.01
2706322,27.00,-0.01,-0.40,28.00,3.61,-0.25,27.00,0.02,-0.13
2706383,27.00,-0.05,-0.21,28.00,3.80,-0.09,27.00,-0.02,0.03
2706443,27.00,-0.11,-0.27,28.00,3.64,-0.03,27.00,-0.04,-0.01
2706503,27.00,-0.17,-0.35,28.00,3.58,-0.40,27.00,0.01,0.03
2706563,27.00,0.08,-0.12,28.00,3.41,-0.15,27.00,-0.07,-0.09
2706623,27.00,-0.05,-0.20,28.00,3.32,-0.73,27.00,-0.05,-0.11
2706683,27.00,0.08,-0.14,28.00,2.81,0.29,27.00,0.08,-0.07
2706743,27.00,-0.07,-0.31,28.00,2.10,0.01,27.00,-0.01,-0.02
2706804,27.00,0.18,-0.29,28.00,1.82,-0.51,27.00,-0.02,-0.02
2706864,27.00,-0.05,-0.09,28.00,1.28,0.34,27.00,-0.05,0.01
2706924,27.00,-0.04,-0.21,28.00,0.64,0.31,27.00,-0.01,-0.07
2706984,27.00,-0.02,-0.20,28.00,0.18,0.00,27.00,0.07,-0.11
2707044,27.00,-0.14,-0.12,28.00,-0.10,-0.77,27.00,-0.04,-0.04
2707104,27.00,0.05,-0.20,28.00,-1.08,0.07,27.00,-0.04,0.04
2707164,27.00,0.11,-0.29,28.00,-1.41,0.05,27.00,0.04,-0.04
2707225,27.00,-0.10,-0.30,28.00,-1.90,-0.07,27.00,-0.01,-0.01
2707285,27.00,-0.07,-0.22,28.00,-2.29,-0.04,27.00,-0.02,0.00
2707345,27.00,-0.01,-0.30,28.00,-2.92,0.04,27.00,-0.02,0.03
2707405,27.00,-0.05,-0.05,28.00,-3.38,-0.27,27.00,-0.01,-0.06
2707465,27.00,0.10,-0.23,28.00,-3.68,-0.41,27.00,0.01,-0.04
2707525,27.00,-0.15,-0.21,28.00,-3.90,-0.32,27.00,0.05,-0.10
2707585,27.00,0.02,-0.14,28.00,-3.86,-0.46,27.00,-0.01,0.04
2707645,27.00,0.15,-0.04,28.00,-3.89,-0.29,27.00,-0.02,-0.07
2707706,27.00,0.11,-0.34,28.00,-4.04,-0.28,27.00,-0.10,-0.05
2707766,27.00,-0.10,-0.38,28.00,-3.83,-0.19,27.00,0.02,0.00
2707826,27.00,-0.10,-0.21,28.00,-3.44,-0.21,27.00,-0.02,-0.07
2707886,27.00,0.23,-0.22,28.00,-2.91,-0.52,27.00,-0.04,0.02
2707946,27.00,-0.01,-0.21,28.00,-3.00,-0.55,27.00,0.07,-0.10
2708006,27.00,0.05,-0.14,28.00,-2.34,-0.53,27.00,0.04,-0.10
2708066,27.00,0.12,-0.22,28.00,-1.75,-0.44,27.00,0.01,-0.07
2708127,27.00,0.08,-0.11,28.00,-1.27,-0.33,27.00,-0.02,-0.04
2708187,27.00,-0.02,-0.23,28.00,-0.70,-0.58,27.00,0.01,-0.00
2708247,27.00,-0.12,-0.23,28.00,-0.21,-1.02,27.00,-0.04,-0.00
2708307,27.00,-0.02,-0.22,28.00,0.56,-0.53,27.00,-0.01,0.00
2708367,27.00,0.02,-0.14,28.00,1.16,-0.40,27.00,0.01,-0.02
2708427,27.00,0.18,-0.30,28.00,1.55,-0.01,27.00,0.01,0.00
2708487,27.00,0.07,-0.16,28.00,2.13,0.37,27.00,-0.05,-0.07
2708547,27.00,0.07,-0.33,28.00,2.60,-0.30,27.00,-0.04,-0.05
2708608,27.00,-0.07,-0.23,28.00,3.00,0.07,27.00,0.04,-0.00
2708668,27.00,0.07,-0.43,28.00,3.55,0.32,27.00,-0.02,0.01
2708728,27.00,0.01,-0.21,28.00,3.61,0.18,27.00,-0.01,-0.05
2708788,27.00,0.08,-0.16,28.00,4.05,0.21,27.00,0.05,-0.02
2708848,27.00,-0.05,-0.27,28.00,3.80,-0.22,27.00,-0.02,0.05
2708908,27.00,0.20,-0.08,28.00,3.67,0.11,27.00,-0.01,-0.01
2708968,27.00,-0.05,-0.12,28.00,3.67,-0.09,27.00,-0.01,-0.08
2709029,27.00,0.05,-0.29,28.00,3.54,0.25,27.00,0.01,-0.07
2709089,27.00,0.17,-0.20,28.00,3.35,0.14,27.00,-0.01,-0.00
2709149,27.00,0.08,-0.20,28.00,3.04,0.15,27.00,-0.02,-0.11
2709209,27.00,0.05,-0.19,28.00,2.75,0.22,27.00,0.07,-0.09
2709269,27.00,0.08,-0.13,28.00,2.29,0.37,27.00,-0.02,-0.00
2709329,27.00,-0.10,-0.20,28.00,1.58,0.32,27.00,0.02,-0.00
2709389,27.00,0.08,-0.18,28.00,1.22,-0.23,27.00,0.02,0.04
2709449,27.00,0.01,-0.28,28.00,0.55,0.50,27.00,0.02,0.04
2709510,27.00,-0.04,-0.13,28.00,-0.01,0.15,27.00,-0.04,-0.03
2709570,27.00,-0.05,-0.06,28.00,-0.56,-0.20,27.00,0.04,-0.07
2709630,27.00,0.04,-0.10,28.00,-1.06,-0.51,27.00,-0.01,-0.07
2709690,27.00,-0.07,-0.20,28.00,-1.72,-0.15,27.00,-0.01,0.03
2709750,27.00,-0.07,-0.28,28.00,-2.31,-0.48,27.00,0.02,0.00
2709810,27.00,-0.10,-0.15,28.00,-2.31,-0.14,27.00,-0.07,-0.05
2709870,27.00,0.07,-0.19,28.00,-2.82,-0.17,27.00,0.02,-0.06
2709931,27.00,0.26,-0.24,28.00,-3.14,-0.09,27.00,-0.05,-0.06
2709991,27.00,0.02,-0.13,28.00,-3.45,0.20,27.00,0.05,-0.05
2710051,27.00,0.01,-0.19,28.00,-3.57,-0.34,27.00,-0.01,-0.07
2710111,27.00,0.02,-0.21,28.00,-3.85,-0.44,27.00,-0.02,-0.11
2710171,27.00,-0.02,-0.25,28.00,-3.79,-0.35,27.00,0.05,0.02
2710231,27.00,-0.01,-0.01,28.00,-3.67,-0.56,27.00,-0.08,-0.04
2710291,27.00,0.07,-0.15,28.00,-3.71,-0.44,27.00,0.05,0.07
2710351,27.00,0.10,-0.31,28.00,-3.32,-0.15,27.00,-0.01,-0.00
2710412,27.00,-0.11,-0.15,28.00,-3.00,-0.47,27.00,-0.02,0.05
2710472,27.00,0.08,-0.30,28.00,-2.31,-0.42,27.00,-0.07,-0.00
2710532,27.00,0.10,-0.13,28.00,-1.90,-0.74,27.00,-0.04,-0.05
2710592,27.00,0.10,0.07,28.00,-1.53,-0.28,27.00,0.01,-0.10
2710652,27.00,-0.12,-0.08,28.00,-1.06,-0.34,27.00,-0.05,-0.07
2710712,27.00,0.14,-0.28,28.00,-0.51,-0.35,27.00,-0.05,-0.11
2710772,27.00,-0.12,-0.17,28.00,0.05,-0.36,27.00,-0.02,-0.02
2710833,27.00,-0.14,-0.32,28.00,0.78,-0.75,27.00,-0.02,0.03
2710893,27.00,-0.10,-0.43,28.00,1.22,-0.04,27.00,0.04,-0.04
2710953,27.00,-0.02,-0.08,28.00,1.78,-0.22,27.00,0.01,-0.09
2711013,27.00,-0.05,-0.25,28.00,2.22,0.08,27.00,0.02,-0.04
2711073,27.00,-0.02,-0.14,28.00,2.59,-0.44,27.00,-0.02,-0.05
2711133,27.00,0.05,-0.10,28.00,3.14,-0.15,27.00,0.02,-0.00
2711193,27.00,0.11,-0.28,28.00,3.45,0.16,27.00,-0.04,-0.03
2711253,27.00,0.04,-0.16,28.00,3.58,0.07,27.00,-0.02,-0.04
2711314,27.00,0.05,-0.17,28.00,3.86,-0.40,27.00,0.02,-0.00
2711374,27.00,-0.04,-0.11,28.00,3.63,-0.07,27.00,-0.04,-0.03
2711434,27.00,0.07,-0.07,28.00,4.17,-0.76,27.00,-0.04,-0.07
2711494,27.00,0.07,-0.06,28.00,3.70,-0.08,27.00,0.02,0.03
2711554,27.00,-0.02,-0.22,28.00,3.63,0.05,27.00,-0.04,0.00
2711614,27.00,-0.01,-0.21,28.00,3.13,0.25,27.00,-0.02,-0.12
2711674,27.00,-0.08,-0.22,28.00,2.84,-0.00,27.00,-0.05,-0.04
2711735,27.00,0.02,-0.31,28.00,2.50,0.06,27.00,-0.01,-0.13
2711795,27.00,0.04,-0.06,28.00,2.10,0.04,27.00,-0.08,0.01
2711855,27.00,0.02,-0.15,28.00,1.52,0.23,27.00,0.05,-0.00
2711915,27.00,-0.02,-0.04,28.00,1.12,-0.11,27.00,0.01,-0.01
2711975,27.00,-0.05,-0.31,28.00,0.18,-0.05,27.00,0.01,-0.03
2712035,27.00,-0.05,-0.16,28.00,-0.21,-0.27,27.00,-0.02,0.01
2712095,27.00,0.10,-0.33,28.00,-0.83,-0.34,27.00,0.01,-0.05
2712156,27.00,-0.04,-0.26,28.00,-1.44,-0.24,27.00,-0.05,-0.04
2712216,27.00,-0.05,-0.16,28.00,-1.93,-0.44,27.00,0.05,-0.07
2712276,27.00,0.10,-0.15,28.00,-2.53,-0.19,27.00,-0.04,-0.11
2712336,27.00,-0.12,-0.29,28.00,-2.97,-0.20,27.00,-0.01,-0.04
2712396,27.00,-0.08,-0.29,28.00,-3.14,-0.11,27.00,0.05,-0.06
2712456,27.00,-0.02,-0.13,28.00,-3.49,0.20,27.00,-0.02,-0.00
2712516,27.00,-0.01,-0.20,28.00,-3.66,-0.57,27.00,0.04,-0.10
2712576,27.00,0.11,-0.09,28.00,-3.86,-0.36,27.00,0.04,-0.07
2712637,27.00,-0.12,-0.25,28.00,-3.71,-0.40,27.00,0.01,-0.06
2712697,27.00,0.02,-0.19,28.00,-3.74,-0.45,27.00,0.05,-0.02
2712757,27.00,-0.07,-0.23,28.00,-3.61,-0.55,27.00,-0.01,-0.05
2712817,27.00,-0.04,-0.46,28.00,-3.17,-0.44,27.00,-0.02,0.01
2712877,27.00,-0.07,-0.21,28.00,-3.26,-0.43,27.00,0.01,0.02
2712937,27.00,0.02,-0.10,28.00,-2.67,-0.66,27.00,-0.02,-0.05
2712997,27.00,0.20,-0.22,28.00,-2.48,-0.65,27.00,-0.01,0.01
2713058,27.00,-0.04,-0.43,28.00,-1.69,-0.87,27.00,0.02,-0.02
2713118,27.00,-0.04,-0.25,28.00,-1.31,-0.75,27.00,0.05,-0.04
2713178,27.00,-0.05,-0.26,28.00,-0.75,-0.93,27.00,-0.02,0.06
2713238,27.00,0.07,-0.10,28.00,-0.12,-0.63,27.00,0.07,-0.03
2713298,27.00,0.26,-0.03,28.00,0.43,-0.34,27.00,0.04,-0.02
2713358,27.00,-0.20,-0.29,28.00,0.78,0.32,27.00,0.02,-0.07
2713418,27.00,0.02,-0.10,28.00,1.65,-0.24,27.00,0.01,-0.00
2713478,27.00,0.08,-0.25,28.00,1.90,-0.42,27.00,-0.02,-0.08
2713539,27.00,0.04,-0.09,28.00,2.70,0.07,27.00,-0.01,-0.05
2713599,27.00,-0.07,-0.19,28.00,2.59,0.33,27.00,0.02,-0.07
2713659,27.00,-0.02,-0.18,28.00,3.29,-0.45,27.00,-0.04,-0.03
2713719,27.00,0.12,-0.13,28.00,3.61,-0.22,27.00,-0.01,-0.09
2713779,27.00,-0.05,-0.19,28.00,3.64,0.15,27.00,0.01,0.01
2713839,27.00,0.01,-0.14,28.00,4.11,-0.25,27.00,-0.04,-0.05
2713899,27.00,0.08,-0.03,28.00,4.02,-0.36,27.00,-0.01,-0.00
2713960,27.00,-0.11,-0.27,28.00,3.70,-0.50,27.00,-0.05,-0.01
2714020,27.00,-0.04,-0.02,28.00,3.95,-0.39,27.00,-0.01,-0.00
2714080,27.00,-0.07,-0.15,28.00,3.42,0.04,27.00,0.04,-0.03
2714140,27.00,0.15,-0.22,28.00,3.26,0.10,27.00,-0.01,-0.11
2714200,27.00,0.18,-0.15,28.00,2.67,0.61,27.00,0.05,-0.09
2714260,27.00,0.01,-0.12,28.00,2.22,0.04,27.00,-0.02,-0.04
2714320,27.00,-0.15,-0.11,28.00,1.82,-0.10,27.00,0.02,-0.02
2714380,27.00,-0.07,-0.09,28.00,1.27,0.04,27.00,-0.04,-0.02
2714441,27.00,0.04,-0.22,28.00,0.77,0.00,27.00,-0.02,-0.02
2714501,27.00,-0.04,-0.12,28.00,0.17,-0.07,27.00,0.05,-0.08
2714561,27.00,-0.14,-0.17,28.00,-0.32,-0.08,27.00,-0.02,-0.07
2714621,27.00,0.15,-0.21,28.00,-1.21,-0.19,27.00,-0.01,-0.08
2714681,27.00,-0.18,-0.07,28.00,-1.60,-0.29,27.00,-0.08,0.06
2714741,27.00,-0.02,-0.03,28.00,-2.21,0.42,27.00,0.04,-0.16
2714801,27.00,-0.04,-0.14,28.00,-2.72,-0.17,27.00,-0.02,-0.00
2714862,27.00,-0.08,-0.34,28.00,-3.07,-0.15,27.00,0.01,-0.07
2714922,27.00,-0.01,-0.29,28.00,-3.30,-0.15,27.00,-0.02,0.07
2714982,27.00,0.12,-0.13,28.00,-3.41,-0.41,27.00,-0.02,-0.07
2715042,27.00,0.08,-0.15,28.00,-3.61,-0.20,27.00,-0.02,-0.01
2715102,27.00,-0.01,-0.17,28.00,-3.67,-0.35,27.00,-0.04,-0.02
2715162,27.00,-0.01,-0.23,28.00,-3.76,-0.49,27.00,-0.02,-0.00
2715222,27.00,0.10,-0.26,28.00,-3.92,0.04,27.00,-0.02,-0.07
2715282,27.00,-0.07,-0.30,28.00,-3.52,-0.46,27.00,-0.04,-0.04
2715343,27.00,-0.11,-0.29,28.00,-3.38,-0.58,27.00,-0.02,-0.00
2715403,27.00,0.12,-0.23,28.00,-2.95,-0.44,27.00,-0.01,-0.05
2715463,27.00,-0.07,-0.37,28.00,-2.64,-0.25,27.00,-0.01,0.01
2715523,27.00,-0.05,-0.22,28.00,-2.38,-0.25,27.00,-0.01,-0.05
2715583,27.00,0.01,-0.22,28.00,-1.55,-0.35,27.00,-0.02,-0.01
2715643,27.00,-0.07,-0.24,28.00,-0.87,-0.29,27.00,-0.02,0.02
2715703,27.00,-0.18,-0.29,28.00,-0.64,-0.85,27.00,0.02,-0.04
2715764,27.00,-0.04,-0.27,28.00,0.02,-0.61,27.00,-0.04,-0.06
2715824,27.00,-0.08,-0.20,28.00,0.68,-0.18,27.00,0.04,0.02
2715884,27.00,-0.12,-0.15,28.00,1.06,-0.03,27.00,0.01,0.00
2715944,27.00,0.12,-0.10,28.00,1.74,-0.02,27.00,0.05,-0.10
2716004,27.00,-0.08,-0.17,28.00,2.25,-0.02,27.00,0.04,-0.09
2716064,27.00,-0.14,-0.29,28.00,2.70,0.04,27.00,-0.01,0.01
2716124,27.00,0.04,-0.08,28.00,3.19,0.21,27.00,-0.04,-0.04
2716184,27.00,-0.02,-0.34,28.00,3.47,-0.01,27.00,0.01,0.00
2716245,27.00,-0.04,-0.16,28.00,3.45,0.37,27.00,-0.02,0.04
2716305,27.00,0.14,-0.20,28.00,3.73,0.11,27.00,-0.05,0.00
2716365,27.00,-0.21,-0.22,28.00,3.82,0.31,27.00,0.02,-0.03
2716425,27.00,-0.04,-0.28,28.00,3.80,0.11,27.00,-0.04,0.07
2716485,27.00,0.14,-0.14,28.00,3.74,-0.00,27.00,0.02,-0.05
2716545,27.00,0.20,-0.30,28.00,3.44,0.12,27.00,0.01,0.05
2716605,27.00,-0.01,-0.21,28.00,3.36,-0.18,27.00,-0.04,0.00
2716666,27.00,-0.17,-0.22,28.00,3.16,-0.26,27.00,0.04,-0.11
2716726,27.00,-0.04,-0.27,28.00,2.42,0.30,27.00,-0.05,0.04
2716786,27.00,0.10,-0.22,28.00,2.00,-0.16,27.00,0.02,-0.07
2716846,27.00,0.08,-0.18,28.00,1.43,0.36,27.00,-0.02,-0.10
2716906,27.00,0.01,-0.29,28.00,0.64,0.39,27.00,-0.02,-0.03
2716966,27.00,-0.08,-0.24,28.00,0.42,-0.07,27.00,-0.07,0.01
2717026,27.00,-0.05,-0.29,28.00,-0.29,-0.26,27.00,-0.07,-0.07
2717087,27.00,-0.08,-0.23,28.00,-0.62,-0.07,27.00,-0.01,-0.04
2717147,27.00,-0.10,-0.24,28.00,-1.21,0.10,27.00,-0.01,-0.08
2717207,27.00,-0.21,-0.15,28.00,-1.75,0.07,27.00,-0.04,-0.06
2717267,27.00,-0.02,-0.11,28.00,-2.15,-0.03,27.00,-0.05,-0.05
2717327,27.00,0.05,-0.26,28.00,-2.66,-0.08,27.00,-0.01,-0.10
2717387,27.00,0.08,-0.09,28.00,-3.10,-0.13,27.00,-0.08,-0.00
2717447,27.00,0.01,-0.32,28.00,-3.73,-0.25,27.00,-0.04,0.07
2717507,27.00,0.14,-0.10,28.00,-3.82,-0.07,27.00,-0.01,-0.04
2717568,27.00,0.08,-0.22,28.00,-3.61,-0.46,27.00,0.01,-0.06
2717628,27.00,0.05,-0.20,28.00,-3.82,0.00,27.00,-0.04,-0.15
2717688,27.00,-0.02,-0.40,28.00,-3.68,-0.41,27.00,-0.01,-0.05
2717748,27.00,0.08,-0.23,28.00,-3.79,-0.15,27.00,-0.02,-0.09
2717808,27.00,0.04,-0.35,28.00,-3.64,-0.22,27.00,0.08,-0.02
2717868,27.00,0.07,-0.36,28.00,-3.14,-0.55,27.00,0.01,0.01
2717928,27.00,0.04,-0.21,28.00,-2.86,-0.13,27.00,0.01,-0.08
2717989,27.00,0.05,-0.24,28.00,-2.57,-0.36,27.00,-0.02,-0.05
2718049,27.00,-0.05,-0.33,28.00,-1.91,-0.78,27.00,-0.07,-0.02
2718109,27.00,-0.10,-0.49,28.00,-1.30,-0.74,27.00,-0.08,-0.06
2718169,27.00,0.04,-0.22,28.00,-0.74,-0.46,27.00,0.02,-0.04
2718229,27.00,0.04,-0.24,28.00,-0.39,-0.51,27.00,-0.02,-0.02
2718289,27.00,0.01,-0.49,28.00,0.30,-0.49,27.00,-0.10,0.03
2718349,27.00,-0.17,-0.26,28.00,0.87,-0.52,27.00,0.01,-0.07
2718409,27.00,-0.02,-0.19,28.00,1.43,-0.43,27.00,-0.01,-0.02
2718470,27.00,-0.11,-0.22,28.00,1.99,0.04,27.00,-0.01,0.03
2718530,27.00,-0.02,-0.22,28.00,2.23,0.23,27.00,0.01,0.07
2718590,27.00,-0.08,-0.05,28.00,2.98,-0.01,27.00,0.04,-0.04
2718650,27.00,0.15,-0.15,28.00,3.01,-0.07,27.00,-0.07,-0.05
2718710,27.00,0.05,-0.19,28.00,3.47,-0.24,27.00,-0.04,-0.03
2718770,27.00,-0.02,-0.17,28.00,3.85,-0.26,27.00,-0.04,0.01
2718830,27.00,-0.11,-0.16,28.00,3.92,0.09,27.00,-0.04,-0.05
2718891,27.00,-0.07,-0.35,28.00,3.83,0.12,27.00,0.05,0.00
2718951,27.00,-0.04,-0.22,28.00,3.85,-0.36,27.00,-0.07,0.00
2719011,27.00,-0.10,-0.14,28.00,3.71,0.56,27.00,-0.05,-0.01
2719071,27.00,-0.04,-0.17,28.00,3.38,0.21,27.00,0.04,0.00
2719131,27.00,-0.08,-0.41,28.00,3.04,-0.03,27.00,-0.05,-0.10
2719191,27.00,0.07,-0.22,28.00,2.64,0.04,27.00,-0.01,-0.03
2719251,27.00,-0.10,-0.21,28.00,2.26,-0.07,27.00,0.07,0.00
2719311,27.00,-0.04,-0.06,28.00,1.66,0.30,27.00,-0.05,-0.08
2719372,27.00,0.10,0.01,28.00,1.08,0.44,27.00,0.05,-0.13
2719432,27.00,0.05,-0.19,28.00,0.46,0.55,27.00,0.02,-0.07
2719492,27.00,-0.01,-0.19,28.00,-0.04,0.14,27.00,-0.04,-0.02
2719552,27.00,-0.11,-0.17,28.00,-0.51,-0.34,27.00,-0.05,-0.00
2719612,27.00,0.11,-0.16,28.00,-0.81,-0.05,27.00,0.07,-0.01
2719672,27.00,0.24,-0.15,28.00,-1.34,-0.26,27.00,-0.02,-0.11
2719732,27.00,-0.05,-0.26,28.00,-2.21,-0.49,27.00,0.04,-0.06
2719793,27.00,-0.01,-0.07,28.00,-2.60,-0.37,27.00,-0.07,-0.09
2719853,27.00,0.05,-0.13,28.00,-2.81,-0.53,27.00,0.01,-0.09
2719913,27.00,0.01,-0.16,28.00,-3.49,0.33,27.00,-0.05,-0.07
2719973,27.00,0.18,0.05,28.00,-3.39,-0.23,27.00,0.02,-0.06
2720033,27.00,-0.10,-0.22,28.00,-3.67,-0.68,27.00,-0.01,-0.02
2720093,27.00,0.01,-0.28,28.00,-3.80,-0.80,27.00,-0.07,-0.00
2720153,27.00,-0.02,-0.06,28.00,-3.92,-0.65,27.00,0.01,-0.03
2720213,27.00,0.14,-0.36,28.00,-3.58,-0.26,27.00,-0.01,-0.03
2720274,27.00,-0.10,-0.18,28.00,-3.96,-0.18,27.00,-0.02,-0.01
2720334,27.00,0.04,-0.07,28.00,-3.29,-0.09,27.00,0.02,-0.04
2720394,27.00,-0.10,-0.24,28.00,-3.07,-0.44,27.00,0.05,-0.06
2720454,27.00,0.01,-0.39,28.00,-2.45,-0.44,27.00,-0.04,0.00
2720514,27.00,0.10,-0.36,28.00,-2.25,-1.05,27.00,0.07,-0.03
2720574,27.00,-0.07,-0.33,28.00,-1.62,-0.91,27.00,-0.02,-0.02
2720634,27.00,-0.08,-0.31,28.00,-1.09,-0.65,27.00,-0.04,-0.03
2720695,27.00,-0.04,-0.18,28.00,-0.51,-0.95,27.00,-0.05,-0.05
2720755,27.00,-0.07,-0.29,28.00,-0.12,-0.51,27.00,-0.04,-0.02
2720815,27.00,0.14,-0.15,28.00,0.65,-0.47,27.00,-0.02,0.04
2720875,27.00,0.02,-0.06,28.00,1.12,-0.34,27.00,-0.04,-0.07
2720935,27.00,-0.02,-0.29,28.00,1.55,0.04,27.00,-0.05,-0.07
2720995,27.00,-0.14,-0.22,28.00,2.34,-0.10,27.00,0.02,-0.07
2721055,27.00,-0.08,-0.08,28.00,2.47,0.21,27.00,-0.08,0.03
2721115,27.00,0.01,-0.36,28.00,3.11,-0.65,27.00,-0.01,-0.05
2721176,27.00,-0.08,-0.02,28.00,3.32,-0.37,27.00,0.07,-0.11
2721236,27.00,0.26,-0.07,28.00,3.61,0.11,27.00,-0.01,-0.02
2721296,27.00,-0.02,-0.19,28.00,3.57,-0.07,27.00,-0.05,-0.07
2721356,27.00,0.08,-0.13,28.00,3.86,-0.50,27.00,0.01,-0.00
2721416,27.00,-0.05,-0.20,28.00,4.11,-0.18,27.00,-0.05,0.03
2721476,27.00,-0.08,-0.32,28.00,3.35,0.22,27.00,-0.01,-0.00
2721536,27.00,-0.01,-0.15,28.00,3.47,0.05,27.00,-0.05,-0.02
2721597,27.00,-0.11,-0.22,28.00,3.16,0.16,27.00,0.01,-0.04
2721657,27.00,0.10,-0.29,28.00,2.98,0.16,27.00,-0.02,-0.07
2721717,27.00,-0.02,-0.11,28.00,2.54,0.03,27.00,-0.04,-0.03
2721777,27.00,0.01,-0.16,28.00,2.51,-0.03,27.00,-0.01,-0.03
2721837,27.00,0.02,-0.18,28.00,1.56,-0.06,27.00,0.02,-0.03
2721897,27.00,-0.10,-0.28,28.00,1.25,-0.51,27.00,0.01,0.01
2721957,27.00,0.05,-0.23,28.00,0.62,0.06,27.00,-0.02,-0.07
2722018,27.00,-0.07,-0.29,28.00,0.07,-0.29,27.00,-0.02,-0.07
2722078,27.00,0.02,-0.24,28.00,-0.56,-0.07,27.00,-0.04,-0.02
2722138,27.00,-0.08,-0.26,28.00,-1.37,-0.73,27.00,0.04,-0.03
2722198,27.00,0.04,-0.09,28.00,-1.82,-0.18,27.00,-0.05,0.04
2722258,27.00,0.07,-0.13,28.00,-2.18,-0.09,27.00,-0.02,-0.05
2722318,27.00,-0.04,-0.38,28.00,-2.81,-0.39,27.00,-0.01,-0.07
2722378,27.00,0.23,-0.10,28.00,-3.10,-0.80,27.00,0.05,-0.07
2722438,27.00,0.04,-0.25,28.00,-3.44,-0.37,27.00,-0.01,-0.04
2722499,27.00,0.23,-0.09,28.00,-3.92,-0.36,27.00,-0.02,-0.08
2722559,27.00,-0.04,-0.28,28.00,-3.92,0.08,27.00,-0.04,-0.03
2722619,27.00,-0.11,-0.17,28.00,-3.83,-0.73,27.00,-0.04,0.02
2722679,27.00,-0.01,-0.15,28.00,-3.61,-0.04,27.00,-0.01,-0.10
2722739,27.00,-0.04,-0.00,28.00,-3.66,-0.52,27.00,0.05,-0.03
2722799,27.00,0.04,-0.07,28.00,-3.29,-1.22,27.00,-0.01,0.01
2722859,27.00,0.02,-0.14,28.00,-2.97,-0.61,27.00,-0.01,-0.01
2722920,27.00,-0.08,-0.15,28.00,-2.63,-0.58,27.00,-0.04,-0.06
2722980,27.00,-0.07,-0.20,28.00,-2.38,-0.22,27.00,-0.01,0.00
2723040,27.00,0.01,-0.16,28.00,-2.15,-0.52,27.00,-0.01,-0.07
2723100,27.00,0.04,-0.14,28.00,-1.49,-0.80,27.00,-0.01,-0.16
2723160,27.00,-0.10,-0.21,28.00,-1.02,-0.95,27.00,-0.01,-0.02
2723220,27.00,0.02,-0.12,28.00,-0.52,-0.73,27.00,-0.11,-0.03
2723280,27.00,0.01,-0.25,28.00,0.17,-0.18,27.00,-0.04,0.00
2723340,27.00,-0.01,-0.09,28.00,0.86,-0.27,27.00,-0.04,0.00
2723401,27.00,0.01,-0.39,28.00,1.38,-0.21,27.00,0.02,-0.00
2723461,27.00,0.02,-0.06,28.00,1.77,0.02,27.00,-0.01,-0.05
2723521,27.00,0.01,-0.30,28.00,2.62,-0.47,27.00,-0.02,-0.00
2723581,27.00,0.08,-0.45,28.00,2.84,-0.26,27.00,-0.02,-0.00
2723641,27.00,-0.24,-0.20,28.00,3.22,-0.33,27.00,0.01,-0.07
2723701,27.00,-0.05,-0.27,28.00,3.55,-0.25,27.00,0.04,0.06
2723761,27.00,-0.04,-0.23,28.00,3.60,0.05,27.00,0.04,-0.08
2723822,27.00,0.01,-0.21,28.00,3.47,0.08,27.00,-0.01,-0.07
2723882,27.00,0.07,-0.19,28.00,3.93,-0.04,27.00,-0.07,-0.08
2723942,27.00,-0.14,-0.24,28.00,3.61,-0.15,27.00,-0.04,-0.12
2724002,27.00,-0.01,-0.08,28.00,3.95,-0.31,27.00,0.05,-0.07
2724062,27.00,-0.04,-0.07,28.00,3.82,-0.47,27.00,-0.04,-0.12
2724122,27.00,-0.02,-0.13,28.00,3.16,0.19,27.00,-0.07,-0.06
2724182,27.00,0.05,-0.18,28.00,2.89,0.21,27.00,-0.02,-0.05
2724242,27.00,0.08,-0.11,28.00,2.28,-0.22,27.00,-0.01,-0.07
2724303,27.00,-0.02,-0.22,28.00,2.04,-0.36,27.00,0.02,-0.02
2724363,27.00,0.02,-0.10,28.00,1.11,0.21,27.00,-0.07,-0.09
2724423,27.00,-0.01,-0.24,28.00,0.67,0.06,27.00,0.10,0.01
2724483,27.00,0.01,-0.21,28.00,0.34,-0.07,27.00,-0.01,-0.07
2724543,27.00,0.01,-0.15,28.00,-0.11,-0.33,27.00,0.04,-0.09
2724603,27.00,0.05,-0.20,28.00,-0.95,-0.01,27.00,-0.02,-0.04
2724663,27.00,0.02,-0.32,28.00,-1.78,0.27,27.00,-0.04,0.00
2724724,27.00,0.08,-0.29,28.00,-1.97,-0.09,27.00,-0.04,-0.06
2724784,27.00,-0.01,-0.02,28.00,-2.64,-0.59,27.00,-0.02,0.06
2724844,27.00,0.11,-0.21,28.00,-2.97,0.07,27.00,-0.04,-0.01
2724904,27.00,0.15,-0.16,28.00,-3.04,-0.36,27.00,0.04,0.01
2724964,27.00,0.08,-0.16,28.00,-3.22,-0.65,27.00,-0.02,-0.00
2725024,27.00,-0.04,-0.27,28.00,-3.63,-0.28,27.00,0.01,0.05
2725084,27.00,-0.08,-0.26,28.00,-3.82,-0.42,27.00,-0.08,-0.03
2725144,27.00,-0.01,-0.20,28.00,-3.80,-0.41,27.00,0.04,-0.08
2725205,27.00,-0.12,-0.14,28.00,-4.15,-0.37,27.00,-0.02,0.00
2725265,27.00,0.04,-0.18,28.00,-3.54,-0.71,27.00,-0.07,-0.10
2725325,27.00,-0.08,-0.10,28.00,-3.42,-0.37,27.00,0.05,-0.03
2725385,27.00,-0.05,-0.33,28.00,-3.00,-0.80,27.00,-0.07,-0.01
2725445,27.00,-0.02,-0.08,28.00,-2.56,-0.36,27.00,-0.08,-0.03
2725505,27.00,-0.10,-0.21,28.00,-2.16,-0.50,27.00,0.01,-0.04
2725565,27.00,-0.14,-0.29,28.00,-1.93,-0.44,27.00,-0.01,-0.04
2725626,27.00,-0.14,-0.16,28.00,-1.36,-0.69,27.00,0.04,-0.02
2725686,27.00,-0.17,-0.22,28.00,-0.71,-0.80,27.00,0.08,-0.05
2725746,27.00,-0.07,-0.27,28.00,-0.11,-0.62,27.00,0.04,0.01
2725806,27.00,-0.02,-0.18,28.00,0.49,-0.23,27.00,-0.07,-0.02
2725866,27.00,0.05,-0.19,28.00,0.97,0.10,27.00,0.04,-0.00
2725926,27.00,0.10,-0.22,28.00,1.74,0.10,27.00,0.01,-0.08
2725986,27.00,0.17,-0.18,28.00,2.18,-0.36,27.00,0.04,-0.00
2726046,27.00,0.04,-0.08,28.00,2.62,-0.30,27.00,-0.02,-0.04
2726107,27.00,-0.02,-0.24,28.00,2.85,0.22,27.00,-0.01,-0.09
2726167,27.00,-0.14,-0.09,28.00,3.27,0.08,27.00,0.04,-0.06
2726227,27.00,0.02,-0.19,28.00,3.42,0.03,27.00,0.02,0.00
2726287,27.00,-0.08,-0.23,28.00,3.88,0.15,27.00,0.01,-0.09
2726347,27.00,-0.02,-0.09,28.00,3.85,0.26,27.00,0.01,-0.04
2726407,27.00,-0.11,-0.29,28.00,3.92,0.36,27.00,-0.08,-0.07
2726467,27.00,-0.12,-0.29,28.00,3.79,0.00,27.00,-0.01,-0.04
2726528,27.00,-0.02,-0.32,28.00,3.61,-0.18,27.00,-0.07,-0.04
2726588,27.00,0.02,-0.16,28.00,3.64,0.10,27.00,0.05,-0.09
2726648,27.00,0.12,-0.15,28.00,2.85,-0.08,27.00,-0.08,0.02
2726708,27.00,-0.01,-0.24,28.00,2.45,0.29,27.00,-0.01,-0.02
2726768,27.00,0.07,-0.17,28.00,1.97,-0.04,27.00,0.01,-0.03
2726828,27.00,-0.17,-0.28,28.00,1.53,0.21,27.00,-0.04,-0.00
2726888,27.00,0.07,-0.16,28.00,1.12,0.03,27.00,0.02,-0.00
2726948,27.00,0.10,-0.02,28.00,0.53,0.02,27.00,0.01,0.00
2727009,27.00,0.04,-0.07,28.00,-0.01,-0.04,27.00,-0.02,0.00
2727069,27.00,0.02,-0.25,28.00,-0.67,-0.14,27.00,-0.05,-0.00
2727129,27.00,-0.05,-0.15,28.00,-0.93,-0.04,27.00,0.01,-0.07
2727189,27.00,-0.05,-0.17,28.00,-1.82,-0.07,27.00,-0.01,0.00
2727249,27.00,-0.04,-0.08,28.00,-2.07,-0.59,27.00,0.02,-0.00
2727309,27.00,0.05,-0.23,28.00,-2.48,-0.48,27.00,-0.02,-0.07
2727369,27.00,0.01,-0.15,28.00,-3.05,0.40,27.00,0.01,-0.08
2727430,27.00,-0.08,-0.12,28.00,-3.54,-0.23,27.00,0.01,-0.07
2727490,27.00,-0.08,-0.29,28.00,-3.64,-0.10,27.00,0.04,-0.03
2727550,27.00,-0.07,-0.15,28.00,-3.64,-0.38,27.00,0.02,-0.01
2727610,27.00,0.02,-0.27,28.00,-3.93,-0.09,27.00,0.02,0.00
2727670,27.00,0.11,-0.03,28.00,-3.49,-0.50,27.00,0.02,0.00
2727730,27.00,-0.07,-0.16,28.00,-3.86,0.23,27.00,-0.05,0.00
2727790,27.00,-0.10,-0.29,28.00,-3.60,-0.00,27.00,-0.01,-0.00
2727850,27.00,0.21,-0.22,28.00,-3.10,-0.35,27.00,0.02,-0.09
2727911,27.00,-0.05,-0.30,28.00,-2.94,-0.08,27.00,-0.02,-0.07
2727971,27.00,-0.15,-0.14,28.00,-2.60,-0.36,27.00,-0.02,0.02
2728031,27.00,0.04,-0.10,28.00,-2.03,-1.09,27.00,-0.04,0.00
2728091,27.00,0.08,-0.22,28.00,-1.56,-0.21,27.00,0.05,0.01
2728151,27.00,-0.07,-0.13,28.00,-1.06,-0.58,27.00,-0.04,-0.07
2728211,27.00,0.14,-0.22,28.00,-0.46,-0.63,27.00,-0.01,-0.01
2728271,27.00,-0.01,-0.44,28.00,0.08,-0.29,27.00,0.01,0.01
2728332,27.00,-0.04,-0.12,28.00,0.75,-0.20,27.00,0.04,-0.04
2728392,27.00,-0.04,-0.10,28.00,1.24,-0.15,27.00,-0.04,-0.09
2728452,27.00,-0.08,-0.22,28.00,1.72,-0.47,27.00,0.01,0.04
2728512,27.00,-0.07,-0.14,28.00,2.23,-0.08,27.00,0.01,-0.10
2728572,27.00,0.04,-0.19,28.00,2.84,-0.46,27.00,0.01,-0.08
2728632,27.00,0.10,-0.15,28.00,3.16,-0.29,27.00,-0.02,-0.04
2728692,27.00,0.05,-0.13,28.00,3.55,-0.07,27.00,-0.08,-0.00
2728752,27.00,-0.17,-0.23,28.00,3.33,-0.14,27.00,-0.01,-0.04
2728813,27.00,-0.11,-0.24,28.00,3.80,-0.04,27.00,-0.01,-0.03
2728873,27.00,0.02,-0.26,28.00,3.80,0.02,27.00,-0.02,-0.02
2728933,27.00,0.08,-0.13,28.00,3.93,-0.22,27.00,-0.07,-0.15
2728993,27.00,-0.14,-0.01,28.00,3.83,-0.01,27.00,0.08,-0.03
2729053,27.00,0.05,-0.24,28.00,3.58,0.32,27.00,0.02,-0.05
2729113,27.00,-0.01,-0.29,28.00,3.13,-0.15,27.00,-0.02,0.01
2729173,27.00,-0.01,-0.22,28.00,2.94,0.39,27.00,-0.05,-0.09
2729234,27.00,-0.14,-0.29,28.00,2.48,0.36,27.00,0.02,-0.00
2729294,27.00,0.01,-0.21,28.00,1.88,0.29,27.00,-0.01,-0.03
2729354,27.00,0.01,-0.09,28.00,1.43,0.59,27.00,0.05,-0.05
2729414,27.00,0.01,-0.22,28.00,0.95,0.64,27.00,0.05,-0.02
2729474,27.00,-0.01,-0.15,28.00,0.39,0.38,27.00,0.02,-0.03
2729534,27.00,0.10,-0.30,28.00,-0.02,-0.28,27.00,-0.05,0.07
2729594,27.00,-0.04,-0.29,28.00,-0.80,-0.29,27.00,-0.07,-0.06
2729655,27.00,0.07,-0.09,28.00,-1.21,0.01,27.00,0.01,-0.03
2729715,27.00,-0.07,-0.19,28.00,-1.78,-0.45,27.00,-0.08,-0.07
2729775,27.00,0.02,-0.21,28.00,-2.42,-0.52,27.00,0.04,-0.07
2729835,27.00,-0.02,-0.07,28.00,-2.64,-0.58,27.00,0.01,-0.08
2729895,27.00,0.01,-0.20,28.00,-3.05,-0.22,27.00,-0.07,-0.08
2729955,27.00,0.02,-0.24,28.00,-3.42,-0.16,27.00,0.02,0.03
2730015,27.00,-0.01,-0.26,28.00,-3.64,-0.74,27.00,-0.11,-0.03
2730075,27.00,-0.11,-0.12,28.00,-3.70,-0.72,27.00,0.02,-0.00
2730136,27.00,-0.12,-0.19,28.00,-3.79,-0.33,27.00,-0.04,0.06
2730196,27.00,-0.04,-0.09,28.00,-3.85,-0.42,27.00,0.05,-0.03
2730256,27.00,-0.14,-0.18,28.00,-3.61,-0.40,27.00,0.02,0.02
2730316,27.00,-0.20,-0.33,28.00,-3.41,-0.20,27.00,0.01,0.05
2730376,27.00,-0.05,-0.29,28.00,-3.16,-0.82,27.00,-0.02,-0.06
2730436,27.00,0.02,-0.19,28.00,-2.62,-0.58,27.00,-0.08,-0.11
2730496,27.00,0.01,-0.33,28.00,-2.56,-0.38,27.00,-0.01,-0.03
2730557,27.00,0.10,-0.16,28.00,-1.91,-0.38,27.00,-0.05,-0.08
2730617,27.00,-0.08,-0.29,28.00,-1.27,-0.80,27.00,0.02,-0.01
2730677,27.00,0.07,-0.19,28.00,-0.75,-0.78,27.00,-0.01,-0.04
2730737,27.00,0.11,-0.20,28.00,-0.21,-0.58,27.00,-0.07,0.02
2730797,27.00,-0.04,-0.27,28.00,0.30,-0.79,27.00,-0.01,-0.00
2730857,27.00,-0.07,-0.10,28.00,0.75,-0.31,27.00,-0.04,-0.02
2730917,27.00,0.07,-0.13,28.00,1.53,-0.32,27.00,0.01,-0.01
2730977,27.00,-0.02,-0.21,28.00,2.28,-0.28,27.00,-0.01,-0.07
2731038,27.00,-0.10,-0.29,28.00,2.50,-0.19,27.00,-0.01,-0.08
2731098,27.00,-0.01,-0.15,28.00,2.86,-0.11,27.00,-0.04,-0.00
2731158,27.00,-0.01,-0.16,28.00,3.58,-0.54,27.00,-0.05,-0.04
2731218,27.00,-0.14,-0.36,28.00,3.55,-0.23,27.00,-0.02,0.02
2731278,27.00,-0.08,-0.16,28.00,3.47,-0.13,27.00,-0.04,0.10
2731338,27.00,0.05,-0.15,28.00,3.74,-0.36,27.00,0.04,-0.05
2731398,27.00,0.04,-0.19,28.00,3.96,-0.58,27.00,0.02,-0.03
2731459,27.00,0.20,-0.06,28.00,3.83,-0.09,27.00,-0.01,-0.00
2731519,27.00,0.07,0.01,28.00,3.86,0.26,27.00,0.01,-0.05
2731579,27.00,0.02,-0.29,28.00,3.57,-0.04,27.00,-0.01,-0.00
2731639,27.00,-0.12,-0.22,28.00,3.29,0.05,27.00,-0.01,-0.11
2731699,27.00,-0.05,-0.36,28.00,2.78,-0.09,27.00,0.01,-0.02
2731759,27.00,0.05,-0.13,28.00,2.23,0.04,27.00,0.04,-0.06
2731819,27.00,-0.07,-0.34,28.00,1.58,0.15,27.00,-0.01,-0.07
2731879,27.00,0.02,-0.22,28.00,1.08,0.06,27.00,-0.01,0.01
2731940,27.00,0.01,-0.02,28.00,0.48,0.10,27.00,-0.04,-0.08
2732000,27.00,0.05,-0.26,28.00,0.18,-0.22,27.00,0.05,-0.05
2732060,27.00,-0.07,-0.42,28.00,-0.42,0.00,27.00,-0.05,-0.09
2732120,27.00,0.12,-0.21,28.00,-1.11,-0.47,27.00,-0.01,0.00
2732180,27.00,-0.05,-0.06,28.00,-1.53,-0.45,27.00,0.02,-0.07
2732240,27.00,0.11,-0.13,28.00,-2.26,0.49,27.00,-0.08,0.01
2732300,27.00,-0.14,-0.32,28.00,-2.53,0.17,27.00,-0.05,-0.06
2732361,27.00,0.02,-0.13,28.00,-3.11,-0.33,27.00,0.02,-0.01
2732421,27.00,-0.10,-0.19,28.00,-3.36,-0.10,27.00,0.02,-0.08
2732481,27.00,-0.01,-0.16,28.00,-3.51,-0.24,27.00,-0.05,0.01
2732541,27.00,0.08,-0.02,28.00,-3.85,-0.24,27.00,-0.10,-0.07
2732601,27.00,0.07,-0.13,28.00,-3.76,-0.58,27.00,-0.07,-0.09
2732661,27.00,0.07,-0.14,28.00,-3.86,0.04,27.00,-0.04,-0.01
2732721,27.00,-0.12,-0.32,28.00,-3.95,-0.15,27.00,0.02,0.03
2732781,27.00,0.01,-0.23,28.00,-3.70,-0.55,27.00,-0.01,0.07
2732842,27.00,0.02,-0.24,28.00,-3.32,-0.47,27.00,-0.05,-0.02
2732902,27.00,-0.02,-0.31,28.00,-2.94,-0.74,27.00,0.10,-0.09
2732962,27.00,0.04,-0.29,28.00,-2.51,-0.77,27.00,-0.12,-0.05
2733022,27.00,-0.05,-0.20,28.00,-2.15,-0.47,27.00,-0.05,-0.00
2733082,27.00,0.05,-0.36,28.00,-1.71,-0.65,27.00,0.01,-0.00
2733142,27.00,-0.08,-0.22,28.00,-1.16,-0.06,27.00,0.04,-0.07
2733202,27.00,0.15,-0.22,28.00,-0.58,-0.73,27.00,-0.07,-0.11
2733263,27.00,0.05,-0.36,28.00,-0.11,-0.44,27.00,0.07,-0.02
2733323,27.00,-0.02,-0.15,28.00,0.68,-0.29,27.00,0.02,-0.03
2733383,27.00,0.11,-0.05,28.00,1.14,0.33,27.00,-0.11,0.02
2733443,27.00,-0.07,-0.08,28.00,1.74,0.05,27.00,0.01,-0.05
2733503,27.00,0.26,-0.16,28.00,2.13,-0.30,27.00,-0.02,-0.02
2733563,27.00,-0.02,-0.26,28.00,2.57,-0.14,27.00,-0.05,-0.05
2733623,27.00,0.08,-0.00,28.00,2.73,0.11,27.00,-0.04,0.00
2733683,27.00,-0.11,-0.23,28.00,3.45,-0.31,27.00,0.01,-0.09
2733744,27.00,-0.07,-0.25,28.00,3.70,0.30,27.00,-0.01,0.00
2733804,27.00,0.02,-0.17,28.00,3.54,0.13,27.00,0.05,-0.05
2733864,27.00,-0.01,-0.27,28.00,3.82,0.00,27.00,-0.01,0.02
2733924,27.00,0.02,-0.15,28.00,3.57,-0.21,27.00,0.08,-0.07
2733984,27.00,0.07,-0.29,28.00,3.57,0.22,27.00,-0.01,0.00
2734044,27.00,-0.07,-0.24,28.00,3.54,0.13,27.00,-0.02,0.00
2734104,27.00,-0.04,-0.17,28.00,3.30,0.10,27.00,0.01,-0.14
2734165,27.00,-0.08,-0.18,28.00,3.11,-0.03,27.00,-0.01,-0.07
2734225,27.00,0.01,-0.26,28.00,2.51,0.14,27.00,0.01,0.03
2734285,27.00,0.05,-0.26,28.00,2.09,-0.51,27.00,-0.07,-0.03
2734345,27.00,0.02,-0.12,28.00,1.60,-0.05,27.00,0.04,-0.07
2734405,27.00,0.01,-0.26,28.00,0.86,0.25,27.00,0.08,0.04
2734465,27.00,0.04,-0.22,28.00,0.42,-0.26,27.00,0.05,-0.00
2734525,27.00,-0.04,-0.19,28.00,-0.18,-0.12,27.00,0.01,-0.12
2734586,27.00,0.17,-0.16,28.00,-0.67,-0.10,27.00,0.01,-0.08
2734646,27.00,0.11,-0.21,28.00,-1.53,0.03,27.00,-0.08,0.04
2734706,27.00,0.11,-0.15,28.00,-2.16,-0.01,27.00,-0.05,-0.02
2734766,27.00,0.04,-0.09,28.00,-2.12,-0.17,27.00,-0.05,-0.07
2734826,27.00,0.04,-0.34,28.00,-2.67,0.07,27.00,-0.02,-0.01
2734886,27.00,0.04,-0.35,28.00,-2.97,-0.15,27.00,0.04,-0.01
2734946,27.00,-0.24,-0.21,28.00,-3.44,-0.29,27.00,-0.02,-0.07
2735006,27.00,0.04,-0.23,28.00,-3.92,-0.22,27.00,-0.02,-0.05
2735067,27.00,-0.20,-0.11,28.00,-3.82,-0.38,27.00,-0.02,-0.05
2735127,27.00,-0.08,-0.40,28.00,-3.99,-0.12,27.00,0.01,0.03
2735187,27.00,0.10,-0.21,28.00,-4.07,-0.04,27.00,0.01,-0.00
2735247,27.00,0.04,-0.29,28.00,-4.01,-0.36,27.00,-0.08,-0.04
2735307,27.00,-0.01,-0.15,28.00,-3.39,-0.19,27.00,-0.07,0.07
2735367,27.00,0.05,-0.29,28.00,-3.01,-0.16,27.00,-0.01,-0.03
2735427,27.00,-0.04,-0.06,28.00,-2.86,-0.42,27.00,0.08,-0.00
2735488,27.00,0.15,-0.08,28.00,-2.56,-0.73,27.00,-0.04,-0.03
2735548,27.00,0.11,-0.21,28.00,-1.87,-0.30,27.00,-0.04,0.07
2735608,27.00,-0.18,-0.08,28.00,-1.21,-0.44,27.00,-0.01,0.00
2735668,27.00,0.01,0.03,28.00,-0.86,-0.45,27.00,0.01,-0.00
2735728,27.00,-0.05,-0.13,28.00,-0.33,-0.84,27.00,0.04,-0.07
2735788,27.00,-0.18,-0.09,28.00,0.27,-0.44,27.00,-0.07,-0.10
2735848,27.00,0.11,-0.30,28.00,0.59,-0.40,27.00,-0.05,0.04
2735908,27.00,-0.07,-0.42,28.00,1.66,-0.15,27.00,0.04,-0.06
2735969,27.00,0.01,-0.09,28.00,1.81,0.29,27.00,0.01,-0.04
2736029,27.00,-0.05,-0.11,28.00,2.25,0.18,27.00,-0.04,-0.09
2736089,27.00,0.12,-0.07,28.00,2.75,0.32,27.00,-0.04,-0.06
2736149,27.00,0.02,-0.31,28.00,3.36,0.11,27.00,0.05,-0.05
2736209,27.00,-0.08,0.00,28.00,3.58,-0.06,27.00,0.04,-0.00
2736269,27.00,-0.01,-0.16,28.00,3.74,-0.06,27.00,-0.04,-0.02
2736329,27.00,0.01,-0.22,28.00,3.73,-0.00,27.00,0.01,-0.02
2736390,27.00,0.02,-0.15,28.00,3.77,0.00,27.00,-0.01,0.00
2736450,27.00,-0.11,-0.38,28.00,3.95,-0.51,27.00,-0.02,-0.01
2736510,27.00,-0.12,-0.32,28.00,3.67,0.52,27.00,-0.05,-0.10
2736570,27.00,0.01,0.05,28.00,3.45,0.04,27.00,-0.07,-0.07
2736630,27.00,-0.10,-0.15,28.00,3.08,0.11,27.00,0.01,-0.05
2736690,27.00,-0.10,-0.38,28.00,2.97,-0.07,27.00,-0.02,0.01
2736750,27.00,-0.17,-0.30,28.00,2.59,0.00,27.00,0.05,-0.01
2736810,27.00,-0.05,-0.23,28.00,1.77,-0.02,27.00,0.05,0.01
2736871,27.00,-0.23,-0.17,28.00,1.12,0.09,27.00,0.02,-0.07
2736931,27.00,-0.01,-0.13,28.00,0.61,0.32,27.00,-0.07,0.00
2736991,27.00,0.10,-0.21,28.00,0.07,-0.07,27.00,-0.02,-0.05
2737051,27.00,-0.08,-0.22,28.00,-0.40,-0.05,27.00,0.02,-0.06
2737111,27.00,-0.01,-0.24,28.00,-1.05,0.45,27.00,-0.01,-0.09
2737171,27.00,0.05,-0.19,28.00,-1.47,-0.01,27.00,-0.05,0.09
2737231,27.00,-0.10,-0.24,28.00,-1.84,-0.22,27.00,-0.02,-0.07
2737292,27.00,0.14,-0.24,28.00,-2.70,-0.10,27.00,0.02,-0.00
2737352,27.00,-0.08,-0.29,28.00,-2.69,-0.06,27.00,-0.02,-0.04
2737412,27.00,-0.11,-0.15,28.00,-3.32,-0.15,27.00,-0.01,-0.08
2737472,27.00,-0.10,-0.21,28.00,-3.45,-0.17,27.00,-0.04,-0.03
2737532,27.00,0.04,-0.24,28.00,-3.70,-0.46,27.00,0.10,-0.04
2737592,27.00,0.14,-0.08,28.00,-3.77,-0.16,27.00,0.01,-0.03
2737652,27.00,-0.10,-0.14,28.00,-3.66,-0.44,27.00,-0.02,-0.15
2737712,27.00,-0.07,-0.21,28.00,-3.79,-0.20,27.00,0.05,-0.09
2737773,27.00,-0.12,-0.44,28.00,-3.92,-0.07,27.00,-0.02,-0.08
2737833,27.00,0.05,-0.38,28.00,-3.63,0.09,27.00,0.01,-0.01
2737893,27.00,0.07,-0.24,28.00,-3.00,-0.29,27.00,0.07,0.00
2737953,27.00,0.07,-0.12,28.00,-2.60,-0.47,27.00,-0.04,-0.07
2738013,27.00,0.02,-0.22,28.00,-2.15,-0.46,27.00,-0.05,-0.05
2738073,27.00,-0.01,-0.03,28.00,-1.60,-0.15,27.00,0.02,0.04
2738133,27.00,0.10,-0.22,28.00,-1.18,-0.58,27.00,0.02,0.05
2738194,27.00,-0.18,-0.37,28.00,-0.51,-0.59,27.00,-0.04,-0.04
2738254,27.00,-0.12,-0.22,28.00,0.10,-0.56,27.00,-0.04,-0.02
2738314,27.00,0.01,-0.27,28.00,0.58,-0.30,27.00,0.05,-0.01
2738374,27.00,-0.14,-0.25,28.00,1.09,-0.02,27.00,-0.02,-0.03
2738434,27.00,-0.01,-0.18,28.00,1.46,-0.31,27.00,-0.01,0.00
2738494,27.00,-0.05,-0.11,28.00,2.13,0.18,27.00,0.04,0.00
2738554,27.00,0.05,-0.03,28.00,2.67,0.21,27.00,0.02,-0.05
2738614,27.00,0.02,-0.24,28.00,3.01,-0.02,27.00,0.08,0.03
2738675,27.00,-0.02,-0.03,28.00,3.27,0.08,27.00,-0.01,0.07
2738735,27.00,0.10,-0.18,28.00,3.77,-0.13,27.00,-0.01,-0.04
2738795,27.00,-0.04,-0.22,28.00,4.05,-0.45,27.00,-0.02,0.02
2738855,27.00,0.04,0.13,28.00,4.21,0.22,27.00,-0.02,-0.05
2738915,27.00,0.02,-0.40,28.00,3.77,-0.22,27.00,-0.05,-0.05
2738975,27.00,-0.04,-0.29,28.00,3.60,0.20,27.00,0.02,-0.02
2739035,27.00,0.10,-0.43,28.00,3.66,0.14,27.00,-0.01,-0.07
2739096,27.00,-0.07,-0.34,28.00,3.47,-0.08,27.00,-0.04,-0.05
2739156,27.00,0.11,-0.23,28.00,3.05,-0.20,27.00,0.04,-0.02
2739216,27.00,-0.07,-0.22,28.00,2.92,-0.09,27.00,0.02,-0.12
2739276,27.00,0.02,-0.14,28.00,2.00,0.30,27.00,0.04,-0.07
2739336,27.00,0.15,-0.15,28.00,1.47,-0.10,27.00,0.08,0.00
2739396,27.00,-0.05,0.04,28.00,1.03,0.01,27.00,-0.04,0.01
2739456,27.00,0.04,-0.19,28.00,0.53,0.59,27.00,0.04,0.00
2739516,27.00,0.10,-0.08,28.00,-0.05,-0.10,27.00,-0.05,-0.00
2739577,27.00,-0.01,-0.14,28.00,-0.56,-0.03,27.00,0.01,-0.07
2739637,27.00,-0.04,-0.06,28.00,-0.86,-0.33,27.00,-0.04,-0.02
2739697,27.00,0.02,-0.27,28.00,-1.88,-0.24,27.00,0.01,-0.11
2739757,27.00,-0.10,-0.24,28.00,-2.48,-0.02,27.00,-0.01,0.03
2739817,27.00,0.01,-0.23,28.00,-2.84,-0.07,27.00,0.04,0.02
2739877,27.00,0.02,-0.12,28.00,-3.29,-0.38,27.00,-0.02,0.00
2739937,27.00,-0.05,-0.22,28.00,-3.36,-0.31,27.00,0.05,0.00
2739998,27.00,0.02,-0.10,28.00,-3.60,-0.34,27.00,-0.04,-0.08
2740058,27.00,-0.02,-0.29,28.00,-3.74,-0.71,27.00,-0.02,-0.06
2740118,27.00,0.12,-0.22,28.00,-3.86,-0.61,27.00,-0.04,0.04
2740178,27.00,-0.08,-0.27,28.00,-3.83,-0.58,27.00,0.01,-0.17
2740238,27.00,-0.01,-0.16,28.00,-3.95,-0.20,27.00,-0.04,-0.08
2740298,27.00,-0.05,-0.09,28.00,-3.51,-0.42,27.00,-0.01,-0.09
2740358,27.00,0.02,-0.33,28.00,-3.32,-0.42,27.00,-0.01,-0.02
2740418,27.00,-0.04,-0.15,28.00,-2.75,-0.24,27.00,0.02,0.02
2740479,27.00,0.04,-0.28,28.00,-2.51,-0.29,27.00,-0.02,-0.00
2740539,27.00,-0.04,-0.28,28.00,-2.16,-0.50,27.00,-0.01,-0.05
2740599,27.00,-0.04,-0.27,28.00,-1.34,-0.58,27.00,0.01,0.06
2740659,27.00,-0.15,-0.22,28.00,-0.89,-0.79,27.00,0.07,-0.01
2740719,27.00,-0.11,-0.11,28.00,-0.37,-0.93,27.00,0.07,-0.06
2740779,27.00,0.02,-0.23,28.00,0.17,-0.33,27.00,0.01,0.04
2740839,27.00,-0.08,-0.23,28.00,0.77,-0.34,27.00,-0.02,-0.01
2740900,27.00,-0.10,-0.20,28.00,1.30,-0.24,27.00,-0.04,-0.00
2740960,27.00,-0.02,-0.10,28.00,2.01,-0.13,27.00,0.02,0.01
2741020,27.00,0.20,-0.09,28.00,2.64,-0.24,27.00,-0.05,-0.05
2741080,27.00,0.10,-0.24,28.00,2.48,-0.16,27.00,-0.04,-0.10
2741140,27.00,0.05,-0.10,28.00,3.14,-0.58,27.00,-0.01,-0.02
2741200,27.00,-0.01,-0.34,28.00,3.42,-0.09,27.00,0.01,-0.03
2741260,27.00,0.14,-0.23,28.00,3.44,0.19,27.00,-0.01,-0.01
2741321,27.00,0.05,-0.10,28.00,3.79,-0.15,27.00,-0.08,-0.07
2741381,27.00,-0.01,0.08,28.00,4.01,-0.18,27.00,0.02,-0.10
2741441,27.00,0.01,-0.28,28.00,3.79,0.01,27.00,0.04,-0.03
2741501,27.00,-0.08,-0.24,28.00,3.74,-0.23,27.00,-0.07,-0.09
2741561,27.00,-0.07,-0.27,28.00,3.38,0.09,27.00,0.08,-0.01
2741621,27.00,0.15,-0.17,28.00,3.35,0.02,27.00,0.02,-0.04
2741681,27.00,0.02,-0.17,28.00,2.73,0.00,27.00,-0.04,-0.10
2741741,27.00,0.02,-0.28,28.00,2.48,-0.36,27.00,-0.04,-0.03
2741802,27.00,0.01,-0.15,28.00,2.07,-0.07,27.00,-0.04,0.02
2741862,27.00,0.14,-0.17,28.00,1.28,-0.16,27.00,0.02,0.01
2741922,27.00,-0.12,-0.22,28.00,0.87,-0.43,27.00,0.02,-0.10
2741982,27.00,-0.05,-0.23,28.00,0.27,-0.34,27.00,-0.01,-0.00
2742042,27.00,0.12,-0.12,28.00,-0.29,-0.22,27.00,0.02,-0.07
2742102,27.00,-0.14,-0.19,28.00,-0.81,-0.29,27.00,-0.05,-0.05
2742162,27.00,-0.04,-0.29,28.00,-1.31,-0.26,27.00,-0.05,-0.05
2742223,27.00,0.02,-0.23,28.00,-1.94,-0.02,27.00,-0.01,-0.03
2742283,27.00,-0.07,-0.16,28.00,-2.53,-0.44,27.00,0.01,0.00
2742343,27.00,0.11,-0.11,28.00,-3.22,0.14,27.00,-0.04,-0.03
2742403,27.00,0.12,-0.13,28.00,-3.22,-0.41,27.00,-0.02,-0.02
2742463,27.00,0.04,-0.24,28.00,-3.66,-0.24,27.00,-0.08,-0.06
2742523,27.00,-0.04,-0.07,28.00,-3.99,-0.22,27.00,0.07,0.01
2742583,27.00,-0.01,-0.10,28.00,-3.86,-0.54,27.00,-0.05,-0.04
2742643,27.00,-0.05,-0.17,28.00,-3.60,-0.36,27.00,-0.04,-0.00
2742704,27.00,-0.14,-0.23,28.00,-3.68,-0.34,27.00,-0.01,0.01
2742764,27.00,-0.07,-0.12,28.00,-3.47,-0.76,27.00,-0.10,-0.01
2742824,27.00,-0.01,-0.35,28.00,-3.22,-0.38,27.00,-0.01,-0.02
2742884,27.00,-0.07,-0.31,28.00,-3.10,-0.15,27.00,-0.02,0.04
2742944,27.00,0.07,-0.08,28.00,-2.56,-0.57,27.00,-0.05,-0.01
2743004,27.00,0.04,-0.22,28.00,-2.25,-0.47,27.00,-0.02,0.02
2743064,27.00,0.07,-0.25,28.00,-1.90,-0.87,27.00,0.02,-0.02
2743125,27.00,0.05,-0.23,28.00,-1.22,-0.31,27.00,0.01,-0.02
2743185,27.00,0.10,-0.22,28.00,-0.74,-0.57,27.00,0.05,0.00
2743245,27.00,0.01,-0.23,28.00,-0.15,-0.63,27.00,0.02,-0.00
2743305,27.00,0.08,-0.16,28.00,0.32,-0.61,27.00,0.02,0.00
2743365,27.00,0.02,-0.10,28.00,0.86,0.15,27.00,0.10,-0.03
2743425,27.00,-0.05,-0.22,28.00,1.63,0.17,27.00,-0.01,-0.07
2743485,27.00,0.01,-0.46,28.00,1.87,-0.39,27.00,0.01,-0.02
2743545,27.00,-0.20,-0.28,28.00,2.50,-0.36,27.00,-0.01,0.05
2743606,27.00,0.01,-0.23,28.00,2.94,0.23,27.00,-0.02,-0.07
2743666,27.00,0.07,-0.11,28.00,3.10,0.20,27.00,-0.01,0.06
2743726,27.00,0.04,-0.16,28.00,3.86,0.44,27.00,-0.02,-0.02
2743786,27.00,-0.05,-0.19,28.00,3.79,0.00,27.00,0.01,-0.05
2743846,27.00,-0.11,-0.15,28.00,3.95,-0.14,27.00,-0.04,-0.06
2743906,27.00,-0.07,-0.15,28.00,3.79,0.33,27.00,0.01,-0.06
2743966,27.00,-0.08,-0.24,28.00,3.77,-0.07,27.00,-0.01,-0.06
2744027,27.00,0.10,-0.06,28.00,3.67,0.10,27.00,0.01,-0.09
2744087,27.00,0.12,-0.07,28.00,3.25,-0.09,27.00,-0.01,-0.09
2744147,27.00,-0.10,-0.40,28.00,2.89,0.63,27.00,-0.02,-0.06
2744207,27.00,-0.08,-0.15,28.00,2.45,0.25,27.00,-0.02,-0.15
2744267,27.00,0.01,-0.05,28.00,2.21,-0.31,27.00,-0.05,-0.07
2744327,27.00,-0.17,-0.07,28.00,1.66,0.04,27.00,-0.01,-0.04
2744387,27.00,0.05,-0.22,28.00,1.05,-0.36,27.00,-0.05,-0.02
2744447,27.00,-0.05,-0.16,28.00,0.45,-0.20,27.00,-0.11,-0.10
2744508,27.00,-0.02,-0.19,28.00,-0.10,-0.04,27.00,0.10,0.01
2744568,27.00,0.08,-0.19,28.00,-0.52,-0.36,27.00,0.01,-0.04
2744628,27.00,0.15,-0.12,28.00,-1.24,0.37,27.00,0.02,-0.02
2744688,27.00,0.10,-0.14,28.00,-1.94,-0.11,27.00,0.04,-0.05
2744748,27.00,-0.05,-0.22,28.00,-2.09,-0.52,27.00,0.08,-0.10
2744808,27.00,-0.04,-0.12,28.00,-2.84,-0.22,27.00,-0.02,-0.00
2744868,27.00,0.04,-0.24,28.00,-2.94,-0.22,27.00,-0.04,0.03
2744929,27.00,0.07,-0.24,28.00,-3.57,0.16,27.00,0.08,-0.13
2744989,27.00,0.11,-0.27,28.00,-3.96,-0.26,27.00,0.07,0.00
2745049,27.00,-0.02,-0.26,28.00,-3.71,0.01,27.00,0.05,-0.05
2745109,27.00,-0.12,-0.35,28.00,-4.04,-0.34,27.00,0.02,-0.01
2745169,27.00,0.04,-0.29,28.00,-3.64,-0.13,27.00,0.01,0.03
2745229,27.00,0.15,-0.37,28.00,-4.10,-0.51,27.00,0.02,-0.09
2745289,27.00,0.05,-0.19,28.00,-3.64,-0.46,27.00,-0.05,-0.08
2745349,27.00,-0.10,-0.21,28.00,-3.60,-0.07,27.00,0.05,-0.03
2745410,27.00,-0.12,-0.32,28.00,-3.23,-0.51,27.00,-0.01,0.01
2745470,27.00,-0.12,-0.29,28.00,-2.51,-0.12,27.00,-0.05,0.00
2745530,27.00,-0.20,-0.36,28.00,-2.12,-0.28,27.00,0.01,-0.05
2745590,27.00,-0.05,-0.07,28.00,-1.46,-0.49,27.00,-0.01,0.00
2745650,27.00,0.05,-0.07,28.00,-1.08,-0.20,27.00,-0.01,0.05
2745710,27.00,-0.08,-0.34,28.00,-0.43,-0.68,27.00,0.02,-0.06
2745770,27.00,0.04,-0.22,28.00,0.01,-0.49,27.00,0.01,-0.07
2745831,27.00,0.04,-0.38,28.00,0.73,-0.28,27.00,-0.02,-0.09
2745891,27.00,-0.12,-0.24,28.00,1.36,-0.26,27.00,0.02,-0.06
2745951,27.00,-0.12,-0.18,28.00,1.77,-0.44,27.00,0.02,-0.05
2746011,27.00,0.02,-0.22,28.00,2.25,-0.45,27.00,0.04,-0.07
2746071,27.00,-0.07,-0.22,28.00,2.81,-0.14,27.00,0.01,-0.05
2746131,27.00,0.01,-0.14,28.00,3.38,0.07,27.00,0.04,0.03
2746191,27.00,-0.07,-0.17,28.00,3.35,0.13,27.00,0.01,-0.04
2746251,27.00,-0.02,-0.33,28.00,3.48,-0.24,27.00,-0.05,-0.07
2746312,27.00,-0.15,-0.16,28.00,3.67,0.03,27.00,0.02,-0.04
2746372,27.00,-0.02,-0.31,28.00,3.99,0.07,27.00,-0.02,-0.03
2746432,27.00,-0.05,-0.23,28.00,3.93,0.10,27.00,0.02,-0.05
2746492,27.00,0.02,-0.18,28.00,3.71,0.51,27.00,-0.07,-0.07
2746552,27.00,0.07,-0.14,28.00,3.57,0.23,27.00,-0.01,-0.02
2746612,27.00,0.17,-0.23,28.00,3.33,-0.19,27.00,-0.02,-0.01
2746672,27.00,-0.02,-0.31,28.00,2.76,0.07,27.00,-0.01,-0.07
2746733,27.00,-0.15,-0.18,28.00,2.40,0.11,27.00,-0.04,0.03
2746793,27.00,-0.07,-0.26,28.00,1.75,-0.20,27.00,-0.05,-0.08
2746853,27.00,0.12,-0.31,28.00,1.41,0.57,27.00,-0.05,0.07
2746913,27.00,-0.10,-0.04,28.00,0.86,0.67,27.00,0.02,-0.07
2746973,27.00,-0.05,-0.21,28.00,0.46,-0.15,27.00,0.08,0.02
2747033,27.00,-0.12,-0.26,28.00,-0.29,-0.11,27.00,-0.02,-0.00
2747093,27.00,-0.01,0.05,28.00,-0.68,-0.44,27.00,-0.05,-0.06
2747154,27.00,0.05,-0.27,28.00,-1.14,-0.45,27.00,-0.05,-0.11
2747214,27.00,0.11,-0.37,28.00,-1.82,-0.02,27.00,-0.02,-0.07
2747274,27.00,-0.01,-0.36,28.00,-2.38,-0.27,27.00,0.02,0.06
2747334,27.00,0.02,-0.14,28.00,-3.00,-0.05,27.00,0.04,0.02
2747394,27.00,0.07,-0.24,28.00,-3.38,-0.18,27.00,0.08,-0.02
2747454,27.00,-0.08,-0.07,28.00,-3.71,0.11,27.00,-0.02,0.02
2747514,27.00,0.02,-0.28,28.00,-3.36,-0.91,27.00,-0.01,-0.07
2747574,27.00,0.04,-0.29,28.00,-3.54,-0.12,27.00,0.04,-0.05
2747635,27.00,-0.08,-0.20,28.00,-3.67,-0.47,27.00,0.02,-0.02
2747695,27.00,-0.07,-0.18,28.00,-3.71,-0.44,27.00,-0.04,-0.05
2747755,27.00,-0.01,-0.28,28.00,-3.70,0.07,27.00,-0.01,-0.01
2747815,27.00,-0.02,-0.28,28.00,-3.61,0.06,27.00,-0.05,0.01
2747875,27.00,0.05,-0.16,28.00,-3.08,-0.48,27.00,0.01,-0.06
2747935,27.00,-0.04,-0.18,28.00,-2.85,-0.40,27.00,-0.01,-0.03
2747995,27.00,-0.04,-0.21,28.00,-2.31,0.00,27.00,-0.02,-0.06
2748056,27.00,0.10,-0.21,28.00,-1.87,-0.36,27.00,-0.04,-0.01
2748116,27.00,-0.01,-0.26,28.00,-1.41,-0.93,27.00,0.05,0.02
2748176,27.00,-0.15,-0.11,28.00,-0.84,-0.70,27.00,-0.02,-0.11
2748236,27.00,0.20,-0.04,28.00,-0.23,-0.97,27.00,-0.01,-0.06
2748296,27.00,0.10,-0.26,28.00,0.34,-0.22,27.00,-0.01,0.01
2748356,27.00,-0.04,-0.26,28.00,0.89,-0.44,27.00,0.01,-0.02
2748416,27.00,-0.08,-0.22,28.00,1.33,-0.26,27.00,0.04,-0.08
2748476,27.00,-0.07,-0.15,28.00,2.10,0.25,27.00,-0.02,-0.02
2748537,27.00,-0.11,-0.32,28.00,2.38,0.21,27.00,0.04,0.02
2748597,27.00,-0.01,-0.21,28.00,3.07,0.00,27.00,0.02,-0.00
2748657,27.00,-0.08,-0.28,28.00,3.22,-0.14,27.00,0.02,0.02
2748717,27.00,0.07,-0.15,28.00,3.68,0.23,27.00,-0.01,0.01
2748777,27.00,0.05,-0.34,28.00,3.73,-0.67,27.00,0.01,0.02
2748837,27.00,-0.01,-0.24,28.00,3.96,-0.09,27.00,0.11,-0.07
2748897,27.00,-0.05,-0.57,28.00,3.82,0.32,27.00,0.01,0.04
2748958,27.00,0.04,-0.09,28.00,3.73,0.44,27.00,-0.05,-0.10
2749018,27.00,0.04,-0.19,28.00,3.88,0.20,27.00,-0.05,-0.08
2749078,27.00,-0.02,-0.22,28.00,3.61,-0.06,27.00,-0.01,-0.01
2749138,27.00,0.05,-0.34,28.00,3.10,0.42,27.00,-0.01,-0.03
2749198,27.00,-0.12,-0.48,28.00,2.62,-0.06,27.00,-0.04,-0.01
2749258,27.00,0.11,-0.33,28.00,2.16,0.14,27.00,-0.02,-0.07
2749318,27.00,0.04,-0.20,28.00,1.74,0.36,27.00,0.05,-0.02
2749378,27.00,0.01,-0.07,28.00,1.25,-0.05,27.00,-0.02,-0.01
2749439,27.00,-0.10,-0.44,28.00,0.68,-0.03,27.00,0.02,-0.07
2749499,27.00,-0.04,-0.16,28.00,0.32,-0.04,27.00,-0.01,-0.17
2749559,27.00,-0.01,-0.19,28.00,-0.32,-0.06,27.00,0.05,0.02
2749619,27.00,0.02,-0.12,28.00,-1.00,-0.95,27.00,0.02,-0.07
2749679,27.00,-0.10,-0.13,28.00,-1.58,-0.31,27.00,-0.08,-0.02
2749739,27.00,0.11,-0.28,28.00,-2.42,-0.21,27.00,0.01,-0.03
2749799,27.00,-0.05,-0.25,28.00,-2.79,-0.19,27.00,-0.02,-0.09
2749860,27.00,-0.02,-0.13,28.00,-2.89,-0.39,27.00,-0.08,0.02
2749920,27.00,-0.02,-0.20,28.00,-3.25,-0.34,27.00,-0.05,-0.06
2749980,27.00,0.08,-0.22,28.00,-3.47,-0.00,27.00,-0.02,-0.08
2750040,27.00,-0.10,-0.19,28.00,-3.99,-0.59,27.00,0.04,-0.01
2750100,27.00,-0.10,-0.22,28.00,-3.99,-0.73,27.00,0.02,-0.10
2750160,27.00,-0.04,-0.16,28.00,-3.76,-0.48,27.00,-0.04,-0.03
2750220,27.00,-0.04,-0.33,28.00,-3.64,-0.15,27.00,0.01,-0.06
2750280,27.00,-0.08,-0.06,28.00,-3.61,-0.36,27.00,0.02,0.00
2750341,27.00,-0.18,-0.27,28.00,-3.36,-0.25,27.00,-0.10,-0.08
2750401,27.00,0.21,-0.16,28.00,-2.76,-0.36,27.00,0.04,-0.07
2750461,27.00,0.12,-0.24,28.00,-2.57,-0.66,27.00,-0.04,-0.10
2750521,27.00,-0.04,-0.22,28.00,-2.41,-0.45,27.00,-0.08,-0.05
2750581,27.00,0.15,-0.28,28.00,-1.81,-0.85,27.00,-0.04,-0.02
2750641,27.00,-0.12,-0.26,28.00,-1.05,-0.61,27.00,-0.02,-0.00
2750701,27.00,0.01,-0.22,28.00,-0.56,-0.59,27.00,0.05,0.07
2750762,27.00,-0.08,-0.50,28.00,0.01,-0.39,27.00,0.04,-0.06
2750822,27.00,0.04,-0.19,28.00,0.45,0.07,27.00,-0.04,-0.03
2750882,27.00,-0.10,-0.12,28.00,1.05,0.08,27.00,-0.01,0.00
2750942,27.00,-0.04,-0.27,28.00,1.53,0.26,27.00,-0.04,-0.05
2751002,27.00,0.02,-0.03,28.00,2.23,-0.19,27.00,0.10,0.07
2751062,27.00,0.20,-0.17,28.00,2.35,0.11,27.00,0.01,-0.08
2751122,27.00,-0.08,-0.10,28.00,2.92,-0.31,27.00,-0.01,-0.03
2751182,27.00,-0.20,0.19,28.00,3.35,-0.33,27.00,-0.01,-0.07
2751243,27.00,0.10,-0.19,28.00,3.68,0.40,27.00,0.01,-0.03
2751303,27.00,0.05,-0.36,28.00,3.74,0.15,27.00,-0.04,-0.03
2751363,27.00,-0.02,-0.19,28.00,3.86,-0.76,27.00,0.02,-0.02
2751423,27.00,-0.15,-0.24,28.00,3.77,-0.50,27.00,0.02,0.07
2751483,27.00,0.01,-0.03,28.00,3.95,-0.45,27.00,-0.02,-0.04
2751543,27.00,-0.07,-0.32,28.00,3.58,-0.64,27.00,0.01,-0.06
2751603,27.00,0.05,-0.27,28.00,3.22,-0.21,27.00,-0.02,-0.05
2751664,27.00,-0.10,-0.14,28.00,3.25,-0.41,27.00,-0.01,-0.05
2751724,27.00,0.10,-0.13,28.00,2.70,-0.15,27.00,-0.05,-0.14
2751784,27.00,-0.14,-0.15,28.00,2.25,-0.29,27.00,-0.04,-0.08
2751844,27.00,-0.11,-0.26,28.00,1.69,-0.10,27.00,-0.01,-0.07
2751904,27.00,0.05,-0.01,28.00,0.68,-0.54,27.00,-0.05,0.02
2751964,27.00,-0.08,-0.18,28.00,0.53,-0.32,27.00,-0.01,0.07
2752024,27.00,-0.01,-0.35,28.00,-0.08,-0.37,27.00,-0.04,-0.02
2752085,27.00,0.14,-0.09,28.00,-0.74,0.04,27.00,-0.01,-0.01
2752145,27.00,-0.07,-0.29,28.00,-1.37,-0.85,27.00,0.05,-0.06
2752205,27.00,-0.12,-0.22,28.00,-1.79,0.26,27.00,-0.01,-0.05
2752265,27.00,-0.08,-0.04,28.00,-2.44,0.64,27.00,0.04,-0.07
2752325,27.00,0.01,-0.22,28.00,-2.81,0.22,27.00,0.01,-0.00
2752385,27.00,0.15,-0.15,28.00,-3.30,0.00,27.00,-0.04,-0.04
2752445,27.00,0.11,-0.30,28.00,-3.23,0.02,27.00,0.04,0.05
2752505,27.00,-0.07,-0.10,28.00,-3.63,-0.19,27.00,-0.02,-0.07
2752566,27.00,-0.05,-0.25,28.00,-3.96,0.07,27.00,0.02,-0.02
2752626,27.00,0.08,-0.04,28.00,-4.02,-0.01,27.00,-0.02,0.03
2752686,27.00,-0.02,-0.24,28.00,-4.23,0.07,27.00,-0.01,-0.11
2752746,27.00,0.04,-0.19,28.00,-3.77,-0.47,27.00,0.02,-0.05
2752806,27.00,-0.01,-0.28,28.00,-3.45,-0.58,27.00,0.01,-0.04
2752866,27.00,0.17,-0.09,28.00,-3.22,-0.30,27.00,-0.07,-0.06
2752926,27.00,0.02,-0.16,28.00,-3.10,-0.42,27.00,-0.02,0.00
2752986,27.00,-0.08,-0.17,28.00,-2.15,-0.76,27.00,0.05,0.04
2753047,27.00,-0.12,-0.23,28.00,-2.06,-0.64,27.00,-0.01,0.04
2753107,27.00,0.04,-0.15,28.00,-1.53,-0.52,27.00,-0.01,-0.01
2753167,27.00,-0.07,-0.17,28.00,-0.92,-1.05,27.00,0.05,-0.03
2753227,27.00,0.02,-0.26,28.00,-0.39,-0.69,27.00,-0.02,0.06
2753287,27.00,0.05,-0.19,28.00,0.17,-0.10,27.00,-0.01,-0.02
2753347,27.00,-0.08,-0.23,28.00,0.86,-0.14,27.00,-0.01,-0.08
2753407,27.00,0.20,-0.29,28.00,1.34,-0.48,27.00,-0.04,0.04
2753468,27.00,-0.05,-0.36,28.00,1.90,0.13,27.00,0.04,-0.02
2753528,27.00,0.05,-0.24,28.00,2.07,-0.41,27.00,-0.04,-0.00
2753588,27.00,0.17,-0.15,28.00,2.79,-0.23,27.00,0.02,-0.05
2753648,27.00,0.08,-0.29,28.00,3.22,0.06,27.00,0.04,-0.09
2753708,27.00,0.02,-0.21,28.00,3.55,-0.33,27.00,0.02,-0.05
2753768,27.00,0.07,-0.07,28.00,3.85,-0.02,27.00,0.02,-0.06
2753828,27.00,-0.07,-0.07,28.00,3.79,-0.11,27.00,0.01,-0.05
2753889,27.00,0.08,-0.13,28.00,3.86,-0.14,27.00,-0.01,0.10
2753949,27.00,-0.01,-0.16,28.00,3.68,0.02,27.00,0.07,-0.10
2754009,27.00,0.10,-0.25,28.00,3.49,-0.11,27.00,-0.04,-0.05
2754069,27.00,0.10,-0.21,28.00,3.48,0.18,27.00,-0.01,-0.11
2754129,27.00,0.04,-0.23,28.00,3.17,0.27,27.00,-0.05,-0.08
2754189,27.00,0.05,-0.24,28.00,2.76,0.20,27.00,-0.01,-0.04
2754249,27.00,-0.02,-0.08,28.00,2.26,-0.03,27.00,-0.05,-0.06
2754309,27.00,-0.11,-0.29,28.00,1.96,-0.14,27.00,-0.02,-0.04
2754370,27.00,0.24,-0.29,28.00,1.27,0.34,27.00,-0.04,0.00
2754430,27.00,0.20,-0.23,28.00,0.78,-0.24,27.00,-0.02,-0.02
2754490,27.00,-0.17,-0.23,28.00,0.12,-0.15,27.00,0.02,-0.09
2754550,27.00,-0.11,-0.23,28.00,-0.32,-0.26,27.00,-0.02,-0.01
2754610,27.00,-0.01,-0.23,28.00,-1.12,0.18,27.00,0.02,0.02
2754670,27.00,-0.08,-0.27,28.00,-1.77,0.10,27.00,0.04,-0.02
2754730,27.00,-0.01,-0.07,28.00,-2.19,-0.09,27.00,-0.01,-0.06
2754791,27.00,0.02,-0.19,28.00,-2.48,-0.30,27.00,0.05,-0.02
2754851,27.00,0.01,-0.29,28.00,-2.86,-0.16,27.00,0.02,-0.02
2754911,27.00,-0.14,-0.15,28.00,-3.33,0.26,27.00,0.01,-0.14
2754971,27.00,0.02,-0.15,28.00,-3.71,-0.18,27.00,-0.05,-0.00
2755031,27.00,-0.01,-0.32,28.00,-3.95,0.13,27.00,-0.02,-0.05
2755091,27.00,0.10,-0.26,28.00,-3.52,-0.33,27.00,0.02,0.02
2755151,27.00,0.12,-0.10,28.00,-4.04,0.14,27.00,-0.08,-0.07
2755211,27.00,0.02,-0.18,28.00,-3.86,-0.17,27.00,0.01,-0.03
2755272,27.00,-0.11,-0.13,28.00,-3.85,-0.07,27.00,-0.05,-0.13
2755332,27.00,0.10,-0.22,28.00,-3.51,-0.27,27.00,-0.02,-0.04
2755392,27.00,-0.24,-0.32,28.00,-3.03,-0.53,27.00,-0.04,-0.03
2755452,27.00,0.04,-0.16,28.00,-2.82,-0.50,27.00,-0.01,0.01
2755512,27.00,0.12,0.03,28.00,-2.26,-0.17,27.00,-0.02,-0.00
2755572,27.00,0.04,-0.14,28.00,-1.81,-0.10,27.00,-0.02,0.05
2755632,27.00,-0.08,-0.22,28.00,-1.18,-0.33,27.00,0.02,-0.03
2755693,27.00,0.02,-0.17,28.00,-0.77,-0.57,27.00,-0.08,-0.03
2755753,27.00,-0.11,0.07,28.00,0.01,-0.58,27.00,-0.01,-0.08
2755813,27.00,-0.04,-0.24,28.00,0.58,-0.59,27.00,-0.01,-0.04
2755873,27.00,-0.12,-0.22,28.00,0.93,-0.08,27.00,0.01,-0.04
2755933,27.00,0.04,-0.24,28.00,1.65,-0.18,27.00,-0.04,0.06
2755993,27.00,0.04,-0.16,28.00,2.00,0.66,27.00,0.01,-0.02
2756053,27.00,-0.04,-0.56,28.00,2.57,-0.00,27.00,-0.02,-0.02
2756113,27.00,0.07,-0.14,28.00,3.04,0.39,27.00,0.05,-0.01
2756174,27.00,0.04,-0.28,28.00,3.23,0.52,27.00,-0.04,-0.01
2756234,27.00,-0.15,-0.26,28.00,3.68,-0.15,27.00,0.02,-0.04
2756294,27.00,-0.07,-0.11,28.00,3.92,-0.69,27.00,-0.04,-0.02
2756354,27.00,0.05,-0.14,28.00,3.88,0.10,27.00,-0.04,-0.00
2756414,27.00,0.01,-0.19,28.00,3.93,-0.05,27.00,-0.04,-0.00
2756474,27.00,0.08,-0.14,28.00,3.70,0.42,27.00,0.01,-0.01
2756534,27.00,0.04,-0.20,28.00,3.63,-0.02,27.00,0.04,0.02
2756595,27.00,0.08,-0.22,28.00,3.25,0.13,27.00,-0.04,-0.04
2756655,27.00,-0.10,-0.29,28.00,3.05,-0.01,27.00,-0.02,0.04
2756715,27.00,-0.11,-0.15,28.00,2.45,0.17,27.00,0.02,-0.06
2756775,27.00,-0.05,-0.11,28.00,1.97,0.50,27.00,-0.01,0.04
2756835,27.00,0.18,-0.17,28.00,1.69,0.28,27.00,0.04,0.03
2756895,27.00,0.01,-0.23,28.00,1.19,-0.07,27.00,-0.05,0.01
2756955,27.00,-0.12,-0.22,28.00,0.46,0.40,27.00,0.04,-0.05
2757015,27.00,-0.02,-0.15,28.00,-0.05,-0.28,27.00,-0.08,-0.02
2757076,27.00,-0.07,-0.06,28.00,-0.51,0.17,27.00,-0.02,0.00
2757136,27.00,-0.02,-0.12,28.00,-1.09,-0.22,27.00,-0.01,-0.14
2757196,27.00,-0.12,-0.38,28.00,-1.69,0.07,27.00,0.02,0.07
2757256,27.00,0.02,-0.25,28.00,-2.28,-0.29,27.00,-0.05,-0.03
2757316,27.00,0.10,-0.16,28.00,-2.78,-0.62,27.00,0.01,-0.05
2757376,27.00,0.11,-0.20,28.00,-2.98,-0.56,27.00,0.10,-0.05
2757436,27.00,-0.07,-0.18,28.00,-3.57,-0.26,27.00,-0.04,-0.07
2757497,27.00,-0.01,-0.28,28.00,-3.63,-0.40,27.00,0.01,0.00
2757557,27.00,0.07,-0.18,28.00,-3.92,-0.44,27.00,-0.01,-0.07
2757617,27.00,-0.04,-0.12,28.00,-3.74,0.15,27.00,0.01,-0.08
2757677,27.00,-0.10,-0.20,28.00,-3.63,-0.15,27.00,0.02,-0.01
2757737,27.00,-0.01,-0.07,28.00,-3.63,-0.39,27.00,0.11,-0.01
2757797,27.00,0.01,-0.21,28.00,-3.44,-0.58,27.00,-0.01,-0.01
2757857,27.00,0.02,-0.11,28.00,-3.35,-0.47,27.00,-0.02,0.06
2757917,27.00,0.04,0.03,28.00,-2.95,-0.30,27.00,0.02,-0.00
2757978,27.00,-0.15,-0.28,28.00,-2.62,-0.11,27.00,-0.05,-0.01
2758038,27.00,-0.05,-0.15,28.00,-2.06,-0.64,27.00,-0.04,-0.00
2758098,27.00,-0.11,-0.15,28.00,-1.66,-0.32,27.00,-0.01,0.04
2758158,27.00,0.10,-0.19,28.00,-0.74,-0.77,27.00,0.04,-0.03
2758218,27.00,0.02,-0.18,28.00,-0.20,-0.69,27.00,0.01,-0.00
2758278,27.00,0.12,-0.40,28.00,0.12,-0.16,27.00,0.02,-0.01
2758338,27.00,-0.11,-0.36,28.00,0.68,-0.01,27.00,-0.02,-0.04
2758399,27.00,-0.14,-0.39,28.00,1.22,-0.20,27.00,-0.01,-0.06
2758459,27.00,0.08,-0.22,28.00,1.77,-0.21,27.00,-0.04,-0.06
2758519,27.00,0.17,-0.18,28.00,2.69,0.19,27.00,-0.05,-0.07
2758579,27.00,-0.04,-0.23,28.00,2.92,-0.16,27.00,0.04,-0.03
2758639,27.00,-0.15,-0.26,28.00,3.41,-0.50,27.00,0.02,-0.09
2758699,27.00,0.17,-0.17,28.00,3.70,-0.38,27.00,-0.04,0.01
2758759,27.00,-0.12,-0.23,28.00,3.58,-0.20,27.00,0.04,-0.07
2758819,27.00,-0.02,-0.28,28.00,3.68,0.05,27.00,-0.08,0.02
2758880,27.00,-0.05,-0.28,28.00,3.89,-0.45,27.00,0.02,-0.06
2758940,27.00,-0.14,-0.22,28.00,3.74,0.00,27.00,-0.07,-0.05
2759000,27.00,0.05,-0.15,28.00,3.98,-0.07,27.00,-0.05,-0.10
2759060,27.00,0.01,-0.20,28.00,3.74,0.04,27.00,-0.10,-0.04
2759120,27.00,-0.14,-0.25,28.00,3.38,-0.02,27.00,-0.01,0.00
2759180,27.00,-0.15,-0.26,28.00,2.67,-0.20,27.00,0.02,-0.01
2759240,27.00,-0.01,-0.16,28.00,2.53,0.08,27.00,-0.08,-0.07
2759301,27.00,0.17,-0.15,28.00,1.90,-0.02,27.00,-0.01,-0.08
2759361,27.00,0.04,-0.10,28.00,1.44,0.22,27.00,0.05,-0.05
2759421,27.00,-0.18,-0.49,28.00,0.97,0.20,27.00,-0.08,-0.08
2759481,27.00,-0.05,-0.15,28.00,0.33,-0.19,27.00,-0.01,-0.04
2759541,27.00,-0.02,-0.22,28.00,-0.26,-0.19,27.00,-0.04,-0.07
2759601,27.00,0.05,-0.15,28.00,-0.86,-0.07,27.00,-0.08,-0.05
2759661,27.00,0.07,-0.29,28.00,-1.36,-0.31,27.00,0.02,-0.01
2759722,27.00,-0.01,-0.15,28.00,-1.74,-0.09,27.00,-0.02,-0.03
2759782,27.00,-0.01,-0.34,28.00,-2.45,-0.73,27.00,-0.02,-0.00
2759842,27.00,-0.10,-0.15,28.00,-2.88,-0.22,27.00,-0.02,-0.08
2759902,27.00,0.05,-0.17,28.00,-3.14,0.29,27.00,-0.04,-0.02
2759962,27.00,-0.01,-0.18,28.00,-3.49,-0.07,27.00,0.07,-0.02
2760022,27.00,-0.02,-0.07,28.00,-3.73,0.03,27.00,0.04,-0.12
2760082,27.00,-0.10,-0.05,28.00,-3.74,-0.22,27.00,0.07,-0.06
2760142,27.00,0.07,-0.18,28.00,-3.88,-0.31,27.00,-0.01,-0.05
2760203,27.00,0.07,-0.09,28.00,-3.98,-0.15,27.00,-0.05,-0.08
2760263,27.00,0.07,-0.11,28.00,-3.70,-0.82,27.00,0.04,-0.02
2760323,27.00,0.18,-0.08,28.00,-3.58,-0.23,27.00,0.02,-0.05
2760383,27.00,0.02,-0.16,28.00,-3.20,-0.96,27.00,-0.02,-0.09
2760443,27.00,-0.05,-0.18,28.00,-2.73,-0.25,27.00,0.04,-0.04
2760503,27.00,-0.04,-0.08,28.00,-2.13,-0.70,27.00,0.01,0.00
2760563,27.00,-0.10,-0.17,28.00,-1.69,-0.90,27.00,-0.04,-0.07
2760624,27.00,-0.15,-0.27,28.00,-1.21,-0.54,27.00,-0.01,-0.01
2760684,27.00,0.10,-0.21,28.00,-0.64,-0.67,27.00,0.02,-0.05
2760744,27.00,0.14,-0.33,28.00,-0.02,-0.58,27.00,-0.07,-0.05
2760804,27.00,0.11,-0.04,28.00,0.49,-0.23,27.00,-0.05,-0.07
2760864,27.00,-0.02,-0.09,28.00,0.73,0.32,27.00,-0.01,-0.07
2760924,27.00,0.05,-0.21,28.00,1.58,-0.03,27.00,-0.02,-0.07
2760984,27.00,0.05,-0.27,28.00,2.03,-0.56,27.00,-0.08,-0.03
2761044,27.00,0.04,-0.13,28.00,2.51,-0.49,27.00,-0.04,-0.03
2761105,27.00,0.02,-0.22,28.00,3.01,-0.21,27.00,-0.02,0.01
2761165,27.00,0.10,-0.17,28.00,3.36,-0.33,27.00,0.02,-0.04
2761225,27.00,0.01,0.04,28.00,3.47,0.40,27.00,0.08,0.00
2761285,27.00,0.11,-0.15,28.00,3.45,-0.22,27.00,0.01,-0.08
2761345,27.00,0.07,-0.20,28.00,3.77,-0.35,27.00,0.01,-0.14
2761405,27.00,-0.10,-0.11,28.00,3.83,-0.26,27.00,0.04,-0.07
2761465,27.00,0.07,-0.07,28.00,3.80,-0.15,27.00,0.01,-0.01
2761526,27.00,-0.01,-0.17,28.00,3.88,-0.64,27.00,-0.02,0.05
2761586,27.00,0.08,-0.07,28.00,3.44,0.41,27.00,0.05,-0.05
2761646,27.00,0.14,-0.23,28.00,2.81,0.25,27.00,0.01,-0.10
2761706,27.00,-0.01,-0.22,28.00,2.76,-0.02,27.00,-0.01,0.04
2761766,27.00,-0.14,-0.22,28.00,2.16,-0.03,27.00,0.02,0.00
2761826,27.00,-0.04,-0.28,28.00,1.55,0.15,27.00,-0.05,-0.01
2761886,27.00,0.04,-0.36,28.00,1.16,-0.19,27.00,0.07,0.02
2761946,27.00,-0.04,-0.20,28.00,0.75,-0.16,27.00,0.05,-0.05
2762007,27.00,0.01,-0.19,28.00,0.11,-0.38,27.00,-0.02,-0.11
2762067,27.00,0.04,-0.20,28.00,-0.33,-0.46,27.00,0.01,0.06
2762127,27.00,0.01,-0.26,28.00,-1.22,-0.03,27.00,-0.07,0.00
2762187,27.00,-0.02,-0.11,28.00,-1.79,-0.09,27.00,0.01,-0.04
2762247,27.00,-0.07,0.04,28.00,-2.42,-0.07,27.00,-0.02,-0.07
2762307,27.00,-0.02,-0.27,28.00,-2.41,-0.35,27.00,-0.08,-0.08
2762367,27.00,-0.02,-0.11,28.00,-3.08,0.24,27.00,-0.01,-0.07
2762428,27.00,-0.01,-0.31,28.00,-3.36,-0.29,27.00,-0.11,-0.09
2762488,27.00,0.01,-0.09,28.00,-3.86,-0.09,27.00,-0.04,-0.05
2762548,27.00,0.18,0.08,28.00,-3.95,-0.03,27.00,0.02,-0.11
2762608,27.00,-0.08,-0.24,28.00,-3.70,-0.70,27.00,0.01,0.00
2762668,27.00,-0.11,-0.20,28.00,-3.89,-0.29,27.00,0.01,0.02
2762728,27.00,-0.05,-0.13,28.00,-3.55,-0.68,27.00,-0.02,-0.09
2762788,27.00,-0.02,-0.17,28.00,-3.76,-0.91,27.00,0.04,0.06
2762848,27.00,0.02,-0.21,28.00,-3.05,-0.44,27.00,-0.04,0.00
2762909,27.00,0.04,-0.17,28.00,-3.03,-0.22,27.00,0.05,-0.03
2762969,27.00,-0.04,-0.35,28.00,-2.67,-0.33,27.00,-0.05,-0.07
2763029,27.00,-0.15,-0.18,28.00,-2.22,-0.14,27.00,-0.11,-0.05
2763089,27.00,-0.10,-0.20,28.00,-1.66,-0.41,27.00,0.01,-0.00
2763149,27.00,0.01,-0.15,28.00,-0.99,-0.01,27.00,-0.05,0.00
2763209,27.00,-0.01,-0.09,28.00,-0.45,-0.77,27.00,0.05,-0.07
2763269,27.00,-0.08,-0.01,28.00,0.08,-0.65,27.00,-0.04,-0.03
2763330,27.00,-0.02,-0.33,28.00,0.56,-0.15,27.00,-0.04,-0.04
2763390,27.00,0.07,-0.15,28.00,1.16,-0.08,27.00,-0.01,-0.10
2763450,27.00,0.17,-0.30,28.00,1.85,-0.28,27.00,0.05,-0.03
2763510,27.00,-0.23,0.00,28.00,2.18,-0.34,27.00,0.05,-0.02
2763570,27.00,-0.17,-0.38,28.00,2.81,-0.38,27.00,-0.01,-0.01
2763630,27.00,0.01,0.01,28.00,3.07,-0.26,27.00,-0.04,0.02
2763690,27.00,-0.02,-0.22,28.00,3.33,-0.15,27.00,-0.02,-0.06
2763750,27.00,0.07,-0.16,28.00,3.95,-0.16,27.00,-0.01,-0.02
2763811,27.00,0.08,-0.24,28.00,3.79,-0.15,27.00,-0.02,-0.05
2763871,27.00,-0.07,-0.13,28.00,3.80,0.29,27.00,-0.05,-0.06
2763931,27.00,0.02,-0.22,28.00,3.85,-0.29,27.00,0.10,-0.02
2763991,27.00,-0.07,-0.30,28.00,3.68,0.39,27.00,-0.02,-0.06
2764051,27.00,0.11,-0.25,28.00,3.54,-0.42,27.00,-0.07,-0.02
2764111,27.00,0.07,-0.12,28.00,3.29,0.55,27.00,0.05,-0.06
2764171,27.00,-0.04,-0.22,28.00,2.92,0.39,27.00,0.02,-0.02
2764232,27.00,-0.17,-0.38,28.00,2.31,-0.12,27.00,-0.07,-0.03
2764292,27.00,-0.02,-0.38,28.00,1.99,-0.23,27.00,-0.04,0.01
2764352,27.00,-0.04,-0.15,28.00,1.38,0.57,27.00,-0.08,-0.00
2764412,27.00,0.01,-0.20,28.00,0.51,0.47,27.00,-0.01,-0.04
2764472,27.00,0.08,-0.17,28.00,0.48,-0.00,27.00,0.01,0.01
2764532,27.00,0.12,-0.27,28.00,-0.33,-0.29,27.00,-0.05,-0.08
2764592,27.00,0.05,-0.44,28.00,-0.68,-0.09,27.00,-0.02,0.07
2764652,27.00,0.05,-0.22,28.00,-1.47,0.03,27.00,0.02,-0.01
2764713,27.00,-0.15,-0.15,28.00,-1.94,0.10,27.00,0.05,-0.13
2764773,27.00,0.11,-0.10,28.00,-2.23,-0.05,27.00,-0.02,0.00
2764833,27.00,-0.14,-0.35,28.00,-2.69,-0.27,27.00,-0.01,0.00
2764893,27.00,-0.01,-0.23,28.00,-3.29,-0.09,27.00,-0.04,-0.14
2764953,27.00,0.07,-0.30,28.00,-3.44,-0.12,27.00,-0.05,-0.01
2765013,27.00,0.11,-0.25,28.00,-3.68,-0.48,27.00,0.04,-0.04
2765073,27.00,-0.10,-0.09,28.00,-3.92,0.03,27.00,-0.04,-0.10
2765134,27.00,-0.01,-0.15,28.00,-3.71,0.09,27.00,-0.01,-0.00
2765194,27.00,0.04,-0.25,28.00,-3.92,-0.10,27.00,0.02,-0.02
2765254,27.00,-0.11,-0.23,28.00,-3.52,-0.19,27.00,-0.10,-0.08
2765314,27.00,0.21,-0.08,28.00,-3.55,0.32,27.00,-0.01,-0.11
2765374,27.00,-0.01,-0.39,28.00,-3.25,-0.24,27.00,-0.01,-0.09
2765434,27.00,-0.10,-0.17,28.00,-2.79,-0.46,27.00,0.04,-0.00
2765494,27.00,-0.11,-0.25,28.00,-2.60,-0.18,27.00,-0.02,-0.07
2765554,27.00,-0.05,-0.07,28.00,-1.82,-0.44,27.00,-0.02,-0.04
2765615,27.00,-0.11,-0.22,28.00,-1.25,-0.37,27.00,-0.08,-0.00
2765675,27.00,0.02,-0.26,28.00,-0.80,-0.67,27.00,-0.04,0.02
2765735,27.00,-0.14,-0.28,28.00,-0.12,-0.61,27.00,-0.01,-0.03
2765795,27.00,0.10,-0.29,28.00,0.27,-0.58,27.00,-0.08,0.02
2765855,27.00,0.05,-0.12,28.00,1.12,-0.63,27.00,-0.08,-0.04
2765915,27.00,-0.08,-0.21,28.00,1.33,-0.16,27.00,0.02,0.01
2765975,27.00,-0.10,-0.15,28.00,1.93,0.29,27.00,0.02,-0.00
2766036,27.00,0.07,-0.33,28.00,2.29,0.31,27.00,0.04,-0.03
2766096,27.00,0.12,-0.22,28.00,3.07,-0.11,27.00,0.02,-0.06
2766156,27.00,-0.05,-0.22,28.00,3.51,0.22,27.00,-0.14,-0.09
2766216,27.00,-0.01,-0.15,28.00,3.29,-0.11,27.00,-0.02,0.00
2766276,27.00,0.11,-0.15,28.00,3.86,-0.44,27.00,0.02,0.02
2766336,27.00,-0.07,-0.15,28.00,3.76,-0.01,27.00,0.02,-0.00
2766396,27.00,-0.17,-0.29,28.00,3.99,0.04,27.00,0.02,-0.01
2766457,27.00,-0.17,-0.35,28.00,3.89,0.29,27.00,-0.07,-0.03
2766517,27.00,0.07,-0.37,28.00,3.41,0.52,27.00,0.01,-0.08
2766577,27.00,-0.15,-0.27,28.00,3.45,0.44,27.00,0.02,0.00
2766637,27.00,-0.20,-0.28,28.00,2.78,-0.07,27.00,-0.01,-0.01
2766697,27.00,0.02,-0.21,28.00,2.95,0.22,27.00,-0.10,-0.10
2766757,27.00,0.02,-0.27,28.00,2.16,0.03,27.00,0.02,-0.01
2766817,27.00,0.15,-0.12,28.00,1.69,0.04,27.00,-0.01,-0.00
2766877,27.00,-0.05,-0.24,28.00,1.47,0.19,27.00,-0.02,-0.05
2766938,27.00,-0.05,-0.16,28.00,0.51,0.49,27.00,-0.05,-0.02
2766998,27.00,0.05,-0.09,28.00,0.11,-0.06,27.00,0.02,-0.06
2767058,27.00,0.07,-0.14,28.00,-0.58,-0.19,27.00,-0.01,-0.04
2767118,27.00,0.02,-0.27,28.00,-0.84,-0.46,27.00,-0.05,-0.08
2767178,27.00,-0.15,-0.26,28.00,-1.38,-0.58,27.00,-0.01,-0.08
2767238,27.00,-0.18,-0.01,28.00,-2.15,-0.15,27.00,0.02,-0.09
2767298,27.00,-0.18,-0.58,28.00,-2.54,-0.07,27.00,-0.04,-0.06
2767359,27.00,0.05,-0.20,28.00,-2.63,-0.34,27.00,-0.01,0.00
2767419,27.00,0.01,-0.15,28.00,-3.36,-0.30,27.00,-0.01,-0.04
2767479,27.00,-0.10,-0.21,28.00,-3.39,-0.14,27.00,-0.02,-0.04
2767539,27.00,-0.07,-0.38,28.00,-3.60,-0.53,27.00,0.01,-0.14
2767599,27.00,0.05,-0.15,28.00,-3.71,-0.28,27.00,-0.07,-0.07
2767659,27.00,-0.02,-0.23,28.00,-3.76,-0.19,27.00,-0.01,0.02
2767719,27.00,-0.14,-0.21,28.00,-3.51,-0.29,27.00,-0.01,0.00
2767779,27.00,0.12,-0.02,28.00,-3.48,-0.36,27.00,0.08,-0.10
2767840,27.00,-0.02,-0.31,28.00,-3.23,-0.52,27.00,0.01,0.00
2767900,27.00,0.04,-0.29,28.00,-3.08,-0.30,27.00,-0.01,0.02
2767960,27.00,0.02,-0.23,28.00,-2.78,-0.38,27.00,-0.01,-0.04
2768020,27.00,-0.20,-0.27,28.00,-2.47,-0.46,27.00,-0.02,-0.05
2768080,27.00,0.02,-0.24,28.00,-1.65,-0.46,27.00,0.01,-0.02
2768140,27.00,-0.08,-0.04,28.00,-1.18,-0.46,27.00,0.07,-0.08
2768200,27.00,-0.07,-0.32,28.00,-0.55,-0.30,27.00,-0.02,-0.00
2768261,27.00,-0.02,-0.20,28.00,0.11,-0.51,27.00,-0.01,0.01
2768321,27.00,0.15,-0.15,28.00,0.48,-0.06,27.00,-0.04,-0.02
2768381,27.00,-0.04,-0.39,28.00,1.05,0.04,27.00,-0.02,0.01
2768441,27.00,-0.05,-0.25,28.00,1.74,-0.06,27.00,-0.07,-0.01
2768501,27.00,-0.08,-0.18,28.00,2.38,-0.15,27.00,-0.04,-0.01
2768561,27.00,0.07,-0.10,28.00,2.60,0.08,27.00,0.02,0.02
2768621,27.00,0.05,-0.23,28.00,3.03,-0.38,27.00,0.01,-0.06
2768681,27.00,0.07,-0.16,28.00,3.41,-0.25,27.00,-0.05,-0.02
2768742,27.00,0.08,0.15,28.00,3.52,-0.19,27.00,-0.01,0.00
2768802,27.00,-0.08,-0.15,28.00,3.85,-0.29,27.00,0.02,-0.02
2768862,27.00,-0.08,-0.36,28.00,3.96,-0.50,27.00,-0.01,-0.03
2768922,27.00,-0.05,-0.20,28.00,3.98,-0.11,27.00,-0.01,-0.05
2768982,27.00,-0.02,-0.15,28.00,3.74,-0.11,27.00,-0.04,-0.03
2769042,27.00,0.08,-0.24,28.00,3.64,-0.29,27.00,-0.02,-0.06
2769102,27.00,-0.02,-0.15,28.00,3.16,-0.46,27.00,0.05,-0.03
2769163,27.00,-0.11,-0.17,28.00,3.04,0.22,27.00,-0.05,-0.05
2769223,27.00,0.02,-0.22,28.00,2.56,0.11,27.00,0.05,0.04
2769283,27.00,-0.14,-0.26,28.00,2.15,0.02,27.00,0.01,-0.07
2769343,27.00,0.20,-0.16,28.00,1.69,-0.41,27.00,0.02,-0.02
2769403,27.00,-0.02,-0.22,28.00,0.93,0.05,27.00,0.04,-0.07
2769463,27.00,0.04,-0.06,28.00,0.45,0.22,27.00,-0.04,-0.07
2769523,27.00,-0.11,-0.21,28.00,-0.23,-0.42,27.00,0.04,-0.02
2769583,27.00,0.07,-0.14,28.00,-0.89,0.31,27.00,-0.07,-0.08
2769644,27.00,-0.04,-0.22,28.00,-1.24,-0.15,27.00,0.02,0.00
2769704,27.00,0.01,0.09,28.00,-1.82,-0.23,27.00,0.01,-0.07
2769764,27.00,0.08,-0.12,28.00,-2.60,-0.15,27.00,-0.01,-0.07
2769824,27.00,-0.08,-0.28,28.00,-2.86,-0.09,27.00,0.05,0.01
2769884,27.00,-0.02,-0.16,28.00,-3.11,-0.17,27.00,-0.04,-0.07
2769944,27.00,-0.08,-0.28,28.00,-3.32,-0.30,27.00,-0.02,-0.02
2770004,27.00,-0.05,-0.13,28.00,-3.77,-0.50,27.00,-0.04,-0.07
2770065,27.00,0.04,-0.22,28.00,-4.14,-0.36,27.00,0.02,0.05
2770125,27.00,-0.01,-0.26,28.00,-4.01,-0.26,27.00,-0.04,-0.10
2770185,27.00,-0.04,-0.23,28.00,-3.68,-0.23,27.00,-0.02,-0.04
2770245,27.00,0.08,-0.06,28.00,-3.88,-0.61,27.00,0.01,-0.02
2770305,27.00,0.04,-0.16,28.00,-3.44,-0.12,27.00,-0.01,0.03
2770365,27.00,0.04,-0.20,28.00,-3.13,-0.52,27.00,-0.05,-0.07
2770425,27.00,-0.04,-0.27,28.00,-2.72,-0.73,27.00,0.07,-0.07
2770485,27.00,-0.07,-0.21,28.00,-2.47,-0.47,27.00,-0.02,-0.09
2770546,27.00,0.10,-0.29,28.00,-2.07,-0.47,27.00,-0.05,-0.00
2770606,27.00,-0.04,-0.16,28.00,-1.47,-0.79,27.00,0.02,-0.01
2770666,27.00,0.02,-0.13,28.00,-0.97,-0.87,27.00,-0.02,-0.07
2770726,27.00,-0.02,-0.22,28.00,-0.36,-0.72,27.00,0.02,-0.07
2770786,27.00,0.10,-0.13,28.00,0.11,-0.32,27.00,-0.10,-0.07
2770846,27.00,-0.10,-0.26,28.00,0.78,-0.28,27.00,-0.01,0.00
2770906,27.00,-0.05,-0.22,28.00,1.37,-0.09,27.00,0.07,-0.06
2770967,27.00,0.04,-0.24,28.00,1.72,0.05,27.00,-0.02,-0.03
2771027,27.00,0.01,-0.18,28.00,2.48,-0.08,27.00,-0.04,-0.11
2771087,27.00,-0.01,-0.22,28.00,3.03,-0.14,27.00,0.01,-0.07
2771147,27.00,-0.10,-0.11,28.00,3.04,0.24,27.00,-0.01,-0.03
2771207,27.00,-0.04,-0.36,28.00,3.42,0.09,27.00,-0.02,-0.04
2771267,27.00,0.08,-0.20,28.00,3.47,-0.03,27.00,0.08,-0.07
2771327,27.00,0.10,-0.03,28.00,3.85,-0.07,27.00,0.02,-0.05
2771387,27.00,-0.17,-0.07,28.00,4.08,-0.25,27.00,0.05,0.06
2771448,27.00,-0.12,-0.30,28.00,3.92,0.04,27.00,-0.04,-0.06
2771508,27.00,0.05,-0.20,28.00,3.83,0.40,27.00,0.01,0.00
2771568,27.00,0.02,-0.16,28.00,3.51,0.03,27.00,-0.01,-0.04
2771628,27.00,-0.02,-0.27,28.00,2.94,0.36,27.00,0.01,-0.03
2771688,27.00,0.02,-0.36,28.00,2.56,0.18,27.00,-0.04,-0.05
2771748,27.00,0.05,-0.08,28.00,2.29,0.66,27.00,0.04,-0.02
2771808,27.00,0.11,-0.21,28.00,2.03,-0.43,27.00,0.07,-0.03
2771869,27.00,0.07,-0.08,28.00,1.28,-0.15,27.00,-0.02,-0.03
2771929,27.00,0.04,-0.10,28.00,0.87,-0.35,27.00,-0.04,-0.07
2771989,27.00,-0.07,-0.30,28.00,0.32,0.07,27.00,0.02,0.03
2772049,27.00,-0.07,-0.18,28.00,-0.01,-0.48,27.00,-0.02,-0.06
2772109,27.00,0.17,-0.15,28.00,-0.96,0.23,27.00,0.04,-0.04
2772169,27.00,0.05,-0.22,28.00,-1.71,0.29,27.00,-0.05,-0.00
2772229,27.00,-0.12,-0.25,28.00,-2.19,0.37,27.00,0.02,-0.06
2772290,27.00,-0.02,-0.33,28.00,-2.59,0.05,27.00,0.07,-0.02
2772350,27.00,-0.04,-0.17,28.00,-3.14,0.17,27.00,0.01,-0.15
2772410,27.00,-0.02,-0.20,28.00,-3.05,-0.32,27.00,0.01,-0.02
2772470,27.00,-0.15,-0.08,28.00,-3.51,-0.49,27.00,-0.01,0.00
2772530,27.00,0.14,-0.12,28.00,-3.60,-0.25,27.00,-0.02,-0.10
2772590,27.00,0.11,-0.27,28.00,-4.01,-0.07,27.00,-0.08,-0.11
2772650,27.00,-0.11,-0.22,28.00,-3.95,-0.29,27.00,-0.01,0.01
2772710,27.00,-0.02,-0.20,28.00,-3.71,-0.52,27.00,0.07,-0.01
2772771,27.00,-0.02,-0.23,28.00,-3.98,-0.44,27.00,0.02,-0.15
2772831,27.00,0.10,-0.19,28.00,-3.47,-0.19,27.00,-0.05,-0.07
2772891,27.00,0.02,-0.21,28.00,-3.32,-0.49,27.00,0.07,-0.01
2772951,27.00,-0.01,-0.22,28.00,-2.60,-0.60,27.00,0.01,-0.02
2773011,27.00,0.11,-0.14,28.00,-2.41,-0.25,27.00,0.02,-0.05
2773071,27.00,-0.20,-0.20,28.00,-1.59,-0.97,27.00,-0.01,-0.08
2773131,27.00,-0.17,-0.24,28.00,-1.31,-0.57,27.00,-0.04,0.01
2773192,27.00,0.01,-0.21,28.00,-0.51,-0.53,27.00,0.01,0.00
2773252,27.00,-0.02,-0.18,28.00,-0.15,-0.30,27.00,-0.02,-0.02
2773312,27.00,0.01,-0.23,28.00,0.62,-0.19,27.00,-0.04,-0.06
2773372,27.00,0.12,-0.05,28.00,0.97,-0.09,27.00,-0.02,-0.07
2773432,27.00,0.11,-0.31,28.00,1.66,0.00,27.00,-0.04,-0.00
2773492,27.00,-0.07,-0.18,28.00,1.94,-0.13,27.00,-0.01,-0.07
2773552,27.00,-0.10,-0.17,28.00,2.64,-0.34,27.00,0.07,-0.05
2773612,27.00,-0.08,-0.19,28.00,2.88,0.39,27.00,-0.02,-0.06
2773673,27.00,-0.24,-0.15,28.00,3.33,-0.06,27.00,0.05,-0.01
2773733,27.00,0.15,-0.11,28.00,3.66,0.09,27.00,0.04,-0.06
2773793,27.00,-0.01,-0.25,28.00,4.12,-0.23,27.00,0.02,-0.06
2773853,27.00,0.20,-0.18,28.00,3.99,0.34,27.00,0.02,-0.01
2773913,27.00,0.04,-0.14,28.00,4.08,0.07,27.00,-0.01,0.01
2773973,27.00,-0.12,-0.15,28.00,3.60,0.44,27.00,0.01,-0.02
2774033,27.00,0.04,-0.33,28.00,3.42,0.22,27.00,-0.01,0.03
2774094,27.00,-0.10,-0.22,28.00,3.39,-0.42,27.00,-0.02,-0.07
2774154,27.00,-0.07,-0.08,28.00,3.19,0.13,27.00,-0.04,-0.07
2774214,27.00,0.07,-0.11,28.00,2.72,0.21,27.00,-0.04,-0.05
2774274,27.00,0.12,-0.06,28.00,2.07,0.07,27.00,-0.01,-0.05
2774334,27.00,-0.07,-0.11,28.00,1.49,-0.08,27.00,-0.02,0.01
2774394,27.00,-0.07,-0.21,28.00,1.06,-0.15,27.00,0.04,0.06
2774454,27.00,-0.08,-0.07,28.00,0.51,-0.06,27.00,0.02,-0.06
2774514,27.00,0.02,-0.11,28.00,-0.12,-0.32,27.00,-0.07,-0.07
2774575,27.00,-0.10,-0.23,28.00,-0.59,-0.05,27.00,-0.02,-0.04
2774635,27.00,-0.07,-0.15,28.00,-1.15,0.21,27.00,0.01,-0.07
2774695,27.00,0.04,-0.18,28.00,-1.62,0.21,27.00,0.02,0.00
2774755,27.00,0.01,-0.15,28.00,-2.12,-0.28,27.00,0.01,-0.03
2774815,27.00,-0.05,-0.44,28.00,-2.63,-0.20,27.00,0.01,0.05
2774875,27.00,0.20,-0.15,28.00,-3.19,-0.20,27.00,0.02,-0.05
2774935,27.00,-0.12,-0.20,28.00,-3.23,-0.11,27.00,0.01,-0.09
2774996,27.00,0.12,-0.20,28.00,-3.44,-0.52,27.00,-0.05,-0.02
2775056,27.00,0.02,-0.07,28.00,-3.66,-0.33,27.00,-0.01,0.07
2775116,27.00,-0.17,-0.19,28.00,-4.08,-0.16,27.00,-0.07,-0.00
2775176,27.00,-0.02,-0.03,28.00,-3.98,0.11,27.00,-0.05,0.01
2775236,27.00,-0.01,-0.14,28.00,-3.85,-0.19,27.00,-0.01,-0.09
2775296,27.00,-0.08,-0.22,28.00,-3.83,-0.15,27.00,-0.01,0.01
2775356,27.00,-0.07,-0.18,28.00,-3.13,-0.32,27.00,-0.05,-0.06
2775416,27.00,-0.17,-0.21,28.00,-3.11,-0.04,27.00,-0.01,-0.03
2775477,27.00,0.14,-0.21,28.00,-2.54,-0.76,27.00,0.01,-0.01
2775537,27.00,-0.05,-0.19,28.00,-1.85,-0.78,27.00,-0.05,-0.04
2775597,27.00,-0.07,-0.36,28.00,-1.59,-0.60,27.00,-0.04,-0.02
2775657,27.00,-0.01,-0.19,28.00,-0.86,-0.72,27.00,-0.01,0.03
2775717,27.00,-0.05,-0.18,28.00,-0.49,-0.80,27.00,-0.01,0.01
2775777,27.00,-0.11,-0.28,28.00,0.08,-0.71,27.00,-0.04,0.01
2775837,27.00,-0.12,-0.14,28.00,0.77,-0.24,27.00,0.07,-0.06
2775898,27.00,0.01,-0.15,28.00,1.30,-0.23,27.00,0.04,-0.05
2775958,27.00,0.24,-0.15,28.00,1.85,-0.27,27.00,-0.02,-0.05
2776018,27.00,-0.11,-0.21,28.00,2.23,-0.07,27.00,-0.02,-0.08
2776078,27.00,-0.01,-0.13,28.00,3.00,0.12,27.00,0.04,-0.00
2776138,27.00,0.01,-0.15,28.00,3.27,-0.41,27.00,-0.02,0.03
2776198,27.00,-0.04,-0.19,28.00,3.47,-0.05,27.00,0.05,-0.10
2776258,27.00,-0.23,-0.12,28.00,3.61,-0.29,27.00,0.04,-0.02
2776318,27.00,0.10,0.03,28.00,3.98,-0.15,27.00,0.01,0.00
2776379,27.00,0.04,-0.23,28.00,4.02,-0.23,27.00,0.01,-0.03
2776439,27.00,0.05,-0.11,28.00,4.11,0.38,27.00,-0.05,-0.04
2776499,27.00,-0.04,-0.05,28.00,3.54,0.23,27.00,-0.05,0.02
2776559,27.00,0.02,-0.13,28.00,3.38,-0.00,27.00,-0.02,-0.05
2776619,27.00,-0.01,-0.25,28.00,3.26,-0.22,27.00,-0.05,-0.03
2776679,27.00,-0.04,-0.08,28.00,3.03,-0.23,27.00,-0.05,0.01
2776739,27.00,-0.15,-0.09,28.00,2.70,-0.15,27.00,-0.05,-0.07
2776800,27.00,0.12,-0.20,28.00,2.38,0.11,27.00,-0.01,-0.10
2776860,27.00,0.01,-0.16,28.00,1.44,0.41,27.00,0.02,-0.06
2776920,27.00,0.02,-0.20,28.00,1.00,1.02,27.00,0.01,-0.07
2776980,27.00,-0.08,-0.21,28.00,0.17,-0.15,27.00,-0.04,-0.04
2777040,27.00,-0.11,-0.24,28.00,-0.46,0.07,27.00,0.02,-0.00
2777100,27.00,-0.12,-0.22,28.00,-0.80,-0.05,27.00,0.05,-0.00
2777160,27.00,-0.07,-0.22,28.00,-1.37,-0.20,27.00,0.02,-0.01
2777220,27.00,-0.08,-0.17,28.00,-1.88,-0.51,27.00,-0.01,-0.01
2777281,27.00,-0.05,-0.21,28.00,-2.44,-0.58,27.00,0.02,-0.00
2777341,27.00,0.05,-0.06,28.00,-2.76,-0.55,27.00,-0.02,-0.09
2777401,27.00,-0.05,-0.26,28.00,-3.30,-0.22,27.00,-0.01,0.02
2777461,27.00,0.01,-0.14,28.00,-3.41,-0.08,27.00,0.01,-0.05
2777521,27.00,-0.02,-0.08,28.00,-3.95,-0.20,27.00,-0.02,-0.05
2777581,27.00,-0.11,-0.13,28.00,-3.85,-0.25,27.00,-0.11,-0.11
2777641,27.00,-0.02,-0.22,28.00,-3.73,-0.58,27.00,0.04,-0.05
2777702,27.00,0.02,-0.18,28.00,-3.83,-0.05,27.00,0.11,-0.07
2777762,27.00,-0.01,-0.15,28.00,-3.44,-0.23,27.00,-0.05,-0.01
2777822,27.00,0.02,-0.22,28.00,-3.63,-0.49,27.00,-0.10,-0.07
2777882,27.00,-0.10,-0.15,28.00,-3.04,-0.72,27.00,0.01,0.03
2777942,27.00,-0.01,-0.27,28.00,-2.73,-0.15,27.00,0.05,0.00
2778002,27.00,-0.08,-0.34,28.00,-2.03,-0.33,27.00,0.01,-0.08
2778062,27.00,-0.07,-0.07,28.00,-1.63,-0.39,27.00,0.02,0.06
2778122,27.00,0.15,-0.11,28.00,-1.15,-0.36,27.00,-0.04,-0.13
2778183,27.00,-0.04,0.00,28.00,-0.75,-1.04,27.00,-0.04,-0.03
2778243,27.00,0.17,-0.07,28.00,-0.01,-0.73,27.00,-0.02,0.05
2778303,27.00,0.01,-0.04,28.00,0.39,-0.52,27.00,0.01,-0.07
2778363,27.00,-0.02,-0.27,28.00,0.78,-0.15,27.00,0.02,-0.05
2778423,27.00,0.12,-0.07,28.00,1.50,-0.14,27.00,0.04,-0.10
2778483,27.00,-0.04,-0.18,28.00,2.32,-0.36,27.00,-0.04,-0.02
2778543,27.00,-0.02,-0.26,28.00,2.62,-0.41,27.00,-0.02,-0.04
2778604,27.00,0.05,-0.07,28.00,3.04,0.12,27.00,-0.02,-0.07
2778664,27.00,-0.01,-0.06,28.00,3.20,-0.26,27.00,-0.01,-0.03
2778724,27.00,-0.11,-0.01,28.00,3.58,0.01,27.00,0.01,-0.04
2778784,27.00,0.07,-0.21,28.00,3.57,-0.06,27.00,0.02,0.03
2778844,27.00,0.11,-0.18,28.00,3.88,-0.29,27.00,0.05,-0.07
2778904,27.00,-0.10,-0.32,28.00,3.99,0.05,27.00,-0.04,-0.03
2778964,27.00,-0.14,-0.31,28.00,3.68,0.23,27.00,-0.02,-0.01
2779025,27.00,-0.02,-0.23,28.00,3.83,-0.07,27.00,-0.01,-0.06
2779085,27.00,-0.01,-0.09,28.00,2.98,0.33,27.00,-0.04,-0.00
2779145,27.00,0.05,-0.33,28.00,2.95,0.00,27.00,-0.02,-0.04
2779205,27.00,-0.04,-0.13,28.00,2.64,-0.25,27.00,0.02,-0.02
2779265,27.00,-0.02,-0.11,28.00,2.28,-0.27,27.00,-0.02,-0.05
2779325,27.00,-0.15,-0.16,28.00,1.96,0.29,27.00,-0.02,-0.02
2779385,27.00,-0.07,-0.10,28.00,1.16,-0.04,27.00,-0.02,-0.01
2779445,27.00,0.15,-0.40,28.00,0.68,0.33,27.00,-0.08,-0.07
2779506,27.00,-0.12,-0.18,28.00,0.04,-0.22,27.00,0.02,0.02
2779566,27.00,-0.02,-0.22,28.00,-0.62,-0.15,27.00,0.04,-0.00
2779626,27.00,0.02,-0.23,28.00,-1.02,-0.81,27.00,0.01,-0.04
2779686,27.00,-0.01,-0.36,28.00,-1.50,-0.58,27.00,-0.02,0.03
2779746,27.00,0.05,-0.07,28.00,-2.07,-0.21,27.00,-0.05,-0.06
2779806,27.00,0.20,-0.14,28.00,-2.73,-0.20,27.00,0.01,-0.07
2779866,27.00,-0.05,-0.02,28.00,-3.08,-0.35,27.00,0.02,-0.08
2779927,27.00,0.04,-0.13,28.00,-3.20,-0.51,27.00,-0.04,0.01
2779987,27.00,0.04,-0.10,28.00,-3.29,-0.35,27.00,-0.02,-0.06
2780047,27.00,0.08,-0.11,28.00,-3.95,0.21,27.00,0.01,-0.04
2780107,27.00,-0.10,-0.26,28.00,-3.58,-0.36,27.00,-0.02,-0.09
2780167,27.00,-0.08,-0.25,28.00,-3.90,-0.15,27.00,-0.04,-0.12
2780227,27.00,0.02,-0.27,28.00,-3.63,-0.65,27.00,-0.05,-0.09
2780287,27.00,0.07,-0.08,28.00,-3.45,-0.69,27.00,0.02,-0.04
2780347,27.00,-0.11,-0.22,28.00,-3.14,-0.86,27.00,-0.01,-0.02
2780408,27.00,0.26,-0.30,28.00,-2.86,-0.69,27.00,-0.01,-0.02
2780468,27.00,0.01,-0.17,28.00,-2.72,-0.08,27.00,0.02,0.00
2780528,27.00,-0.14,-0.14,28.00,-2.04,-0.30,27.00,-0.04,-0.05
2780588,27.00,-0.14,-0.09,28.00,-1.60,-0.47,27.00,-0.02,-0.07
2780648,27.00,0.10,-0.22,28.00,-1.05,-0.20,27.00,-0.02,-0.03
2780708,27.00,0.14,-0.35,28.00,-0.34,-0.54,27.00,-0.01,-0.01
2780768,27.00,-0.10,-0.08,28.00,0.01,-0.44,27.00,-0.02,-0.02
2780829,27.00,0.07,-0.12,28.00,0.55,-0.53,27.00,-0.01,-0.04
2780889,27.00,-0.10,-0.23,28.00,1.08,-0.05,27.00,-0.01,-0.08
2780949,27.00,0.08,-0.20,28.00,1.78,-0.42,27.00,-0.04,-0.03
2781009,27.00,-0.05,-0.14,28.00,2.26,-0.56,27.00,-0.02,-0.03
2781069,27.00,0.17,-0.11,28.00,2.92,-0.54,27.00,-0.04,-0.07
2781129,27.00,0.05,-0.29,28.00,2.92,0.07,27.00,0.02,-0.03
2781189,27.00,0.15,-0.20,28.00,3.29,-0.76,27.00,0.04,0.00
2781249,27.00,0.01,-0.22,28.00,3.74,-0.10,27.00,-0.05,-0.00
2781310,27.00,-0.12,0.02,28.00,3.96,0.04,27.00,-0.04,0.06
2781370,27.00,0.08,-0.19,28.00,3.92,0.14,27.00,-0.02,-0.05
2781430,27.00,-0.02,-0.09,28.00,3.68,-0.02,27.00,-0.04,-0.06
2781490,27.00,0.17,-0.15,28.00,3.36,-0.33,27.00,0.04,-0.07
2781550,27.00,-0.02,-0.22,28.00,3.30,0.13,27.00,-0.01,-0.00
2781610,27.00,-0.07,-0.20,28.00,3.07,0.42,27.00,0.07,-0.07
2781670,27.00,-0.07,-0.17,28.00,2.70,0.11,27.00,-0.01,-0.01
2781731,27.00,0.07,-0.15,28.00,2.50,-0.03,27.00,-0.07,0.00
2781791,27.00,-0.04,-0.22,28.00,1.99,-0.49,27.00,-0.05,0.02
2781851,27.00,-0.10,0.01,28.00,1.55,0.31,27.00,-0.07,-0.07
2781911,27.00,0.11,-0.31,28.00,0.81,0.17,27.00,0.01,0.00
2781971,27.00,-0.01,-0.23,28.00,0.59,0.29,27.00,0.01,-0.01
2782031,27.00,0.02,-0.15,28.00,-0.18,-0.21,27.00,-0.04,-0.03
2782091,27.00,0.01,-0.30,28.00,-0.62,-0.22,27.00,-0.02,0.01
2782151,27.00,-0.01,-0.12,28.00,-1.40,-0.27,27.00,0.01,-0.05
2782212,27.00,-0.08,-0.22,28.00,-1.71,0.35,27.00,-0.04,-0.08
2782272,27.00,0.11,-0.36,28.00,-2.37,0.13,27.00,-0.01,0.00
2782332,27.00,0.10,-0.09,28.00,-2.91,-0.22,27.00,-0.05,-0.09
2782392,27.00,0.01,-0.14,28.00,-3.05,-0.10,27.00,-0.05,0.01
2782452,27.00,-0.05,-0.10,28.00,-3.38,0.10,27.00,-0.04,-0.05
2782512,27.00,-0.08,-0.13,28.00,-3.71,0.13,27.00,-0.02,-0.04
2782572,27.00,-0.17,-0.22,28.00,-3.95,0.12,27.00,-0.01,-0.06
2782633,27.00,-0.07,-0.39,28.00,-4.36,0.13,27.00,-0.07,0.02
2782693,27.00,-0.02,0.00,28.00,-3.76,-0.40,27.00,0.02,-0.08
2782753,27.00,0.07,-0.11,28.00,-3.88,-0.50,27.00,-0.04,-0.03
2782813,27.00,-0.11,-0.14,28.00,-3.67,-0.00,27.00,-0.04,0.03
2782873,27.00,0.04,-0.19,28.00,-3.13,0.05,27.00,0.04,-0.00
2782933,27.00,-0.04,-0.12,28.00,-2.82,-0.76,27.00,-0.04,-0.03
2782993,27.00,-0.07,-0.26,28.00,-2.37,-0.33,27.00,-0.04,-0.01
2783053,27.00,0.05,-0.15,28.00,-2.29,0.00,27.00,-0.04,0.06
2783114,27.00,-0.01,-0.10,28.00,-1.37,-0.55,27.00,-0.04,-0.07
2783174,27.00,0.23,-0.02,28.00,-0.83,-0.84,27.00,-0.01,-0.03
2783234,27.00,0.17,-0.17,28.00,-0.18,-0.66,27.00,0.01,-0.04
2783294,27.00,-0.07,-0.32,28.00,0.20,-0.08,27.00,0.02,-0.03
2783354,27.00,-0.07,-0.20,28.00,1.24,-0.22,27.00,-0.02,0.01
2783414,27.00,0.05,-0.18,28.00,1.49,0.10,27.00,-0.01,-0.07
2783474,27.00,-0.23,-0.27,28.00,1.96,-0.09,27.00,0.02,0.04
2783535,27.00,0.10,-0.15,28.00,2.21,-0.23,27.00,-0.07,-0.05
2783595,27.00,-0.11,0.05,28.00,2.91,-0.32,27.00,-0.05,-0.05
2783655,27.00,0.10,-0.41,28.00,3.07,0.26,27.00,0.01,-0.04
2783715,27.00,-0.04,-0.20,28.00,3.32,0.09,27.00,0.01,-0.05
2783775,27.00,-0.07,-0.11,28.00,3.90,-0.05,27.00,-0.02,-0.02
2783835,27.00,-0.15,-0.21,28.00,4.12,0.08,27.00,-0.05,-0.05
2783895,27.00,-0.04,-0.37,28.00,3.80,-0.04,27.00,0.02,-0.07
2783955,27.00,0.07,-0.22,28.00,3.92,0.35,27.00,0.05,-0.01
2784016,27.00,-0.02,-0.29,28.00,3.48,0.21,27.00,0.04,-0.09
2784076,27.00,-0.10,-0.29,28.00,3.30,-0.21,27.00,-0.02,0.02
2784136,27.00,-0.18,-0.36,28.00,3.07,-0.09,27.00,-0.02,-0.04
2784196,27.00,0.05,-0.22,28.00,2.67,0.58,27.00,-0.01,0.02
2784256,27.00,0.07,-0.15,28.00,2.25,0.23,27.00,-0.07,-0.00
2784316,27.00,0.11,-0.21,28.00,1.82,0.06,27.00,-0.04,-0.02
2784376,27.00,0.23,-0.21,28.00,1.31,0.18,27.00,-0.01,-0.09
2784437,27.00,0.02,-0.25,28.00,0.64,-0.17,27.00,-0.02,-0.02
2784497,27.00,0.10,-0.19,28.00,0.01,-0.03,27.00,-0.04,-0.07
2784557,27.00,0.11,-0.24,28.00,-0.45,-0.37,27.00,0.04,-0.08
2784617,27.00,0.05,-0.27,28.00,-0.77,0.24,27.00,0.05,-0.00
2784677,27.00,-0.15,-0.19,28.00,-1.34,-0.34,27.00,0.05,-0.06
2784737,27.00,-0.10,-0.35,28.00,-1.94,-0.58,27.00,0.02,-0.03
2784797,27.00,-0.20,-0.27,28.00,-2.47,0.12,27.00,0.05,-0.02
2784858,27.00,-0.02,-0.23,28.00,-2.94,-0.27,27.00,0.02,0.03
2784918,27.00,-0.12,-0.19,28.00,-3.49,-0.89,27.00,0.02,-0.07
2784978,27.00,-0.05,-0.25,28.00,-3.70,-0.57,27.00,-0.02,-0.08
2785038,27.00,-0.08,-0.23,28.00,-3.41,-0.19,27.00,-0.04,-0.07
2785098,27.00,0.12,-0.26,28.00,-3.90,-0.42,27.00,0.02,-0.03
2785158,27.00,0.01,-0.23,28.00,-3.61,-0.44,27.00,-0.07,-0.04
2785218,27.00,0.08,-0.31,28.00,-3.67,-0.01,27.00,-0.04,-0.01
2785278,27.00,-0.02,-0.21,28.00,-3.55,-0.39,27.00,-0.04,-0.06
2785339,27.00,-0.23,-0.31,28.00,-3.22,-0.65,27.00,0.01,-0.04
2785399,27.00,0.08,-0.02,28.00,-3.23,-0.50,27.00,-0.01,-0.05
2785459,27.00,-0.14,-0.23,28.00,-2.54,-0.22,27.00,0.02,-0.00
2785519,27.00,0.05,-0.00,28.00,-2.25,-0.46,27.00,0.04,0.05
2785579,27.00,-0.14,-0.46,28.00,-1.71,-0.09,27.00,0.08,-0.02
2785639,27.00,0.20,-0.16,28.00,-1.12,-0.18,27.00,-0.01,0.00
2785699,27.00,0.17,-0.19,28.00,-0.56,-0.52,27.00,0.05,0.01
2785760,27.00,-0.04,-0.22,28.00,-0.04,-0.58,27.00,-0.01,-0.04
2785820,27.00,-0.12,-0.18,28.00,0.55,-0.07,27.00,0.01,0.03
2785880,27.00,-0.05,-0.19,28.00,1.14,-0.81,27.00,-0.01,-0.02
2785940,27.00,-0.01,-0.26,28.00,1.72,-0.11,27.00,0.01,-0.05
2786000,27.00,-0.07,-0.17,28.00,2.06,-0.00,27.00,-0.07,0.01
2786060,27.00,0.10,-0.23,28.00,2.54,-0.29,27.00,-0.08,-0.06
2786120,27.00,-0.02,-0.41,28.00,3.05,-0.32,27.00,-0.02,-0.02
2786180,27.00,0.07,-0.22,28.00,3.41,-0.27,27.00,0.07,-0.14
2786241,27.00,0.01,-0.32,28.00,3.33,-0.40,27.00,-0.02,-0.07
2786301,27.00,0.11,-0.15,28.00,3.92,-0.09,27.00,-0.07,-0.03
2786361,27.00,-0.10,-0.15,28.00,3.64,-0.44,27.00,-0.04,0.03
2786421,27.00,0.11,-0.20,28.00,3.80,-0.39,27.00,-0.01,-0.02
2786481,27.00,0.01,-0.29,28.00,3.82,-0.44,27.00,-0.10,-0.14
2786541,27.00,-0.07,-0.18,28.00,3.71,-0.22,27.00,-0.02,-0.03
2786601,27.00,0.11,-0.01,28.00,3.26,-0.22,27.00,-0.05,-0.08
2786662,27.00,0.10,-0.24,28.00,3.25,-0.00,27.00,-0.04,0.00
2786722,27.00,0.07,-0.19,28.00,2.70,-0.10,27.00,-0.01,0.03
2786782,27.00,0.10,-0.38,28.00,2.31,0.40,27.00,-0.01,-0.05
2786842,27.00,-0.05,-0.22,28.00,1.66,0.05,27.00,0.01,-0.00
2786902,27.00,-0.02,-0.06,28.00,1.08,0.15,27.00,-0.02,0.03
2786962,27.00,-0.10,-0.25,28.00,0.51,0.56,27.00,-0.02,-0.06
2787022,27.00,0.20,-0.17,28.00,-0.18,-0.19,27.00,0.01,-0.10
2787082,27.00,-0.07,-0.29,28.00,-0.84,-0.15,27.00,-0.05,-0.07
2787143,27.00,0.14,-0.05,28.00,-1.22,-0.24,27.00,0.01,-0.04
2787203,27.00,0.08,-0.15,28.00,-1.72,-0.15,27.00,-0.04,-0.05
2787263,27.00,-0.12,-0.30,28.00,-2.45,-0.51,27.00,0.01,-0.02
2787323,27.00,0.01,-0.14,28.00,-2.69,0.07,27.00,-0.02,-0.08
2787383,27.00,-0.01,-0.15,28.00,-3.30,-0.51,27.00,0.02,0.00
2787443,27.00,-0.14,-0.31,28.00,-3.22,-0.37,27.00,-0.05,0.01
2787503,27.00,-0.12,-0.22,28.00,-3.68,-0.13,27.00,0.02,-0.08
2787564,27.00,-0.14,-0.25,28.00,-3.79,-0.52,27.00,0.05,-0.07
2787624,27.00,-0.05,-0.15,28.00,-3.83,-0.63,27.00,0.04,-0.12
2787684,27.00,-0.05,-0.01,28.00,-3.88,-0.38,27.00,0.02,-0.03
2787744,27.00,0.08,-0.07,28.00,-3.61,-0.61,27.00,-0.08,-0.08
2787804,27.00,0.07,-0.08,28.00,-3.33,-0.18,27.00,0.02,-0.00
2787864,27.00,0.14,-0.19,28.00,-3.03,-0.16,27.00,-0.01,-0.03
2787924,27.00,0.07,-0.13,28.00,-2.81,-0.51,27.00,0.01,-0.00
2787984,27.00,-0.15,-0.26,28.00,-2.35,-0.06,27.00,0.01,-0.05
2788045,27.00,-0.05,-0.37,28.00,-1.79,-0.49,27.00,-0.02,-0.00
2788105,27.00,0.08,-0.32,28.00,-1.44,-0.95,27.00,-0.02,-0.10
2788165,27.00,-0.05,-0.19,28.00,-0.84,-1.14,27.00,-0.04,-0.04
2788225,27.00,0.10,-0.18,28.00,-0.33,-0.29,27.00,-0.01,-0.00
2788285,27.00,-0.05,-0.15,28.00,0.29,-0.48,27.00,-0.04,-0.08
2788345,27.00,-0.12,-0.10,28.00,0.65,-0.17,27.00,-0.05,-0.05
2788405,27.00,-0.02,-0.12,28.00,1.58,0.14,27.00,-0.01,-0.07
2788466,27.00,0.14,-0.17,28.00,2.00,-0.09,27.00,0.01,0.03
2788526,27.00,0.12,-0.14,28.00,2.51,0.01,27.00,-0.01,0.01
2788586,27.00,-0.10,-0.27,28.00,2.84,-0.37,27.00,0.05,-0.01
2788646,27.00,0.02,-0.20,28.00,3.17,0.01,27.00,-0.05,-0.01
2788706,27.00,-0.02,-0.07,28.00,3.47,-0.19,27.00,-0.02,0.00
2788766,27.00,0.05,-0.30,28.00,3.73,-0.29,27.00,0.02,-0.02
2788826,27.00,-0.08,-0.24,28.00,4.07,-0.49,27.00,0.01,-0.09
2788886,27.00,-0.05,-0.28,28.00,3.92,0.17,27.00,-0.04,-0.05
2788947,27.00,-0.08,-0.25,28.00,3.92,0.07,27.00,-0.02,0.00
2789007,27.00,0.14,-0.12,28.00,3.70,-0.11,27.00,-0.11,-0.06
2789067,27.00,-0.08,-0.25,28.00,3.68,0.05,27.00,0.02,-0.06
2789127,27.00,0.05,-0.14,28.00,3.08,0.52,27.00,-0.02,-0.09
2789187,27.00,0.07,-0.10,28.00,2.88,-0.30,27.00,0.10,-0.03
2789247,27.00,-0.02,-0.18,28.00,2.28,0.07,27.00,0.05,-0.01
2789307,27.00,-0.10,-0.12,28.00,1.82,-0.11,27.00,-0.02,-0.01
2789368,27.00,0.04,-0.44,28.00,1.24,0.15,27.00,-0.01,-0.05
2789428,27.00,0.07,-0.28,28.00,0.92,-0.36,27.00,0.04,-0.01
2789488,27.00,-0.05,-0.17,28.00,0.18,0.35,27.00,0.04,-0.03
2789548,27.00,-0.11,-0.25,28.00,-0.27,-0.37,27.00,-0.04,-0.06
2789608,27.00,0.08,-0.22,28.00,-0.96,-0.15,27.00,-0.05,-0.01
2789668,27.00,-0.05,-0.31,28.00,-1.55,-0.27,27.00,0.04,-0.06
2789728,27.00,0.05,-0.02,28.00,-2.13,-0.23,27.00,0.04,-0.01
2789789,27.00,-0.08,-0.15,28.00,-2.41,-0.72,27.00,-0.04,-0.01
2789849,27.00,-0.07,-0.04,28.00,-2.86,-0.36,27.00,0.08,-0.07
2789909,27.00,0.02,-0.22,28.00,-3.42,-0.05,27.00,0.01,-0.04
2789969,27.00,-0.05,-0.32,28.00,-3.55,-0.20,27.00,0.05,-0.07
2790029,27.00,-0.08,-0.14,28.00,-4.07,0.10,27.00,-0.01,-0.10
2790089,27.00,0.01,-0.07,28.00,-3.82,-0.14,27.00,-0.02,-0.03
2790149,27.00,-0.17,-0.21,28.00,-4.23,-0.21,27.00,0.01,-0.02
2790209,27.00,0.02,-0.07,28.00,-3.74,-1.10,27.00,-0.04,-0.03
2790270,27.00,-0.08,-0.19,28.00,-3.95,-0.54,27.00,-0.04,-0.01
2790330,27.00,0.04,-0.27,28.00,-3.44,-0.26,27.00,-0.01,-0.02
2790390,27.00,-0.11,-0.30,28.00,-3.26,-0.87,27.00,0.01,-0.02
2790450,27.00,-0.04,-0.20,28.00,-2.64,-0.93,27.00,-0.04,-0.12
2790510,27.00,0.07,-0.11,28.00,-2.48,-0.84,27.00,-0.04,-0.03
2790570,27.00,0.05,-0.20,28.00,-1.84,-1.24,27.00,0.01,-0.07
2790630,27.00,-0.12,-0.19,28.00,-1.16,-0.44,27.00,0.02,0.01
2790691,27.00,0.02,-0.09,28.00,-0.73,-0.88,27.00,0.01,-0.06
2790751,27.00,0.12,-0.16,28.00,-0.01,-0.65,27.00,-0.10,-0.01
2790811,27.00,0.20,-0.15,28.00,0.42,-0.32,27.00,-0.04,0.01
2790871,27.00,0.05,-0.04,28.00,1.06,-0.09,27.00,-0.05,-0.06
2790931,27.00,-0.05,-0.23,28.00,1.58,0.04,27.00,-0.05,-0.06
2790991,27.00,-0.10,-0.25,28.00,1.93,-0.48,27.00,-0.02,0.01
2791051,27.00,-0.07,-0.14,28.00,2.37,0.11,27.00,-0.01,0.04
2791111,27.00,0.02,-0.18,28.00,2.88,-0.28,27.00,-0.04,-0.02
2791172,27.00,0.11,-0.24,28.00,3.32,-0.12,27.00,-0.08,0.02
2791232,27.00,-0.05,-0.27,28.00,3.63,0.13,27.00,0.02,0.02
2791292,27.00,0.20,-0.08,28.00,3.76,0.31,27.00,-0.01,0.00
2791352,27.00,-0.04,-0.24,28.00,3.74,0.40,27.00,0.02,0.03
2791412,27.00,-0.07,-0.14,28.00,4.26,-0.20,27.00,0.01,-0.07
2791472,27.00,0.10,-0.22,28.00,3.83,0.19,27.00,-0.04,-0.10
2791532,27.00,0.01,-0.08,28.00,3.54,-0.30,27.00,-0.04,-0.08
2791593,27.00,-0.07,-0.14,28.00,3.49,0.25,27.00,0.01,-0.07
2791653,27.00,0.01,-0.10,28.00,2.88,-0.13,27.00,0.02,-0.00
2791713,27.00,-0.07,-0.25,28.00,2.64,-0.14,27.00,0.11,-0.00
2791773,27.00,0.07,-0.12,28.00,2.15,-0.51,27.00,0.05,-0.06
2791833,27.00,-0.10,-0.05,28.00,1.77,-0.41,27.00,0.02,-0.04
2791893,27.00,0.02,-0.16,28.00,1.25,-0.07,27.00,-0.02,-0.08
2791953,27.00,0.01,-0.19,28.00,0.48,-0.36,27.00,0.08,-0.00
2792013,27.00,-0.14,-0.09,28.00,-0.02,-0.37,27.00,0.02,-0.07
2792074,27.00,0.04,-0.13,28.00,-0.51,-0.01,27.00,0.04,-0.00
2792134,27.00,-0.02,-0.23,28.00,-1.25,0.22,27.00,0.05,-0.04
2792194,27.00,0.07,-0.27,28.00,-1.72,-0.23,27.00,-0.08,-0.07
2792254,27.00,0.07,-0.18,28.00,-2.21,-0.27,27.00,-0.04,-0.06
2792314,27.00,0.05,-0.08,28.00,-2.63,-0.05,27.00,-0.05,-0.06
2792374,27.00,0.08,-0.32,28.00,-3.25,0.07,27.00,0.08,-0.11
2792434,27.00,-0.07,-0.28,28.00,-3.25,-0.20,27.00,-0.04,-0.00
2792495,27.00,-0.10,-0.29,28.00,-3.52,-0.29,27.00,-0.04,-0.02
2792555,27.00,0.11,-0.27,28.00,-3.74,-0.02,27.00,-0.02,-0.01
2792615,27.00,0.02,0.02,28.00,-3.95,0.35,27.00,-0.04,-0.04
2792675,27.00,-0.11,-0.17,28.00,-4.15,-0.30,27.00,-0.02,0.05
2792735,27.00,0.07,-0.05,28.00,-3.66,-0.35,27.00,0.08,0.00
2792795,27.00,0.17,-0.10,28.00,-3.66,-0.15,27.00,-0.02,0.02
2792855,27.00,0.08,-0.12,28.00,-3.32,-0.06,27.00,0.01,-0.02
2792915,27.00,0.04,-0.13,28.00,-2.91,-0.29,27.00,-0.05,0.00
2792976,27.00,-0.07,-0.22,28.00,-2.67,-0.60,27.00,0.05,-0.00
2793036,27.00,-0.11,-0.22,28.00,-1.84,-0.56,27.00,0.02,-0.07
2793096,27.00,-0.23,-0.35,28.00,-1.63,-0.73,27.00,-0.05,-0.01
2793156,27.00,-0.01,-0.31,28.00,-0.95,-0.44,27.00,-0.07,-0.02
2793216,27.00,0.05,-0.14,28.00,-0.61,-0.58,27.00,0.02,-0.07
2793276,27.00,-0.04,-0.25,28.00,-0.07,-0.37,27.00,-0.11,-0.01
2793336,27.00,-0.10,-0.23,28.00,0.75,-0.50,27.00,0.01,-0.04
2793397,27.00,-0.02,-0.27,28.00,1.12,0.15,27.00,0.01,-0.06
2793457,27.00,-0.05,-0.25,28.00,1.63,-0.30,27.00,0.04,0.05
2793517,27.00,-0.02,-0.32,28.00,2.31,-0.54,27.00,0.01,-0.02
2793577,27.00,-0.01,-0.15,28.00,2.98,0.06,27.00,0.01,-0.00
2793637,27.00,-0.05,-0.15,28.00,3.14,0.22,27.00,-0.01,-0.00
2793697,27.00,0.02,-0.45,28.00,3.42,0.30,27.00,-0.02,0.03
2793757,27.00,-0.08,-0.29,28.00,3.89,0.06,27.00,-0.04,-0.07
2793817,27.00,-0.05,-0.22,28.00,3.71,0.13,27.00,-0.01,-0.01
2793878,27.00,-0.07,-0.22,28.00,3.88,0.08,27.00,0.01,-0.11
2793938,27.00,0.18,-0.08,28.00,3.70,0.42,27.00,0.04,0.02
2793998,27.00,-0.08,-0.26,28.00,3.63,-0.04,27.00,-0.01,-0.05
2794058,27.00,0.04,0.01,28.00,3.61,0.19,27.00,-0.01,0.00
2794118,27.00,0.02,-0.22,28.00,3.16,0.09,27.00,0.02,-0.00
2794178,27.00,-0.12,-0.24,28.00,2.75,0.30,27.00,-0.01,-0.04
2794238,27.00,0.02,-0.42,28.00,2.63,0.31,27.00,-0.04,-0.05
2794299,27.00,0.08,-0.22,28.00,2.10,0.23,27.00,-0.04,-0.18
2794359,27.00,-0.02,-0.05,28.00,1.27,0.40,27.00,-0.07,-0.07
2794419,27.00,0.14,-0.18,28.00,0.67,0.37,27.00,-0.10,-0.01
2794479,27.00,0.05,-0.29,28.00,0.33,-0.12,27.00,0.01,-0.11
2794539,27.00,0.02,-0.29,28.00,-0.23,-0.15,27.00,-0.05,-0.06
2794599,27.00,-0.07,-0.15,28.00,-0.99,0.33,27.00,-0.04,-0.04
2794659,27.00,-0.01,-0.25,28.00,-1.52,-0.04,27.00,-0.04,-0.01
2794719,27.00,-0.04,-0.10,28.00,-1.88,-0.69,27.00,0.01,-0.09
2794780,27.00,0.04,-0.29,28.00,-2.50,-0.40,27.00,0.01,-0.02
2794840,27.00,0.04,-0.19,28.00,-2.98,-0.32,27.00,-0.02,-0.02
2794900,27.00,0.07,-0.20,28.00,-3.26,-0.48,27.00,-0.04,-0.07
2794960,27.00,-0.08,-0.08,28.00,-3.57,-0.35,27.00,-0.05,-0.02
2795020,27.00,-0.02,-0.26,28.00,-3.60,-0.18,27.00,-0.02,-0.07
2795080,27.00,0.02,-0.26,28.00,-3.85,0.07,27.00,0.04,0.05
2795140,27.00,-0.10,-0.01,28.00,-3.76,-0.31,27.00,-0.01,-0.06
2795201,27.00,0.10,-0.18,28.00,-3.77,-0.15,27.00,-0.01,-0.12
2795261,27.00,-0.01,-0.18,28.00,-3.60,-0.16,27.00,-0.05,-0.00
2795321,27.00,-0.14,-0.22,28.00,-3.44,-0.67,27.00,0.01,0.03
2795381,27.00,0.05,-0.17,28.00,-3.35,-0.76,27.00,-0.05,-0.02
2795441,27.00,-0.15,-0.25,28.00,-2.82,-0.12,27.00,0.02,0.00
2795501,27.00,-0.02,0.06,28.00,-2.31,-0.63,27.00,0.05,0.05
2795561,27.00,0.04,-0.27,28.00,-1.71,-0.45,27.00,0.02,0.00
2795621,27.00,0.15,-0.15,28.00,-1.53,-0.45,27.00,-0.04,-0.05
2795682,27.00,-0.01,-0.22,28.00,-0.87,-0.37,27.00,-0.02,-0.02
2795742,27.00,0.07,-0.01,28.00,-0.14,-1.04,27.00,-0.02,-0.04
2795802,27.00,0.05,-0.32,28.00,0.52,-0.49,27.00,0.01,0.00
2795862,27.00,-0.07,-0.29,28.00,0.68,-0.95,27.00,0.02,0.01
2795922,27.00,0.05,-0.16,28.00,1.60,-0.01,27.00,-0.01,0.00
2795982,27.00,0.01,-0.49,28.00,2.19,0.24,27.00,-0.02,-0.05
2796042,27.00,-0.01,-0.12,28.00,2.67,-0.51,27.00,-0.01,-0.02
2796103,27.00,-0.10,-0.22,28.00,3.07,0.05,27.00,-0.04,-0.06
2796163,27.00,-0.02,-0.27,28.00,3.19,0.10,27.00,-0.05,-0.01
2796223,27.00,-0.08,-0.17,28.00,3.29,-0.17,27.00,-0.05,-0.04
2796283,27.00,0.05,-0.37,28.00,3.60,-0.20,27.00,0.02,-0.07
2796343,27.00,-0.02,-0.20,28.00,3.85,0.14,27.00,0.01,-0.03
2796403,27.00,0.05,-0.24,28.00,3.83,-0.09,27.00,-0.01,-0.01
2796463,27.00,0.10,-0.48,28.00,3.70,0.26,27.00,-0.08,-0.04
2796524,27.00,0.02,-0.20,28.00,3.73,-0.13,27.00,0.04,-0.09
2796584,27.00,-0.04,-0.29,28.00,3.47,0.24,27.00,-0.05,-0.01
2796644,27.00,0.02,-0.12,28.00,3.13,0.04,27.00,0.01,-0.01
2796704,27.00,-0.04,-0.25,28.00,2.94,-0.15,27.00,0.05,-0.03
2796764,27.00,0.20,-0.17,28.00,2.13,0.18,27.00,-0.04,0.02
2796824,27.00,-0.12,-0.07,28.00,1.81,0.29,27.00,-0.01,-0.06
2796884,27.00,-0.18,-0.09,28.00,1.43,0.02,27.00,-0.02,-0.00
2796944,27.00,-0.14,-0.36,28.00,0.65,0.31,27.00,-0.01,0.01
2797005,27.00,0.01,-0.08,28.00,0.17,-0.02,27.00,0.01,-0.01
2797065,27.00,-0.08,-0.22,28.00,-0.73,-0.06,27.00,0.04,-0.03
2797125,27.00,-0.08,-0.23,28.00,-1.08,-0.75,27.00,0.02,-0.06
2797185,27.00,0.08,-0.15,28.00,-1.56,-0.11,27.00,-0.02,0.04
2797245,27.00,-0.07,-0.18,28.00,-2.25,-0.51,27.00,-0.02,-0.01
2797305,27.00,-0.07,-0.30,28.00,-2.63,-0.28,27.00,-0.04,0.04
2797365,27.00,-0.08,-0.16,28.00,-2.94,-0.35,27.00,-0.04,0.07
2797426,27.00,-0.12,-0.22,28.00,-3.44,0.02,27.00,0.02,-0.05
2797486,27.00,0.02,-0.28,28.00,-3.68,-0.24,27.00,0.01,-0.05
2797546,27.00,0.10,-0.36,28.00,-3.82,-0.15,27.00,-0.02,-0.03
2797606,27.00,0.10,-0.20,28.00,-3.95,-0.17,27.00,0.04,0.02
2797666,27.00,-0.08,-0.12,28.00,-4.12,0.21,27.00,-0.01,-0.10
2797726,27.00,-0.02,-0.18,28.00,-3.71,-0.53,27.00,0.02,-0.06
2797786,27.00,-0.11,-0.08,28.00,-3.64,-0.27,27.00,0.01,-0.03
2797846,27.00,0.05,-0.19,28.00,-3.16,0.06,27.00,-0.01,-0.02
2797907,27.00,0.08,-0.18,28.00,-3.04,-0.64,27.00,-0.08,-0.00
2797967,27.00,0.04,-0.16,28.00,-2.91,-0.38,27.00,0.01,-0.02
2798027,27.00,-0.01,-0.13,28.00,-2.06,-0.69,27.00,-0.02,-0.02
2798087,27.00,0.04,-0.17,28.00,-1.79,-0.87,27.00,0.02,0.05
2798147,27.00,-0.07,-0.32,28.00,-1.09,-0.75,27.00,0.02,-0.03
2798207,27.00,-0.07,-0.22,28.00,-0.42,-0.70,27.00,-0.05,0.04
2798267,27.00,0.01,-0.15,28.00,0.01,-0.25,27.00,0.01,-0.07
2798328,27.00,0.23,-0.08,28.00,0.58,-0.51,27.00,0.02,-0.08
2798388,27.00,0.02,-0.07,28.00,1.06,-0.16,27.00,-0.07,-0.01
2798448,27.00,0.20,-0.23,28.00,1.88,-0.27,27.00,0.04,0.01
2798508,27.00,-0.05,-0.18,28.00,2.32,-0.01,27.00,0.01,-0.05
2798568,27.00,-0.07,-0.25,28.00,2.69,-0.16,27.00,-0.07,0.04
2798628,27.00,0.01,-0.07,28.00,3.00,0.11,27.00,0.01,-0.04
2798688,27.00,-0.12,-0.21,28.00,3.25,0.03,27.00,-0.02,-0.06
2798748,27.00,-0.08,-0.19,28.00,3.36,0.00,27.00,-0.04,0.06
2798809,27.00,0.08,-0.22,28.00,3.90,-0.10,27.00,-0.08,-0.06
2798869,27.00,-0.12,-0.34,28.00,3.90,0.08,27.00,-0.04,-0.05
2798929,27.00,-0.04,-0.21,28.00,3.85,0.07,27.00,0.01,0.00
2798989,27.00,0.12,-0.22,28.00,3.92,-0.23,27.00,-0.01,-0.06
2799049,27.00,0.14,-0.09,28.00,3.47,0.11,27.00,0.01,-0.09
2799109,27.00,0.02,-0.21,28.00,3.11,-0.26,27.00,0.02,-0.07
2799169,27.00,-0.07,-0.12,28.00,2.84,-0.25,27.00,0.04,0.06
2799230,27.00,0.02,-0.22,28.00,2.51,0.36,27.00,-0.05,-0.05
2799290,27.00,0.02,-0.21,28.00,2.09,-0.15,27.00,-0.01,-0.02
2799350,27.00,-0.01,-0.14,28.00,1.60,0.19,27.00,0.02,0.07
2799410,27.00,-0.04,-0.12,28.00,0.84,-0.01,27.00,0.02,-0.00
2799470,27.00,-0.02,-0.30,28.00,0.36,-0.23,27.00,-0.04,-0.04
2799530,27.00,0.02,-0.15,28.00,-0.17,-0.07,27.00,0.04,-0.12
2799590,27.00,0.04,-0.32,28.00,-0.71,-0.28,27.00,0.05,-0.03
2799650,27.00,0.04,-0.22,28.00,-1.33,-0.35,27.00,-0.02,-0.11
2799711,27.00,-0.07,-0.21,28.00,-1.63,-0.22,27.00,-0.02,0.00
2799771,27.00,0.20,-0.29,28.00,-2.63,0.93,27.00,-0.01,-0.01
2799831,27.00,-0.08,-0.28,28.00,-3.05,-0.33,27.00,-0.04,-0.04
2799891,27.00,0.11,-0.10,28.00,-3.11,0.14,27.00,-0.05,-0.06
2799951,27.00,0.05,-0.25,28.00,-3.68,0.10,27.00,0.01,0.06
2800011,27.00,0.04,-0.44,28.00,-3.61,-0.05,27.00,-0.01,-0.09
2800071,27.00,0.12,-0.12,28.00,-3.95,-0.15,27.00,-0.04,0.01
2800132,27.00,0.12,-0.13,28.00,-4.01,-0.34,27.00,0.02,-0.07
2800192,27.00,-0.02,-0.26,28.00,-3.82,-0.25,27.00,-0.08,-0.00
2800252,27.00,0.20,-0.09,28.00,-3.61,-0.70,27.00,0.02,-0.02
2800312,27.00,0.02,-0.17,28.00,-3.39,-0.39,27.00,-0.07,0.01
2800372,27.00,0.02,-0.07,28.00,-3.47,0.15,27.00,-0.02,-0.07
2800432,27.00,0.01,-0.22,28.00,-3.08,-0.87,27.00,-0.08,-0.03
2800492,27.00,-0.01,-0.24,28.00,-2.26,-0.55,27.00,-0.02,-0.02
2800552,27.00,-0.02,-0.22,28.00,-1.96,-0.31,27.00,-0.05,-0.04
2800613,27.00,0.07,-0.24,28.00,-1.34,-0.53,27.00,-0.01,-0.05
2800673,27.00,0.01,-0.36,28.00,-0.92,-0.93,27.00,-0.11,-0.04
2800733,27.00,-0.17,-0.27,28.00,-0.26,-0.71,27.00,0.02,-0.02
2800793,27.00,-0.01,-0.15,28.00,0.29,-0.20,27.00,0.01,-0.11
2800853,27.00,-0.15,-0.21,28.00,0.90,-0.42,27.00,0.05,0.05
2800913,27.00,-0.11,-0.22,28.00,1.33,-0.17,27.00,-0.01,-0.02
2800973,27.00,0.05,-0.24,28.00,1.93,-0.35,27.00,-0.07,0.00
2801034,27.00,-0.01,-0.17,28.00,2.41,-0.43,27.00,0.01,-0.05
2801094,27.00,-0.02,-0.13,28.00,2.81,-0.31,27.00,0.02,0.01
2801154,27.00,-0.10,-0.14,28.00,3.13,-0.36,27.00,-0.04,0.01
2801214,27.00,-0.14,-0.22,28.00,3.33,0.02,27.00,-0.01,0.00
2801274,27.00,0.15,-0.05,28.00,3.85,-0.05,27.00,-0.01,0.03
2801334,27.00,0.10,-0.19,28.00,3.63,0.02,27.00,0.02,-0.07
2801394,27.00,0.04,-0.22,28.00,3.86,-0.35,27.00,0.10,0.01
2801455,27.00,-0.02,-0.07,28.00,3.68,0.29,27.00,-0.07,-0.01
2801515,27.00,-0.11,-0.31,28.00,3.63,-0.31,27.00,-0.01,-0.07
2801575,27.00,-0.04,0.01,28.00,3.68,-0.19,27.00,-0.02,-0.07
2801635,27.00,-0.02,-0.26,28.00,3.39,-0.38,27.00,-0.02,-0.03
2801695,27.00,-0.12,-0.25,28.00,2.56,0.15,27.00,0.01,0.03
2801755,27.00,-0.11,-0.22,28.00,2.50,0.08,27.00,0.01,-0.01
2801815,27.00,0.08,-0.43,28.00,1.78,-0.19,27.00,0.05,-0.04
2801875,27.00,-0.12,-0.18,28.00,1.19,0.14,27.00,-0.01,-0.03
2801936,27.00,0.17,-0.20,28.00,0.59,-0.20,27.00,-0.04,-0.03
2801996,27.00,0.07,-0.17,28.00,0.04,-0.34,27.00,-0.05,0.01
2802056,27.00,-0.04,-0.17,28.00,-0.39,-0.36,27.00,-0.04,-0.02
2802116,27.00,-0.05,-0.27,28.00,-1.19,0.03,27.00,-0.01,0.07
2802176,27.00,-0.07,-0.18,28.00,-1.43,-0.52,27.00,-0.04,-0.04
2802236,27.00,-0.10,-0.23,28.00,-1.97,-0.24,27.00,0.02,0.05
2802296,27.00,0.01,-0.26,28.00,-2.41,-0.11,27.00,-0.02,-0.06
2802357,27.00,-0.07,-0.28,28.00,-3.13,0.22,27.00,0.05,-0.01
2802417,27.00,-0.05,-0.26,28.00,-3.35,-0.07,27.00,-0.04,-0.00
2802477,27.00,0.01,-0.45,28.00,-3.64,-0.52,27.00,-0.01,-0.08
2802537,27.00,-0.01,-0.22,28.00,-3.73,-0.48,27.00,-0.08,-0.14
2802597,27.00,0.05,-0.26,28.00,-3.77,-0.18,27.00,-0.10,-0.00
2802657,27.00,0.05,-0.33,28.00,-3.93,-0.60,27.00,-0.08,-0.05
2802717,27.00,0.01,-0.07,28.00,-3.93,-0.31,27.00,-0.04,-0.01
2802777,27.00,-0.11,-0.16,28.00,-3.73,-0.00,27.00,0.04,-0.03
2802838,27.00,0.05,-0.13,28.00,-3.32,-0.35,27.00,-0.02,0.14
2802898,27.00,0.05,-0.20,28.00,-2.98,-0.20,27.00,0.04,-0.04
2802958,27.00,-0.07,-0.17,28.00,-2.66,-0.08,27.00,0.04,0.05
2803018,27.00,0.02,-0.22,28.00,-2.51,-0.31,27.00,0.01,0.01
2803078,27.00,0.01,-0.22,28.00,-1.93,-0.44,27.00,0.07,-0.05
2803138,27.00,-0.01,-0.09,28.00,-1.03,-0.54,27.00,-0.02,0.01
2803198,27.00,0.05,-0.09,28.00,-0.65,-0.73,27.00,-0.02,-0.02
2803259,27.00,-0.12,-0.31,28.00,-0.18,-0.73,27.00,0.01,-0.05
2803319,27.00,-0.07,-0.14,28.00,0.40,-0.12,27.00,-0.02,-0.06
2803379,27.00,-0.02,-0.26,28.00,1.16,-0.29,27.00,0.01,-0.03
2803439,27.00,-0.14,-0.29,28.00,1.81,-0.04,27.00,-0.04,0.00
2803499,27.00,0.05,-0.22,28.00,2.19,0.00,27.00,-0.07,-0.06
2803559,27.00,0.02,-0.09,28.00,2.63,-0.05,27.00,0.02,-0.06
2803619,27.00,0.10,-0.17,28.00,3.04,0.21,27.00,-0.02,-0.02
2803679,27.00,-0.08,-0.16,28.00,3.52,-0.13,27.00,-0.01,-0.05
2803740,27.00,-0.10,-0.13,28.00,3.88,-0.11,27.00,0.01,0.11
2803800,27.00,-0.01,-0.37,28.00,3.88,-0.08,27.00,-0.02,-0.03
2803860,27.00,-0.12,-0.18,28.00,3.79,0.22,27.00,0.10,-0.03
2803920,27.00,0.05,-0.16,28.00,3.82,-0.09,27.00,0.02,-0.04
2803980,27.00,-0.04,-0.20,28.00,3.74,-0.04,27.00,-0.01,0.11
2804040,27.00,-0.08,-0.17,28.00,3.70,0.02,27.00,-0.01,0.01
2804100,27.00,0.04,-0.18,28.00,3.35,-0.08,27.00,-0.05,-0.05
2804161,27.00,0.02,-0.29,28.00,2.95,-0.21,27.00,0.02,-0.03
2804221,27.00,-0.12,-0.21,28.00,2.51,0.51,27.00,-0.04,-0.06
2804281,27.00,-0.01,-0.08,28.00,1.99,0.58,27.00,-0.05,-0.06
2804341,27.00,0.01,-0.22,28.00,1.66,-0.11,27.00,-0.05,-0.06
2804401,27.00,-0.17,-0.15,28.00,0.86,0.59,27.00,-0.04,-0.06
2804461,27.00,0.01,-0.16,28.00,0.49,-0.06,27.00,-0.08,-0.05
2804521,27.00,0.07,-0.18,28.00,-0.11,0.04,27.00,0.02,-0.08
2804581,27.00,-0.08,-0.25,28.00,-0.77,-0.10,27.00,-0.05,-0.07
2804642,27.00,0.07,-0.18,28.00,-1.34,0.43,27.00,-0.01,-0.07
2804702,27.00,0.14,-0.28,28.00,-1.79,0.06,27.00,-0.04,-0.01
2804762,27.00,-0.01,-0.08,28.00,-2.41,-0.60,27.00,-0.04,-0.01
2804822,27.00,-0.04,-0.14,28.00,-2.64,-0.18,27.00,-0.07,0.07
2804882,27.00,-0.10,-0.22,28.00,-2.97,-0.47,27.00,-0.02,-0.05
2804942,27.00,-0.07,-0.21,28.00,-3.27,-0.07,27.00,-0.04,0.00
2805002,27.00,-0.04,-0.11,28.00,-3.71,-0.16,27.00,0.04,-0.11
2805063,27.00,-0.07,0.03,28.00,-3.88,-0.38,27.00,-0.01,-0.07
2805123,27.00,0.10,-0.17,28.00,-3.60,-0.44,27.00,-0.02,-0.04
2805183,27.00,0.02,-0.15,28.00,-3.88,0.11,27.00,-0.08,-0.07
2805243,27.00,-0.11,-0.30,28.00,-3.52,-0.24,27.00,-0.01,0.05
2805303,27.00,-0.04,-0.22,28.00,-3.61,-0.29,27.00,-0.01,-0.12
2805363,27.00,-0.08,-0.26,28.00,-3.36,-0.36,27.00,0.08,-0.04
2805423,27.00,-0.15,-0.18,28.00,-2.76,-0.66,27.00,-0.04,0.01
2805483,27.00,-0.01,-0.22,28.00,-2.41,-0.34,27.00,0.04,-0.11
2805544,27.00,-0.17,-0.16,28.00,-1.71,-0.83,27.00,0.01,-0.01
2805604,27.00,0.02,-0.21,28.00,-1.31,-0.33,27.00,0.01,-0.02
2805664,27.00,0.07,-0.07,28.00,-0.78,-0.97,27.00,-0.01,-0.12
2805724,27.00,0.05,0.00,28.00,-0.37,-0.73,27.00,0.04,-0.00
2805784,27.00,0.01,-0.24,28.00,0.33,-0.58,27.00,0.04,-0.01
2805844,27.00,-0.07,-0.17,28.00,0.73,-0.22,27.00,-0.01,-0.06
2805904,27.00,0.04,-0.23,28.00,1.41,-0.22,27.00,0.02,0.01
2805965,27.00,-0.20,-0.34,28.00,1.93,0.03,27.00,-0.01,-0.03
2806025,27.00,0.07,-0.22,28.00,2.45,0.40,27.00,-0.05,-0.05
2806085,27.00,-0.04,-0.23,28.00,3.10,-0.27,27.00,-0.04,-0.07
2806145,27.00,-0.18,-0.33,28.00,3.41,0.26,27.00,-0.01,0.02
2806205,27.00,-0.02,-0.33,28.00,3.39,0.29,27.00,-0.01,-0.01
2806265,27.00,0.02,-0.25,28.00,3.74,-0.30,27.00,0.02,-0.03
2806325,27.00,-0.05,-0.20,28.00,3.77,-0.57,27.00,-0.04,-0.05
2806385,27.00,0.02,-0.26,28.00,3.82,-0.18,27.00,-0.05,-0.05
2806446,27.00,0.07,-0.25,28.00,3.57,-0.03,27.00,0.02,-0.11
2806506,27.00,-0.11,-0.20,28.00,3.58,0.06,27.00,-0.07,0.03
2806566,27.00,0.08,-0.11,28.00,3.55,0.25,27.00,-0.05,-0.07
2806626,27.00,0.01,-0.16,28.00,3.10,0.71,27.00,-0.05,0.03
2806686,27.00,0.02,-0.20,28.00,2.72,-0.22,27.00,-0.05,-0.04
2806746,27.00,0.05,-0.07,28.00,2.28,0.06,27.00,-0.02,0.00
2806806,27.00,-0.05,-0.22,28.00,2.04,0.07,27.00,0.01,0.01
2806867,27.00,-0.07,-0.49,28.00,1.47,0.38,27.00,0.05,-0.04
2806927,27.00,-0.07,-0.24,28.00,0.96,0.25,27.00,-0.08,-0.13
2806987,27.00,-0.10,-0.22,28.00,0.24,-0.10,27.00,0.02,-0.07
2807047,27.00,-0.05,-0.12,28.00,-0.43,0.04,27.00,0.02,-0.01
2807107,27.00,0.01,-0.17,28.00,-0.73,-0.42,27.00,-0.01,0.02
2807167,27.00,-0.10,-0.14,28.00,-1.34,-0.38,27.00,-0.10,-0.06
2807227,27.00,0.05,-0.15,28.00,-2.16,-0.40,27.00,0.04,-0.00
2807288,27.00,0.23,-0.12,28.00,-2.54,-0.51,27.00,-0.01,-0.07
2807348,27.00,0.07,-0.21,28.00,-2.81,-0.40,27.00,0.04,-0.08
2807408,27.00,0.08,-0.09,28.00,-3.29,0.44,27.00,0.02,-0.10
2807468,27.00,-0.10,-0.18,28.00,-3.30,-0.25,27.00,-0.04,-0.03
2807528,27.00,0.01,-0.16,28.00,-3.63,-0.54,27.00,0.01,-0.04
2807588,27.00,-0.12,-0.29,28.00,-3.92,-0.82,27.00,0.02,-0.05
2807648,27.00,0.04,-0.14,28.00,-3.89,-0.04,27.00,0.01,0.00
2807708,27.00,0.04,-0.27,28.00,-3.70,-0.76,27.00,0.04,-0.05
2807769,27.00,0.08,-0.12,28.00,-3.60,-0.85,27.00,0.07,0.00
2807829,27.00,-0.04,-0.29,28.00,-3.33,-0.43,27.00,-0.04,0.02
2807889,27.00,-0.11,-0.13,28.00,-3.11,-0.58,27.00,-0.01,-0.03
2807949,27.00,0.10,-0.26,28.00,-2.59,-0.94,27.00,0.05,-0.00
2808009,27.00,-0.12,-0.19,28.00,-2.15,-0.62,27.00,-0.07,-0.00
2808069,27.00,-0.17,-0.15,28.00,-1.71,-1.12,27.00,-0.08,0.00
2808129,27.00,-0.01,-0.47,28.00,-1.16,-0.37,27.00,0.04,-0.01
2808190,27.00,-0.07,-0.29,28.00,-0.70,-0.51,27.00,-0.01,0.00
2808250,27.00,-0.07,-0.40,28.00,-0.21,-0.80,27.00,-0.01,-0.03
2808310,27.00,0.10,-0.33,28.00,0.55,-0.07,27.00,-0.04,-0.07
2808370,27.00,0.10,-0.15,28.00,1.00,0.32,27.00,-0.04,-0.03
2808430,27.00,-0.02,-0.25,28.00,1.79,-0.10,27.00,-0.02,-0.02
2808490,27.00,-0.17,-0.40,28.00,2.45,-0.33,27.00,0.01,0.00
2808550,27.00,-0.15,-0.20,28.00,2.41,0.15,27.00,-0.02,-0.02
2808610,27.00,0.07,-0.10,28.00,3.11,-0.19,27.00,0.02,-0.04
2808671,27.00,0.01,-0.36,28.00,3.49,-0.41,27.00,0.02,0.01
2808731,27.00,0.02,-0.23,28.00,3.45,0.17,27.00,-0.04,-0.04
2808791,27.00,0.11,-0.29,28.00,3.60,0.41,27.00,-0.01,-0.00
2808851,27.00,0.07,0.02,28.00,4.02,-0.06,27.00,0.08,0.02
2808911,27.00,-0.04,-0.22,28.00,3.54,-0.13,27.00,0.01,0.00
2808971,27.00,-0.11,-0.19,28.00,3.77,-0.56,27.00,-0.04,0.06
2809031,27.00,-0.01,-0.21,28.00,3.48,-0.46,27.00,-0.04,-0.11
2809092,27.00,0.12,-0.29,28.00,3.39,0.13,27.00,0.01,-0.08
2809152,27.00,0.02,-0.21,28.00,2.98,0.11,27.00,-0.02,-0.07
2809212,27.00,-0.15,-0.25,28.00,2.75,-0.34,27.00,0.01,-0.06
2809272,27.00,-0.04,-0.18,28.00,2.29,-0.25,27.00,-0.02,-0.05
2809332,27.00,-0.08,-0.30,28.00,1.66,0.13,27.00,-0.01,-0.07
2809392,27.00,0.05,-0.19,28.00,1.19,-0.10,27.00,-0.11,-0.07
2809452,27.00,0.04,-0.27,28.00,0.64,-0.04,27.00,0.02,-0.06
2809512,27.00,0.14,0.13,28.00,-0.23,-0.29,27.00,-0.01,-0.07
2809573,27.00,-0.02,-0.10,28.00,-0.55,-0.49,27.00,0.02,-0.06
2809633,27.00,0.10,-0.17,28.00,-1.43,-0.46,27.00,-0.02,-0.05
2809693,27.00,0.05,-0.09,28.00,-1.63,-0.16,27.00,0.04,-0.05
2809753,27.00,-0.11,-0.24,28.00,-2.23,-0.06,27.00,0.04,0.01
2809813,27.00,-0.05,-0.03,28.00,-2.84,-0.41,27.00,-0.01,-0.02
2809873,27.00,-0.11,-0.27,28.00,-3.16,-0.32,27.00,-0.01,0.02
2809933,27.00,0.01,-0.14,28.00,-3.44,0.07,27.00,-0.07,-0.07
2809994,27.00,0.01,-0.22,28.00,-3.66,0.28,27.00,0.01,-0.02
2810054,27.00,-0.04,-0.26,28.00,-3.96,0.27,27.00,-0.04,-0.02
2810114,27.00,-0.02,-0.20,28.00,-4.14,-0.26,27.00,-0.01,-0.05
2810174,27.00,-0.14,-0.26,28.00,-3.58,-0.53,27.00,-0.01,-0.03
2810234,27.00,-0.07,-0.16,28.00,-4.01,-0.51,27.00,-0.01,-0.00
2810294,27.00,0.10,-0.15,28.00,-3.93,-0.20,27.00,-0.02,-0.09
2810354,27.00,-0.04,-0.16,28.00,-3.13,-0.57,27.00,-0.01,-0.06
2810414,27.00,0.07,-0.08,28.00,-3.13,-0.50,27.00,-0.02,0.02
2810475,27.00,0.05,0.06,28.00,-2.54,-0.87,27.00,-0.01,-0.02
2810535,27.00,-0.02,-0.14,28.00,-1.96,-0.18,27.00,-0.01,0.05
2810595,27.00,-0.11,-0.22,28.00,-1.66,-0.26,27.00,-0.04,-0.03
2810655,27.00,-0.07,-0.24,28.00,-1.08,-0.41,27.00,0.02,-0.09
2810715,27.00,0.05,-0.19,28.00,-0.30,-0.81,27.00,-0.05,0.04
2810775,27.00,0.14,-0.09,28.00,0.18,-0.40,27.00,0.01,-0.05
2810835,27.00,-0.07,-0.13,28.00,0.67,-0.41,27.00,-0.07,-0.00
2810896,27.00,-0.10,-0.35,28.00,1.19,-0.10,27.00,-0.08,-0.04
2810956,27.00,-0.11,-0.05,28.00,1.84,-0.15,27.00,-0.05,-0.03
2811016,27.00,0.01,-0.20,28.00,2.03,-0.21,27.00,-0.02,-0.01
2811076,27.00,0.01,-0.16,28.00,2.59,0.15,27.00,-0.07,-0.04
2811136,27.00,-0.08,-0.16,28.00,3.27,0.17,27.00,-0.05,0.01
2811196,27.00,-0.01,-0.14,28.00,3.29,0.05,27.00,0.01,-0.00
2811256,27.00,-0.18,-0.02,28.00,3.63,0.07,27.00,0.02,-0.06
2811316,27.00,0.07,-0.24,28.00,3.83,0.45,27.00,0.07,-0.10
2811377,27.00,-0.12,0.01,28.00,3.82,0.18,27.00,-0.01,0.04
2811437,27.00,0.05,-0.07,28.00,3.86,0.33,27.00,0.05,-0.07
2811497,27.00,-0.01,-0.20,28.00,3.58,0.36,27.00,-0.05,-0.01
2811557,27.00,-0.02,-0.18,28.00,3.48,-0.10,27.00,0.07,-0.07
2811617,27.00,0.07,-0.08,28.00,3.16,-0.17,27.00,0.01,0.03
2811677,27.00,-0.14,-0.32,28.00,2.89,0.05,27.00,-0.01,-0.10
2811737,27.00,-0.04,-0.23,28.00,2.62,0.17,27.00,-0.02,-0.08
2811798,27.00,-0.02,-0.22,28.00,1.75,-0.03,27.00,0.02,-0.06
2811858,27.00,0.08,-0.14,28.00,1.79,0.29,27.00,-0.02,-0.11
2811918,27.00,0.12,-0.05,28.00,0.58,0.43,27.00,-0.02,-0.02
2811978,27.00,-0.10,-0.14,28.00,0.34,-0.15,27.00,-0.04,-0.08
2812038,27.00,0.01,-0.21,28.00,-0.12,-0.31,27.00,0.01,-0.04
2812098,27.00,-0.04,0.15,28.00,-0.96,-0.07,27.00,-0.07,-0.02
2812158,27.00,0.01,-0.02,28.00,-1.66,-0.15,27.00,-0.01,-0.03
2812219,27.00,0.05,-0.20,28.00,-1.88,-0.32,27.00,-0.07,-0.00
2812279,27.00,-0.15,-0.34,28.00,-2.28,-0.20,27.00,-0.05,-0.07
2812339,27.00,0.02,-0.30,28.00,-2.75,0.07,27.00,-0.05,-0.07
2812399,27.00,0.04,-0.23,28.00,-3.32,-0.61,27.00,0.01,-0.02
2812459,27.00,-0.10,-0.30,28.00,-3.60,-0.68,27.00,-0.04,-0.07
2812519,27.00,0.04,-0.19,28.00,-3.60,-0.27,27.00,0.07,-0.06
2812579,27.00,0.04,-0.18,28.00,-4.05,0.10,27.00,-0.01,0.01
2812639,27.00,0.11,0.00,28.00,-3.80,-0.55,27.00,-0.01,-0.06
2812700,27.00,-0.20,-0.19,28.00,-3.89,-0.57,27.00,-0.02,-0.05
2812760,27.00,-0.02,-0.25,28.00,-3.77,-0.15,27.00,0.04,-0.01
2812820,27.00,-0.04,-0.18,28.00,-3.61,-0.51,27.00,-0.05,-0.06
2812880,27.00,-0.14,-0.20,28.00,-2.92,-0.42,27.00,-0.08,-0.04
2812940,27.00,-0.24,-0.33,28.00,-2.86,-0.01,27.00,0.04,-0.05
2813000,27.00,0.04,-0.18,28.00,-2.26,-0.39,27.00,-0.04,0.02
2813060,27.00,0.05,-0.17,28.00,-1.90,0.01,27.00,-0.05,-0.03
2813121,27.00,-0.05,-0.23,28.00,-1.36,-0.50,27.00,0.02,-0.04
2813181,27.00,0.10,-0.09,28.00,-0.83,-0.68,27.00,-0.01,-0.07
2813241,27.00,0.14,-0.15,28.00,-0.26,-0.79,27.00,-0.04,-0.04
2813301,27.00,-0.01,-0.25,28.00,0.32,-0.42,27.00,-0.01,-0.04
2813361,27.00,0.07,-0.15,28.00,1.06,-0.68,27.00,-0.10,-0.00
2813421,27.00,0.10,-0.26,28.00,1.41,-0.18,27.00,-0.11,0.02
2813481,27.00,-0.01,-0.10,28.00,1.88,0.25,27.00,-0.07,0.09
2813541,27.00,-0.08,-0.18,28.00,2.42,-0.11,27.00,-0.04,-0.02
2813602,27.00,0.15,-0.30,28.00,2.79,0.51,27.00,-0.07,-0.07
2813662,27.00,0.02,-0.07,28.00,3.22,-0.33,27.00,-0.02,-0.01
2813722,27.00,-0.01,-0.07,28.00,3.66,-0.61,27.00,-0.04,-0.14
2813782,27.00,0.01,-0.12,28.00,3.73,-0.15,27.00,-0.01,-0.05
2813842,27.00,-0.05,-0.09,28.00,3.95,-0.23,27.00,-0.08,-0.07
2813902,27.00,-0.01,-0.20,28.00,3.93,0.04,27.00,0.04,0.02
2813962,27.00,-0.21,-0.30,28.00,3.64,0.55,27.00,-0.02,0.01
2814023,27.00,0.18,-0.16,28.00,3.55,0.04,27.00,-0.07,-0.07
2814083,27.00,-0.10,-0.22,28.00,3.36,-0.20,27.00,0.01,-0.03
2814143,27.00,-0.12,-0.21,28.00,3.08,-0.80,27.00,-0.07,-0.01
2814203,27.00,-0.05,-0.24,28.00,2.67,0.12,27.00,-0.02,0.00
2814263,27.00,-0.01,-0.29,28.00,2.25,0.45,27.00,-0.04,-0.07
2814323,27.00,-0.01,-0.15,28.00,1.52,-0.13,27.00,0.02,-0.04
2814383,27.00,-0.05,-0.15,28.00,1.18,-0.13,27.00,0.05,-0.03
2814443,27.00,0.04,-0.05,28.00,0.58,0.12,27.00,0.01,-0.02
2814504,27.00,0.10,-0.22,28.00,-0.04,-0.33,27.00,0.05,0.04
2814564,27.00,0.08,-0.47,28.00,-0.68,-0.07,27.00,-0.01,-0.11
2814624,27.00,0.15,-0.07,28.00,-0.70,-0.75,27.00,-0.02,-0.10
2814684,27.00,-0.08,-0.10,28.00,-1.69,-0.17,27.00,0.02,-0.04
2814744,27.00,0.17,-0.47,28.00,-2.18,-0.28,27.00,0.01,-0.01
2814804,27.00,0.05,-0.24,28.00,-2.63,-0.12,27.00,-0.05,-0.04
2814864,27.00,-0.08,-0.13,28.00,-2.97,-0.51,27.00,0.07,-0.09
2814925,27.00,-0.04,-0.36,28.00,-3.60,0.04,27.00,-0.04,0.02
2814985,27.00,-0.14,-0.25,28.00,-3.64,-0.43,27.00,0.04,-0.05
2815045,27.00,0.11,-0.08,28.00,-3.61,-0.35,27.00,0.05,-0.07
2815105,27.00,0.04,-0.16,28.00,-3.86,-0.27,27.00,0.04,-0.02
2815165,27.00,0.04,-0.20,28.00,-4.05,-0.31,27.00,0.02,-0.10
2815225,27.00,0.04,-0.28,28.00,-3.68,-0.44,27.00,0.04,-0.09
2815285,27.00,0.08,-0.29,28.00,-3.74,-0.47,27.00,0.04,0.00
2815345,27.00,-0.01,-0.15,28.00,-3.22,-0.56,27.00,0.01,-0.06
2815406,27.00,-0.02,-0.22,28.00,-3.03,-0.13,27.00,-0.01,-0.03
2815466,27.00,0.01,-0.43,28.00,-2.66,0.06,27.00,-0.01,-0.08
2815526,27.00,-0.01,-0.21,28.00,-2.07,-0.25,27.00,-0.04,-0.07
2815586,27.00,-0.11,-0.15,28.00,-1.55,-0.50,27.00,-0.02,-0.06
2815646,27.00,-0.08,-0.35,28.00,-1.24,-0.33,27.00,0.01,-0.03
2815706,27.00,0.14,-0.33,28.00,-0.39,-0.57,27.00,-0.04,-0.01
2815766,27.00,-0.12,-0.36,28.00,0.15,-0.40,27.00,0.05,-0.04
2815827,27.00,-0.12,-0.23,28.00,0.56,-0.25,27.00,0.01,-0.01
2815887,27.00,-0.02,-0.32,28.00,1.14,-0.51,27.00,0.01,-0.00
2815947,27.00,-0.14,-0.17,28.00,1.72,-0.37,27.00,0.02,-0.02
2816007,27.00,-0.07,-0.36,28.00,2.23,0.19,27.00,-0.01,-0.02
2816067,27.00,0.07,-0.12,28.00,2.67,-0.22,27.00,-0.02,-0.08
2816127,27.00,-0.07,-0.03,28.00,2.82,-0.38,27.00,-0.02,0.00
2816187,27.00,0.10,-0.25,28.00,3.39,-0.08,27.00,-0.02,-0.06
2816247,27.00,0.01,-0.29,28.00,3.35,-0.18,27.00,-0.02,-0.04
2816308,27.00,-0.15,-0.19,28.00,4.01,0.02,27.00,0.07,-0.01
2816368,27.00,0.02,-0.20,28.00,3.83,0.39,27.00,-0.04,-0.07
2816428,27.00,0.07,-0.09,28.00,3.86,-0.05,27.00,-0.01,-0.04
2816488,27.00,0.10,-0.22,28.00,3.98,-0.39,27.00,-0.01,-0.07
2816548,27.00,-0.12,-0.21,28.00,3.71,0.05,27.00,0.02,-0.07
2816608,27.00,0.07,-0.13,28.00,3.05,0.05,27.00,-0.02,0.02
2816668,27.00,-0.08,-0.30,28.00,3.03,-0.03,27.00,-0.01,-0.06
2816729,27.00,-0.12,-0.40,28.00,2.48,-0.07,27.00,-0.07,-0.07
2816789,27.00,0.17,-0.30,28.00,2.07,0.51,27.00,0.04,0.00
2816849,27.00,0.11,-0.07,28.00,1.62,-0.17,27.00,0.04,0.00
2816909,27.00,0.05,0.00,28.00,1.28,-0.18,27.00,0.02,0.03
2816969,27.00,-0.08,-0.22,28.00,0.27,0.04,27.00,0.05,-0.00
2817029,27.00,-0.04,-0.24,28.00,-0.21,-0.35,27.00,-0.04,-0.07
2817089,27.00,-0.07,-0.28,28.00,-0.99,-0.05,27.00,-0.05,-0.05
2817149,27.00,-0.07,-0.16,28.00,-1.08,-0.29,27.00,-0.01,0.04
2817210,27.00,-0.04,-0.27,28.00,-2.00,-0.57,27.00,0.01,0.02
2817270,27.00,-0.04,-0.15,28.00,-2.70,-0.31,27.00,-0.01,-0.09
2817330,27.00,0.18,-0.15,28.00,-2.72,-0.53,27.00,0.01,-0.05
2817390,27.00,-0.02,-0.29,28.00,-3.26,-0.10,27.00,0.02,-0.05
2817450,27.00,0.07,-0.24,28.00,-3.52,-0.01,27.00,0.04,0.05
2817510,27.00,-0.10,-0.19,28.00,-3.61,0.01,27.00,-0.04,0.01
2817570,27.00,-0.07,-0.31,28.00,-3.77,-0.32,27.00,0.04,-0.03
2817631,27.00,-0.08,-0.22,28.00,-4.26,-0.38,27.00,-0.08,-0.06
2817691,27.00,0.01,-0.29,28.00,-3.54,-0.92,27.00,0.01,0.01
2817751,27.00,0.08,-0.28,28.00,-3.51,-0.48,27.00,0.02,-0.04
2817811,27.00,0.01,-0.26,28.00,-3.67,-0.19,27.00,-0.01,-0.06
2817871,27.00,0.15,-0.16,28.00,-3.32,-0.04,27.00,0.05,-0.03
2817931,27.00,-0.14,-0.17,28.00,-2.79,-0.80,27.00,0.02,-0.10
2817991,27.00,0.10,-0.18,28.00,-2.34,-0.44,27.00,0.02,-0.07
2818051,27.00,0.05,-0.36,28.00,-1.88,-0.60,27.00,-0.05,0.02
2818112,27.00,0.11,-0.06,28.00,-1.34,-0.56,27.00,0.02,-0.05
2818172,27.00,-0.14,-0.37,28.00,-0.89,-0.98,27.00,-0.07,-0.02
2818232,27.00,-0.01,0.03,28.00,-0.23,-0.63,27.00,0.01,0.03
2818292,27.00,0.15,-0.30,28.00,0.32,-0.35,27.00,0.01,-0.11
2818352,27.00,0.11,-0.31,28.00,0.97,-0.22,27.00,-0.01,-0.03
2818412,27.00,-0.05,-0.13,28.00,1.37,-0.24,27.00,0.04,-0.01
2818472,27.00,0.10,-0.22,28.00,1.87,-0.37,27.00,-0.02,-0.01
2818533,27.00,0.01,-0.15,28.00,2.56,-0.09,27.00,-0.07,-0.05
2818593,27.00,0.01,-0.20,28.00,2.94,-0.66,27.00,-0.04,-0.07
2818653,27.00,0.04,-0.24,28.00,3.17,-0.44,27.00,-0.01,-0.05
2818713,27.00,-0.07,-0.16,28.00,3.39,0.18,27.00,0.04,-0.08
2818773,27.00,0.04,-0.45,28.00,3.67,-0.10,27.00,0.01,0.02
2818833,27.00,0.15,-0.07,28.00,3.80,0.58,27.00,-0.01,-0.05
2818893,27.00,0.04,-0.24,28.00,3.86,0.33,27.00,-0.05,-0.01
2818954,27.00,0.10,-0.16,28.00,3.54,-0.03,27.00,-0.02,-0.07
2819014,27.00,-0.08,-0.25,28.00,3.82,-0.39,27.00,-0.02,-0.08
2819074,27.00,-0.05,-0.21,28.00,3.55,0.24,27.00,-0.04,-0.08
2819134,27.00,0.10,-0.17,28.00,3.38,0.40,27.00,-0.05,-0.02
2819194,27.00,0.14,-0.14,28.00,2.70,0.34,27.00,-0.02,0.01
2819254,27.00,0.18,-0.14,28.00,2.34,0.17,27.00,-0.04,-0.01
2819314,27.00,-0.11,-0.24,28.00,1.88,0.27,27.00,0.01,0.00
2819374,27.00,0.15,-0.16,28.00,1.41,0.15,27.00,-0.02,-0.07
2819435,27.00,-0.08,-0.15,28.00,0.77,-0.22,27.00,-0.02,0.04
2819495,27.00,0.01,-0.23,28.00,0.01,-0.01,27.00,0.01,0.01
2819555,27.00,0.05,-0.22,28.00,-0.26,-0.11,27.00,-0.04,-0.08
2819615,27.00,-0.14,-0.07,28.00,-1.34,0.09,27.00,0.08,-0.06
2819675,27.00,-0.14,-0.27,28.00,-1.47,-0.28,27.00,-0.04,-0.04
2819735,27.00,-0.01,-0.08,28.00,-2.03,-0.02,27.00,0.01,-0.06
2819795,27.00,-0.02,-0.18,28.00,-2.40,-0.13,27.00,0.05,0.03
2819856,27.00,0.05,-0.07,28.00,-2.97,-0.68,27.00,0.05,0.00
2819916,27.00,-0.08,-0.31,28.00,-3.08,-0.05,27.00,0.01,-0.07
2819976,27.00,-0.05,-0.06,28.00,-3.32,-0.50,27.00,0.01,-0.06
2820036,27.00,-0.08,-0.20,28.00,-4.01,-0.02,27.00,0.04,-0.07
2820096,27.00,0.07,-0.15,28.00,-4.12,0.29,27.00,-0.04,-0.00
2820156,27.00,-0.14,-0.29,28.00,-3.77,-0.51,27.00,0.08,0.01
2820216,27.00,-0.02,-0.25,28.00,-3.79,-0.44,27.00,-0.01,-0.04
2820276,27.00,0.01,-0.15,28.00,-3.70,-0.22,27.00,0.01,-0.00
2820337,27.00,-0.10,-0.24,28.00,-3.16,-0.56,27.00,-0.01,-0.04
2820397,27.00,-0.02,-0.13,28.00,-3.13,-0.53,27.00,0.04,-0.00
2820457,27.00,-0.08,-0.15,28.00,-2.82,-0.73,27.00,-0.05,-0.02
2820517,27.00,0.01,-0.29,28.00,-2.21,-0.30,27.00,-0.01,-0.00
2820577,27.00,0.01,-0.20,28.00,-1.91,-0.49,27.00,-0.01,-0.06
2820637,27.00,-0.15,-0.26,28.00,-1.22,-0.55,27.00,0.01,-0.02
2820697,27.00,-0.04,-0.10,28.00,-0.61,-0.56,27.00,0.05,-0.04
2820758,27.00,0.12,-0.17,28.00,-0.12,-0.47,27.00,-0.04,-0.00
2820818,27.00,0.07,-0.25,28.00,0.42,-0.36,27.00,-0.01,0.03
2820878,27.00,0.05,-0.32,28.00,1.16,0.20,27.00,-0.01,-0.05
2820938,27.00,-0.05,-0.29,28.00,1.69,-0.23,27.00,0.07,-0.07
2820998,27.00,0.18,-0.16,28.00,1.84,-0.04,27.00,-0.02,-0.01
2821058,27.00,-0.21,-0.28,28.00,2.59,-0.01,27.00,-0.02,-0.04
2821118,27.00,-0.14,-0.08,28.00,2.85,-0.03,27.00,0.02,-0.00
2821178,27.00,0.18,-0.25,28.00,3.38,0.00,27.00,-0.01,-0.01
2821239,27.00,-0.07,-0.11,28.00,3.58,-0.07,27.00,0.01,-0.00
2821299,27.00,-0.05,-0.12,28.00,3.60,0.65,27.00,-0.02,-0.01
2821359,27.00,-0.07,-0.27,28.00,3.74,0.24,27.00,0.01,-0.08
2821419,27.00,-0.04,-0.17,28.00,3.83,0.12,27.00,0.04,0.01
2821479,27.00,0.01,-0.29,28.00,3.79,0.07,27.00,-0.02,0.03
2821539,27.00,-0.11,-0.23,28.00,3.20,0.15,27.00,-0.02,-0.09
2821599,27.00,-0.04,-0.14,28.00,3.29,-0.22,27.00,0.04,-0.05
2821660,27.00,-0.04,-0.22,28.00,2.95,-0.15,27.00,0.01,-0.05
2821720,27.00,-0.01,-0.12,28.00,2.60,0.07,27.00,0.01,-0.01
2821780,27.00,0.15,-0.27,28.00,1.99,0.41,27.00,-0.05,-0.03
2821840,27.00,0.02,-0.19,28.00,1.74,-0.19,27.00,-0.01,-0.00
2821900,27.00,0.12,-0.22,28.00,1.05,0.21,27.00,-0.01,-0.02
2821960,27.00,0.07,-0.13,28.00,0.36,-0.20,27.00,-0.08,0.01
2822020,27.00,0.04,-0.35,28.00,-0.18,0.01,27.00,-0.05,-0.18
2822080,27.00,-0.12,-0.21,28.00,-0.70,-0.23,27.00,-0.01,-0.03
2822141,27.00,-0.14,-0.19,28.00,-1.34,-0.00,27.00,-0.02,-0.06
2822201,27.00,0.08,-0.07,28.00,-1.75,0.03,27.00,0.05,-0.07
2822261,27.00,0.07,-0.27,28.00,-2.04,-0.46,27.00,-0.02,0.03
2822321,27.00,-0.07,-0.16,28.00,-2.85,-0.13,27.00,0.02,-0.11
2822381,27.00,0.02,-0.12,28.00,-2.81,-0.09,27.00,0.07,0.06
2822441,27.00,-0.12,-0.30,28.00,-3.29,-0.53,27.00,-0.07,-0.02
2822501,27.00,0.04,-0.31,28.00,-3.63,-0.24,27.00,0.02,-0.00
2822562,27.00,-0.12,-0.07,28.00,-3.68,-0.20,27.00,-0.02,0.00
2822622,27.00,0.07,-0.14,28.00,-3.86,-0.22,27.00,-0.05,-0.01
2822682,27.00,-0.10,-0.25,28.00,-3.88,-0.16,27.00,-0.01,-0.05
2822742,27.00,-0.01,-0.25,28.00,-3.79,-0.07,27.00,0.02,-0.02
2822802,27.00,-0.02,-0.20,28.00,-3.64,-0.31,27.00,-0.10,-0.04
2822862,27.00,0.04,-0.19,28.00,-3.16,-0.69,27.00,0.01,-0.04
2822922,27.00,0.01,-0.15,28.00,-2.76,-0.53,27.00,-0.05,-0.05
2822982,27.00,-0.14,-0.20,28.00,-2.62,-0.33,27.00,-0.04,-0.10
2823043,27.00,-0.01,-0.20,28.00,-2.01,-0.52,27.00,0.04,-0.07
2823103,27.00,0.04,-0.39,28.00,-1.43,-0.42,27.00,-0.04,-0.02
2823163,27.00,-0.02,-0.17,28.00,-0.90,-0.43,27.00,-0.04,-0.06
2823223,27.00,0.14,-0.24,28.00,-0.27,-0.44,27.00,0.04,0.06
2823283,27.00,0.02,-0.27,28.00,0.12,-0.41,27.00,-0.01,-0.01
2823343,27.00,-0.01,-0.00,28.00,0.68,-0.55,27.00,-0.01,-0.02
2823403,27.00,0.05,-0.23,28.00,1.27,-0.35,27.00,-0.08,-0.04
2823464,27.00,0.04,-0.12,28.00,2.22,0.12,27.00,-0.04,-0.06
2823524,27.00,0.02,-0.20,28.00,2.21,0.08,27.00,-0.05,0.02
2823584,27.00,-0.02,-0.15,28.00,2.92,-0.19,27.00,-0.07,-0.04
2823644,27.00,-0.01,-0.36,28.00,3.22,0.31,27.00,0.02,-0.11
2823704,27.00,0.04,-0.28,28.00,3.30,0.22,27.00,-0.04,0.07
2823764,27.00,-0.02,-0.34,28.00,3.76,-0.10,27.00,-0.01,-0.09
2823824,27.00,-0.01,-0.19,28.00,4.02,0.39,27.00,0.02,0.00
2823884,27.00,0.04,-0.19,28.00,3.61,0.04,27.00,-0.02,0.00
2823945,27.00,-0.11,-0.07,28.00,3.82,-0.14,27.00,-0.01,-0.00
2824005,27.00,-0.18,-0.30,28.00,3.71,0.13,27.00,0.02,-0.14
2824065,27.00,-0.04,-0.22,28.00,3.23,0.09,27.00,-0.08,-0.01
2824125,27.00,0.04,-0.19,28.00,3.08,0.00,27.00,0.05,-0.05
2824185,27.00,-0.01,-0.30,28.00,3.13,-0.44,27.00,-0.04,0.01
2824245,27.00,0.01,-0.16,28.00,2.41,-0.02,27.00,0.01,-0.06
2824305,27.00,-0.07,-0.40,28.00,1.96,-0.06,27.00,-0.04,0.01
2824366,27.00,-0.12,-0.03,28.00,1.38,-0.17,27.00,-0.05,-0.04
2824426,27.00,0.02,-0.26,28.00,0.73,0.73,27.00,-0.08,-0.07
2824486,27.00,-0.12,-0.17,28.00,0.20,-0.03,27.00,-0.05,-0.09
2824546,27.00,0.07,-0.23,28.00,-0.27,-0.17,27.00,0.01,-0.08
2824606,27.00,0.10,-0.16,28.00,-0.75,0.19,27.00,-0.08,-0.16
2824666,27.00,-0.12,-0.24,28.00,-1.71,-0.10,27.00,0.02,-0.03
2824726,27.00,-0.11,-0.22,28.00,-1.94,-0.39,27.00,-0.11,0.02
2824787,27.00,-0.07,-0.21,28.00,-2.54,0.07,27.00,0.08,0.07
2824847,27.00,0.07,-0.37,28.00,-3.04,0.07,27.00,-0.04,-0.02
2824907,27.00,0.10,-0.09,28.00,-3.49,-0.09,27.00,-0.02,0.00
2824967,27.00,0.17,-0.23,28.00,-3.52,-0.24,27.00,-0.02,-0.04
2825027,27.00,-0.17,-0.37,28.00,-3.89,-0.34,27.00,0.01,-0.00
2825087,27.00,0.12,-0.40,28.00,-3.67,-0.64,27.00,0.02,0.01
2825147,27.00,0.15,-0.15,28.00,-4.29,-0.27,27.00,-0.02,0.03
2825207,27.00,-0.10,-0.22,28.00,-3.85,-0.50,27.00,-0.01,-0.07
2825268,27.00,0.04,-0.32,28.00,-3.74,-0.59,27.00,-0.04,-0.07
2825328,27.00,0.02,-0.20,28.00,-3.42,-0.32,27.00,-0.08,-0.02
2825388,27.00,-0.05,-0.22,28.00,-3.03,-0.39,27.00,-0.05,-0.04
2825448,27.00,0.02,-0.20,28.00,-2.78,-0.44,27.00,-0.05,0.08
2825508,27.00,-0.08,-0.32,28.00,-2.10,-0.65,27.00,0.01,-0.01
2825568,27.00,-0.01,-0.22,28.00,-1.50,-0.91,27.00,0.02,-0.09
2825628,27.00,0.05,-0.27,28.00,-1.19,-0.23,27.00,-0.05,0.03
2825689,27.00,0.23,-0.26,28.00,-0.64,-0.64,27.00,-0.05,-0.05
2825749,27.00,0.02,-0.12,28.00,-0.11,-0.63,27.00,0.04,-0.00
2825809,27.00,-0.01,-0.32,28.00,0.39,-0.31,27.00,-0.01,0.00
2825869,27.00,-0.05,0.06,28.00,0.80,-0.22,27.00,-0.05,0.06
2825929,27.00,-0.10,-0.15,28.00,1.53,-0.19,27.00,0.02,-0.10
2825989,27.00,0.01,-0.34,28.00,2.44,-0.37,27.00,-0.04,-0.07
2826049,27.00,-0.10,-0.31,28.00,2.67,-0.30,27.00,0.01,0.02
2826109,27.00,0.02,0.02,28.00,3.26,-0.14,27.00,0.02,0.02
2826170,27.00,-0.05,-0.25,28.00,3.51,-0.18,27.00,0.02,-0.02
2826230,27.00,0.17,-0.10,28.00,3.51,0.01,27.00,0.07,-0.01
2826290,27.00,0.02,-0.19,28.00,3.76,-0.15,27.00,-0.04,-0.09
2826350,27.00,0.10,-0.20,28.00,3.99,-0.10,27.00,0.02,-0.09
2826410,27.00,-0.02,-0.22,28.00,3.71,-0.08,27.00,-0.04,-0.02
2826470,27.00,0.02,-0.16,28.00,4.20,-0.32,27.00,-0.04,-0.07
2826530,27.00,-0.07,-0.21,28.00,3.51,-0.03,27.00,-0.02,-0.06
2826591,27.00,0.05,-0.23,28.00,3.22,0.36,27.00,-0.05,-0.10
2826651,27.00,-0.02,-0.26,28.00,3.22,0.17,27.00,-0.01,-0.00
2826711,27.00,-0.04,-0.14,28.00,2.60,-0.06,27.00,0.01,-0.05
2826771,27.00,0.01,-0.23,28.00,2.28,-0.29,27.00,-0.08,-0.01
2826831,27.00,-0.05,-0.11,28.00,1.55,-0.09,27.00,-0.04,-0.02
2826891,27.00,-0.12,-0.31,28.00,0.95,-0.57,27.00,-0.01,-0.10
2826951,27.00,-0.07,-0.20,28.00,0.61,0.44,27.00,0.01,-0.07
2827011,27.00,0.08,-0.15,28.00,0.18,-0.09,27.00,-0.04,-0.00
2827072,27.00,-0.15,-0.08,28.00,-0.45,-0.30,27.00,-0.05,-0.03
2827132,27.00,-0.10,-0.28,28.00,-1.30,-0.36,27.00,-0.04,0.01
2827192,27.00,0.01,-0.12,28.00,-1.72,-0.07,27.00,-0.02,-0.07
2827252,27.00,-0.05,-0.25,28.00,-2.28,-0.04,27.00,-0.04,-0.01
2827312,27.00,-0.05,-0.35,28.00,-2.62,-0.15,27.00,-0.05,0.00
2827372,27.00,-0.05,-0.25,28.00,-3.03,0.27,27.00,0.02,-0.12
2827432,27.00,-0.11,-0.13,28.00,-3.42,0.47,27.00,0.04,-0.07
2827493,27.00,-0.07,-0.08,28.00,-3.80,-0.02,27.00,0.05,-0.02
2827553,27.00,0.04,-0.26,28.00,-3.96,-0.01,27.00,0.01,-0.08
2827613,27.00,0.08,-0.07,28.00,-4.21,-0.56,27.00,0.01,-0.00
2827673,27.00,-0.02,-0.25,28.00,-3.77,-0.68,27.00,-0.01,-0.00
2827733,27.00,0.08,-0.10,28.00,-3.63,-0.67,27.00,0.01,-0.07
2827793,27.00,0.20,-0.12,28.00,-3.63,-0.40,27.00,0.05,-0.01
2827853,27.00,-0.04,-0.43,28.00,-3.10,-0.25,27.00,-0.02,0.01
2827913,27.00,-0.08,-0.21,28.00,-2.86,-0.25,27.00,-0.10,0.00
2827974,27.00,0.12,-0.23,28.00,-2.62,-0.70,27.00,0.04,-0.03
2828034,27.00,-0.01,-0.23,28.00,-2.10,-0.55,27.00,0.04,0.00
2828094,27.00,-0.15,0.03,28.00,-1.56,-0.56,27.00,-0.02,-0.06
2828154,27.00,-0.08,-0.14,28.00,-0.93,-0.18,27.00,-0.07,-0.06
2828214,27.00,-0.12,-0.10,28.00,-0.53,-0.73,27.00,0.04,-0.09
2828274,27.00,-0.07,-0.29,28.00,0.21,-0.56,27.00,-0.02,-0.07
2828334,27.00,-0.23,-0.15,28.00,0.86,-0.58,27.00,-0.02,-0.02
2828395,27.00,0.15,-0.38,28.00,1.34,0.09,27.00,-0.01,0.01
2828455,27.00,0.15,-0.23,28.00,1.90,-0.27,27.00,0.01,-0.01
2828515,27.00,-0.07,-0.32,28.00,2.41,-0.44,27.00,0.01,-0.00
2828575,27.00,-0.02,-0.07,28.00,2.67,-0.04,27.00,-0.04,-0.11
2828635,27.00,-0.01,-0.28,28.00,3.14,-0.01,27.00,-0.04,-0.03
2828695,27.00,-0.04,-0.21,28.00,3.61,-0.07,27.00,0.02,-0.03
2828755,27.00,-0.05,-0.22,28.00,3.83,-0.39,27.00,0.05,-0.03
2828815,27.00,0.18,-0.18,28.00,3.64,0.22,27.00,-0.02,-0.06
2828876,27.00,0.08,-0.22,28.00,3.85,0.02,27.00,-0.08,-0.02
2828936,27.00,-0.01,-0.02,28.00,3.61,-0.34,27.00,-0.08,-0.01
2828996,27.00,0.10,-0.22,28.00,3.51,-0.41,27.00,-0.01,-0.10
2829056,27.00,-0.11,-0.26,28.00,3.74,-0.41,27.00,-0.02,-0.06
2829116,27.00,-0.01,-0.15,28.00,3.20,0.05,27.00,0.10,-0.11
2829176,27.00,-0.14,-0.32,28.00,2.62,0.04,27.00,0.10,-0.03
2829236,27.00,0.07,-0.22,28.00,2.37,0.05,27.00,-0.01,-0.05
2829297,27.00,0.04,-0.13,28.00,1.91,0.10,27.00,-0.04,-0.06
2829357,27.00,0.11,-0.29,28.00,1.27,0.11,27.00,0.05,-0.04
2829417,27.00,-0.14,-0.21,28.00,0.74,-0.19,27.00,0.04,0.00
2829477,27.00,0.04,-0.23,28.00,0.29,0.04,27.00,0.07,-0.09
2829537,27.00,-0.02,-0.27,28.00,-0.10,0.04,27.00,-0.01,-0.07
2829597,27.00,-0.15,-0.10,28.00,-0.97,-0.08,27.00,-0.04,0.05
2829657,27.00,0.11,-0.05,28.00,-1.56,-0.36,27.00,0.02,-0.07
2829718,27.00,0.12,-0.26,28.00,-2.07,0.21,27.00,-0.05,-0.06
2829778,27.00,0.02,-0.26,28.00,-2.51,-0.18,27.00,0.02,-0.03
2829838,27.00,-0.02,-0.21,28.00,-3.07,-0.06,27.00,-0.10,0.02
2829898,27.00,-0.08,-0.33,28.00,-3.30,-0.38,27.00,-0.08,-0.07
2829958,27.00,-0.01,-0.14,28.00,-3.70,-0.46,27.00,-0.07,-0.08
2830018,27.00,-0.01,-0.15,28.00,-3.38,-0.10,27.00,0.07,-0.03
2830078,27.00,0.02,-0.17,28.00,-4.08,-0.18,27.00,-0.02,-0.02
2830138,27.00,-0.10,-0.13,28.00,-4.11,-0.58,27.00,0.02,-0.01
2830199,27.00,0.10,-0.19,28.00,-3.83,-0.32,27.00,0.01,0.00
2830259,27.00,-0.05,-0.11,28.00,-4.01,-0.33,27.00,0.07,0.02
2830319,27.00,0.02,-0.22,28.00,-3.41,-0.86,27.00,-0.10,-0.02
2830379,27.00,0.12,-0.09,28.00,-2.95,-0.45,27.00,-0.02,-0.04
2830439,27.00,-0.02,-0.15,28.00,-2.70,-0.16,27.00,-0.04,-0.06
2830499,27.00,-0.14,-0.27,28.00,-2.42,-0.44,27.00,-0.02,-0.07
2830559,27.00,-0.08,-0.28,28.00,-1.90,-0.36,27.00,0.04,0.00
2830620,27.00,-0.01,-0.27,28.00,-1.31,-0.38,27.00,-0.05,-0.04
2830680,27.00,0.08,-0.33,28.00,-0.80,-0.70,27.00,-0.04,-0.05
2830740,27.00,0.11,-0.30,28.00,-0.24,-0.57,27.00,-0.05,-0.00
2830800,27.00,-0.07,-0.13,28.00,0.39,-0.32,27.00,-0.02,-0.00
2830860,27.00,-0.15,-0.19,28.00,1.09,-0.21,27.00,-0.01,-0.01
2830920,27.00,0.14,-0.27,28.00,1.40,0.29,27.00,-0.02,0.05
2830980,27.00,-0.05,-0.36,28.00,2.06,0.00,27.00,-0.02,0.02
2831040,27.00,0.11,-0.05,28.00,2.35,0.03,27.00,0.02,0.03
2831101,27.00,0.04,0.01,28.00,3.01,0.29,27.00,-0.01,0.03
2831161,27.00,0.01,-0.09,28.00,3.19,-0.11,27.00,-0.08,-0.10
2831221,27.00,0.08,-0.20,28.00,3.68,-0.36,27.00,0.02,0.07
2831281,27.00,0.02,-0.19,28.00,3.88,0.00,27.00,0.01,-0.07
2831341,27.00,-0.08,-0.15,28.00,3.67,0.14,27.00,-0.01,-0.01
2831401,27.00,-0.12,-0.13,28.00,3.83,0.06,27.00,0.10,-0.05
2831461,27.00,-0.07,0.05,28.00,3.73,0.27,27.00,-0.04,-0.04
2831522,27.00,0.04,-0.13,28.00,3.42,0.02,27.00,0.04,-0.07
2831582,27.00,-0.10,-0.19,28.00,3.36,-0.06,27.00,-0.07,-0.04
2831642,27.00,0.07,-0.08,28.00,3.07,-0.20,27.00,0.01,-0.05
2831702,27.00,0.08,-0.17,28.00,2.60,0.09,27.00,-0.02,-0.01
2831762,27.00,0.12,-0.10,28.00,2.06,0.08,27.00,-0.02,-0.05
2831822,27.00,0.05,-0.18,28.00,1.75,0.06,27.00,-0.01,0.03
2831882,27.00,0.11,-0.28,28.00,1.16,-0.11,27.00,-0.02,0.02
2831942,27.00,-0.01,-0.28,28.00,0.58,0.41,27.00,0.01,0.00
2832003,27.00,0.04,-0.26,28.00,-0.01,-0.22,27.00,-0.08,-0.03
2832063,27.00,-0.17,-0.18,28.00,-0.45,0.07,27.00,-0.07,-0.04
2832123,27.00,-0.11,-0.30,28.00,-1.06,0.25,27.00,-0.07,-0.07
2832183,27.00,0.04,-0.28,28.00,-1.71,-0.22,27.00,0.01,0.04
2832243,27.00,0.02,-0.29,28.00,-1.88,-0.21,27.00,-0.05,-0.10
2832303,27.00,0.10,-0.10,28.00,-2.59,-0.45,27.00,-0.04,-0.09
2832363,27.00,0.01,-0.15,28.00,-2.88,-0.26,27.00,-0.05,-0.01
2832424,27.00,-0.04,-0.01,28.00,-3.32,-0.32,27.00,-0.04,-0.02
2832484,27.00,0.10,-0.08,28.00,-3.83,-0.34,27.00,-0.04,-0.00
2832544,27.00,0.07,-0.26,28.00,-3.64,-0.17,27.00,-0.07,-0.05
2832604,27.00,0.02,-0.27,28.00,-3.71,-0.26,27.00,0.05,-0.06
2832664,27.00,-0.04,-0.15,28.00,-3.76,-0.56,27.00,-0.01,0.07
2832724,27.00,-0.02,-0.27,28.00,-3.57,-0.45,27.00,-0.04,0.05
2832784,27.00,0.02,-0.22,28.00,-3.51,-0.50,27.00,0.01,-0.05
2832844,27.00,-0.07,-0.43,28.00,-3.36,-0.30,27.00,0.02,-0.03
2832905,27.00,0.02,-0.03,28.00,-2.94,-0.47,27.00,-0.02,-0.02
2832965,27.00,0.07,-0.28,28.00,-2.67,-0.41,27.00,0.02,-0.00
2833025,27.00,-0.18,-0.27,28.00,-2.15,-0.31,27.00,-0.05,-0.05
2833085,27.00,-0.10,-0.31,28.00,-1.71,-0.13,27.00,0.04,-0.00
2833145,27.00,0.01,-0.22,28.00,-1.18,-0.24,27.00,0.02,-0.01
2833205,27.00,0.08,-0.15,28.00,-0.46,-0.50,27.00,0.07,-0.04
2833265,27.00,-0.05,-0.11,28.00,-0.01,-0.44,27.00,0.01,-0.05
2833326,27.00,-0.07,-0.18,28.00,0.67,-0.65,27.00,-0.02,0.02
2833386,27.00,0.10,-0.22,28.00,1.55,-0.54,27.00,-0.02,-0.06
2833446,27.00,0.07,-0.33,28.00,1.72,0.23,27.00,-0.07,-0.01
2833506,27.00,-0.12,-0.24,28.00,2.13,-0.07,27.00,0.01,-0.02
2833566,27.00,0.08,-0.36,28.00,2.38,0.04,27.00,-0.02,-0.01
2833626,27.00,-0.14,-0.24,28.00,3.39,0.22,27.00,-0.01,0.02
2833686,27.00,-0.01,-0.27,28.00,3.51,0.05,27.00,0.10,-0.04
2833746,27.00,0.05,-0.17,28.00,3.64,-0.36,27.00,-0.05,-0.05
2833807,27.00,-0.08,-0.26,28.00,4.04,-0.24,27.00,0.05,0.05
2833867,27.00,0.04,-0.14,28.00,3.77,-0.20,27.00,-0.02,-0.03
2833927,27.00,-0.08,-0.18,28.00,3.54,0.20,27.00,0.04,-0.11
2833987,27.00,0.04,-0.31,28.00,3.71,-0.14,27.00,0.04,-0.06
2834047,27.00,0.02,-0.26,28.00,3.55,0.27,27.00,-0.02,0.01
2834107,27.00,0.05,-0.33,28.00,3.29,0.28,27.00,0.05,-0.03
2834167,27.00,-0.14,0.04,28.00,2.70,-0.07,27.00,0.01,-0.03
2834228,27.00,-0.08,-0.07,28.00,2.57,-0.01,27.00,0.04,-0.05
2834288,27.00,-0.05,-0.31,28.00,2.01,0.29,27.00,0.04,0.01
2834348,27.00,-0.05,-0.17,28.00,1.41,0.00,27.00,-0.05,-0.07
2834408,27.00,0.05,-0.18,28.00,1.16,0.58,27.00,-0.02,-0.07
2834468,27.00,0.14,-0.20,28.00,0.39,0.27,27.00,-0.04,-0.08
2834528,27.00,-0.05,-0.10,28.00,-0.20,-0.17,27.00,-0.02,-0.03
2834588,27.00,-0.07,-0.29,28.00,-0.64,-0.28,27.00,-0.04,-0.01
2834648,27.00,0.05,-0.21,28.00,-1.28,-0.00,27.00,-0.05,0.01
2834709,27.00,-0.01,-0.15,28.00,-2.00,0.07,27.00,-0.01,0.01
2834769,27.00,0.02,-0.15,28.00,-2.38,-0.25,27.00,-0.02,-0.04
2834829,27.00,0.15,-0.14,28.00,-3.01,-0.59,27.00,-0.02,-0.03
2834889,27.00,0.02,-0.06,28.00,-3.14,-0.18,27.00,0.08,0.02
2834949,27.00,0.04,-0.18,28.00,-3.49,0.01,27.00,0.02,0.01
2835009,27.00,-0.02,-0.12,28.00,-3.85,0.01,27.00,-0.02,0.01
2835069,27.00,0.07,-0.01,28.00,-3.67,-0.31,27.00,-0.01,-0.02
2835130,27.00,0.02,-0.33,28.00,-3.82,-0.74,27.00,0.01,0.03
2835190,27.00,-0.07,-0.36,28.00,-3.79,-0.93,27.00,-0.05,0.00
2835250,27.00,-0.12,-0.28,28.00,-3.61,0.02,27.00,0.07,0.01
2835310,27.00,0.10,-0.22,28.00,-3.51,-0.07,27.00,-0.01,-0.06
2835370,27.00,0.02,-0.08,28.00,-3.27,-0.55,27.00,-0.01,-0.02
2835430,27.00,0.02,-0.14,28.00,-2.66,-0.56,27.00,0.08,-0.13
2835490,27.00,-0.07,-0.12,28.00,-2.40,-0.29,27.00,-0.04,-0.10
2835550,27.00,0.01,-0.29,28.00,-1.72,-0.77,27.00,-0.04,-0.01
2835611,27.00,0.02,-0.22,28.00,-1.46,-0.73,27.00,-0.02,-0.06
2835671,27.00,0.04,-0.38,28.00,-0.78,-0.83,27.00,0.01,-0.03
2835731,27.00,0.27,-0.13,28.00,-0.26,-0.47,27.00,0.02,-0.05
2835791,27.00,0.10,-0.21,28.00,0.36,-0.36,27.00,0.01,-0.05
2835851,27.00,0.02,-0.25,28.00,0.97,-0.26,27.00,0.01,-0.01
2835911,27.00,-0.04,-0.29,28.00,1.31,-0.23,27.00,-0.01,-0.04
2835971,27.00,-0.17,-0.14,28.00,2.00,-0.22,27.00,-0.01,-0.07
2836032,27.00,-0.05,-0.28,28.00,2.69,0.33,27.00,-0.01,-0.03
2836092,27.00,0.10,-0.22,28.00,2.92,-0.19,27.00,0.02,-0.03
2836152,27.00,0.07,-0.26,28.00,3.27,-0.34,27.00,0.02,-0.03
2836212,27.00,0.05,-0.26,28.00,3.66,0.07,27.00,-0.07,-0.07
2836272,27.00,-0.07,-0.18,28.00,3.92,-0.08,27.00,0.04,-0.07
2836332,27.00,-0.14,-0.38,28.00,3.74,0.15,27.00,0.02,0.00
2836392,27.00,0.01,-0.18,28.00,3.86,-0.29,27.00,0.04,-0.09
2836453,27.00,0.04,-0.12,28.00,4.07,-0.36,27.00,-0.07,0.00
2836513,27.00,-0.02,-0.01,28.00,3.82,-0.01,27.00,-0.07,-0.01
2836573,27.00,0.02,-0.29,28.00,3.36,0.28,27.00,0.01,-0.04
2836633,27.00,-0.11,-0.22,28.00,2.98,0.29,27.00,-0.04,-0.02
2836693,27.00,-0.14,-0.32,28.00,2.62,-0.14,27.00,-0.05,-0.07
2836753,27.00,-0.08,-0.22,28.00,2.32,-0.17,27.00,-0.05,0.07
2836813,27.00,0.15,-0.29,28.00,1.65,0.38,27.00,-0.01,-0.02
2836873,27.00,0.01,-0.08,28.00,1.22,0.19,27.00,0.02,-0.00
2836934,27.00,-0.02,-0.32,28.00,0.86,-0.15,27.00,-0.02,-0.05
2836994,27.00,-0.12,-0.28,28.00,0.27,-0.09,27.00,0.02,-0.07
2837054,27.00,0.04,-0.24,28.00,-0.26,-0.35,27.00,0.05,0.00
2837114,27.00,0.02,0.02,28.00,-1.02,-0.20,27.00,-0.01,-0.01
2837174,27.00,0.07,-0.27,28.00,-1.46,-0.36,27.00,0.02,-0.08
2837234,27.00,0.01,-0.29,28.00,-2.18,-0.03,27.00,0.04,-0.02
2837294,27.00,0.10,-0.14,28.00,-2.47,0.03,27.00,0.01,-0.09
2837355,27.00,0.02,-0.29,28.00,-3.00,-0.76,27.00,-0.04,-0.02
2837415,27.00,0.11,-0.08,28.00,-3.45,-0.11,27.00,-0.04,-0.03
2837475,27.00,-0.01,-0.14,28.00,-3.66,-0.38,27.00,0.02,-0.08
2837535,27.00,0.17,-0.11,28.00,-3.85,-0.01,27.00,0.05,-0.07
2837595,27.00,0.07,-0.37,28.00,-4.37,-0.23,27.00,0.05,-0.03
2837655,27.00,-0.17,-0.15,28.00,-3.90,-0.29,27.00,-0.02,-0.00
2837715,27.00,0.12,-0.18,28.00,-3.92,-0.54,27.00,0.01,0.04
2837775,27.00,-0.05,-0.16,28.00,-3.49,-0.53,27.00,-0.04,-0.06
2837836,27.00,-0.15,-0.29,28.00,-3.38,-0.68,27.00,0.02,-0.01
2837896,27.00,-0.02,-0.29,28.00,-2.86,-0.15,27.00,-0.14,-0.07
2837956,27.00,-0.01,-0.21,28.00,-2.78,-0.54,27.00,0.01,-0.02
2838016,27.00,-0.05,-0.35,28.00,-2.13,-0.58,27.00,0.01,-0.07
2838076,27.00,0.12,-0.20,28.00,-1.74,-0.82,27.00,-0.01,-0.10
2838136,27.00,-0.05,-0.21,28.00,-1.12,-0.36,27.00,0.01,-0.01
2838196,27.00,0.08,-0.14,28.00,-0.48,-0.55,27.00,0.01,0.02
2838257,27.00,-0.04,-0.27,28.00,0.12,-0.51,27.00,0.01,0.01
2838317,27.00,-0.02,-0.06,28.00,0.53,-0.44,27.00,-0.04,-0.06
2838377,27.00,0.10,-0.20,28.00,1.03,0.01,27.00,-0.05,0.04
2838437,27.00,0.02,-0.27,28.00,1.56,0.03,27.00,0.01,-0.00
2838497,27.00,0.01,-0.24,28.00,2.12,-0.34,27.00,-0.04,-0.12
2838557,27.00,-0.10,-0.32,28.00,2.72,-0.00,27.00,0.01,-0.06
2838617,27.00,-0.15,-0.31,28.00,3.13,-0.40,27.00,0.04,0.01
2838677,27.00,0.02,-0.08,28.00,3.19,-0.22,27.00,-0.04,-0.01
2838738,27.00,-0.08,-0.19,28.00,3.61,0.25,27.00,0.04,-0.06
2838798,27.00,-0.04,-0.14,28.00,3.77,0.53,27.00,-0.01,-0.00
2838858,27.00,0.10,-0.23,28.00,3.57,0.32,27.00,-0.01,0.00
2838918,27.00,0.10,-0.18,28.00,3.49,0.07,27.00,0.05,-0.09
2838978,27.00,0.04,-0.22,28.00,3.58,-0.01,27.00,-0.02,-0.02
2839038,27.00,-0.11,-0.15,28.00,3.54,-0.15,27.00,0.07,-0.07
2839098,27.00,-0.26,-0.33,28.00,3.55,-0.11,27.00,0.04,-0.04
2839159,27.00,-0.05,-0.22,28.00,2.75,-0.11,27.00,0.04,-0.06
2839219,27.00,-0.15,-0.05,28.00,2.62,-0.13,27.00,-0.05,-0.13
2839279,27.00,0.01,-0.19,28.00,2.19,-0.23,27.00,0.01,-0.03
2839339,27.00,0.20,-0.23,28.00,1.53,-0.11,27.00,0.04,-0.07
2839399,27.00,0.01,-0.23,28.00,1.05,0.10,27.00,-0.02,-0.04
2839459,27.00,-0.11,-0.26,28.00,0.43,0.00,27.00,-0.01,0.02
2839519,27.00,0.05,-0.10,28.00,-0.17,-0.20,27.00,-0.01,-0.07
2839579,27.00,0.27,-0.12,28.00,-0.55,-0.25,27.00,0.02,-0.01
2839640,27.00,-0.01,-0.15,28.00,-1.46,-0.23,27.00,-0.05,-0.02
2839700,27.00,-0.05,-0.02,28.00,-1.81,-0.01,27.00,0.07,-0.00
2839760,27.00,0.02,-0.23,28.00,-2.01,0.07,27.00,0.04,-0.05
2839820,27.00,-0.01,-0.18,28.00,-2.79,0.28,27.00,-0.01,-0.06
2839880,27.00,0.01,-0.29,28.00,-3.00,0.05,27.00,-0.05,-0.09
2839940,27.00,-0.02,-0.01,28.00,-3.48,-0.26,27.00,-0.10,-0.03
2840000,27.00,-0.01,-0.09,28.00,-3.76,-0.02,27.00,-0.04,-0.07
2840061,27.00,-0.05,-0.25,28.00,-3.76,0.36,27.00,-0.02,0.01
2840121,27.00,0.02,-0.05,28.00,-3.86,-0.27,27.00,0.01,0.02
2840181,27.00,-0.01,-0.26,28.00,-3.88,-0.39,27.00,0.01,0.02
2840241,27.00,-0.05,-0.28,28.00,-3.88,-0.50,27.00,0.04,-0.04
2840301,27.00,-0.04,-0.24,28.00,-3.68,-0.54,27.00,0.02,-0.02
2840361,27.00,0.01,-0.23,28.00,-3.47,-0.29,27.00,-0.04,-0.07
2840421,27.00,-0.04,-0.15,28.00,-2.98,-0.59,27.00,0.01,-0.05
2840481,27.00,-0.04,-0.36,28.00,-2.59,-0.36,27.00,-0.08,-0.01
2840542,27.00,0.05,-0.11,28.00,-2.04,-0.43,27.00,-0.04,-0.05
2840602,27.00,-0.01,-0.05,28.00,-1.62,-0.22,27.00,-0.02,0.00
2840662,27.00,-0.07,-0.07,28.00,-0.89,-0.38,27.00,-0.04,-0.05
2840722,27.00,0.11,-0.29,28.00,-0.48,-0.95,27.00,-0.01,-0.08
2840782,27.00,-0.12,0.12,28.00,0.17,-0.65,27.00,-0.01,-0.04
2840842,27.00,0.02,-0.15,28.00,0.59,-0.14,27.00,-0.01,-0.01
2840902,27.00,-0.26,-0.27,28.00,1.38,-0.22,27.00,0.08,-0.06
2840963,27.00,-0.08,-0.32,28.00,1.88,0.25,27.00,-0.02,0.04
2841023,27.00,-0.17,-0.18,28.00,2.09,-0.16,27.00,0.04,-0.08
2841083,27.00,-0.08,-0.07,28.00,2.85,0.07,27.00,0.04,0.02
2841143,27.00,-0.07,-0.12,28.00,3.07,-0.15,27.00,0.02,0.02
2841203,27.00,0.01,-0.14,28.00,3.41,-0.01,27.00,0.04,-0.01
2841263,27.00,-0.07,-0.07,28.00,3.67,0.08,27.00,0.01,0.03
2841323,27.00,-0.04,-0.21,28.00,3.57,0.66,27.00,-0.04,0.02
2841383,27.00,0.07,0.07,28.00,3.76,0.07,27.00,-0.01,-0.07
2841444,27.00,0.14,-0.25,28.00,3.61,0.38,27.00,-0.05,-0.05
2841504,27.00,-0.07,-0.22,28.00,3.52,-0.45,27.00,0.02,-0.01
2841564,27.00,-0.17,-0.22,28.00,3.51,-0.38,27.00,0.01,-0.01
2841624,27.00,-0.10,-0.22,28.00,3.08,-0.10,27.00,0.07,-0.04
2841684,27.00,0.02,-0.22,28.00,3.07,0.07,27.00,0.02,0.07
2841744,27.00,-0.15,-0.24,28.00,2.59,-0.08,27.00,-0.07,-0.05
2841804,27.00,0.02,-0.24,28.00,1.75,-0.13,27.00,-0.07,-0.02
2841865,27.00,0.02,-0.11,28.00,1.43,0.32,27.00,-0.01,-0.02
2841925,27.00,0.01,-0.10,28.00,0.78,0.65,27.00,-0.04,-0.07
2841985,27.00,-0.07,-0.20,28.00,0.04,-0.09,27.00,0.01,-0.10
2842045,27.00,-0.02,-0.25,28.00,-0.51,-0.20,27.00,0.02,-0.05
2842105,27.00,0.01,-0.33,28.00,-0.89,0.09,27.00,-0.01,-0.06
2842165,27.00,-0.08,-0.29,28.00,-1.43,0.41,27.00,-0.02,-0.06
2842225,27.00,-0.04,-0.15,28.00,-1.85,-0.02,27.00,-0.04,-0.02
2842286,27.00,-0.04,-0.26,28.00,-2.16,-0.34,27.00,-0.01,-0.07
2842346,27.00,0.01,-0.41,28.00,-2.84,0.26,27.00,0.02,-0.00
2842406,27.00,-0.05,-0.12,28.00,-3.29,-0.06,27.00,0.07,-0.02
2842466,27.00,-0.04,-0.29,28.00,-3.49,0.06,27.00,-0.01,-0.08
2842526,27.00,0.15,-0.22,28.00,-3.64,0.07,27.00,-0.01,-0.05
2842586,27.00,-0.05,-0.33,28.00,-3.63,-0.36,27.00,-0.04,-0.11
2842646,27.00,-0.05,-0.07,28.00,-3.76,-0.29,27.00,-0.04,-0.08
2842706,27.00,-0.12,-0.18,28.00,-3.86,-0.16,27.00,-0.01,-0.05
2842767,27.00,0.07,-0.29,28.00,-3.57,-0.01,27.00,0.01,-0.00
2842827,27.00,-0.04,-0.36,28.00,-3.48,-0.38,27.00,0.01,0.01
2842887,27.00,0.10,-0.11,28.00,-3.22,-0.32,27.00,-0.01,0.00
2842947,27.00,-0.02,-0.29,28.00,-2.67,-0.44,27.00,-0.05,-0.05
2843007,27.00,-0.01,-0.14,28.00,-2.22,-0.47,27.00,0.01,-0.06
2843067,27.00,0.01,-0.21,28.00,-1.62,-0.79,27.00,-0.01,-0.05
2843127,27.00,0.11,-0.20,28.00,-1.43,-0.59,27.00,-0.04,0.07
2843188,27.00,0.04,-0.31,28.00,-0.70,-0.95,27.00,-0.01,-0.02
2843248,27.00,0.04,-0.09,28.00,-0.01,-0.67,27.00,-0.02,-0.14
2843308,27.00,-0.12,-0.27,28.00,0.34,-0.16,27.00,-0.02,-0.07
2843368,27.00,-0.10,-0.25,28.00,1.18,-0.24,27.00,0.05,-0.05
2843428,27.00,-0.08,-0.22,28.00,1.49,0.15,27.00,0.01,-0.01
2843488,27.00,0.26,-0.11,28.00,2.26,-0.05,27.00,0.04,-0.02
2843548,27.00,0.01,-0.34,28.00,2.82,-0.41,27.00,0.05,0.02
2843608,27.00,-0.07,-0.27,28.00,2.85,-0.36,27.00,-0.04,0.01
2843669,27.00,-0.21,-0.33,28.00,3.27,0.22,27.00,-0.01,0.04
2843729,27.00,0.05,-0.07,28.00,3.54,-0.15,27.00,0.02,0.01
2843789,27.00,0.07,-0.13,28.00,3.76,-0.29,27.00,0.01,-0.01
2843849,27.00,0.01,-0.20,28.00,4.02,-0.18,27.00,-0.05,-0.02
2843909,27.00,0.15,-0.09,28.00,3.93,-0.13,27.00,-0.01,0.00
2843969,27.00,-0.07,-0.24,28.00,3.86,0.16,27.00,-0.05,-0.03
2844029,27.00,0.02,-0.31,28.00,3.64,0.36,27.00,0.04,-0.03
2844090,27.00,-0.12,-0.07,28.00,3.32,-0.26,27.00,0.02,-0.01
2844150,27.00,0.02,-0.19,28.00,3.01,0.30,27.00,0.05,0.07
2844210,27.00,-0.08,-0.37,28.00,2.79,0.04,27.00,0.02,0.00
2844270,27.00,-0.05,-0.22,28.00,2.28,-0.10,27.00,-0.04,0.02
2844330,27.00,-0.01,-0.13,28.00,1.62,-0.05,27.00,-0.04,-0.02
2844390,27.00,-0.07,-0.04,28.00,1.03,-0.20,27.00,-0.04,-0.06
2844450,27.00,0.01,-0.08,28.00,0.58,0.37,27.00,-0.01,-0.01
2844510,27.00,-0.01,-0.34,28.00,0.10,-0.13,27.00,-0.02,-0.07
2844571,27.00,-0.02,-0.20,28.00,-0.49,-0.06,27.00,0.10,-0.07
2844631,27.00,0.01,-0.57,28.00,-1.03,-0.61,27.00,0.05,0.03
2844691,27.00,-0.08,-0.25,28.00,-1.56,-0.23,27.00,0.05,0.01
2844751,27.00,-0.11,-0.00,28.00,-2.21,-0.41,27.00,0.07,-0.02
2844811,27.00,0.02,-0.23,28.00,-2.57,-0.19,27.00,-0.02,-0.06
2844871,27.00,-0.12,-0.31,28.00,-3.11,-0.27,27.00,0.05,-0.03
2844931,27.00,0.07,-0.07,28.00,-3.54,-0.16,27.00,-0.04,-0.04
2844992,27.00,0.08,-0.16,28.00,-3.64,-0.24,27.00,0.04,-0.04
2845052,27.00,0.04,-0.11,28.00,-4.02,-0.62,27.00,-0.07,-0.00
2845112,27.00,-0.07,-0.24,28.00,-4.04,-0.41,27.00,0.01,-0.07
2845172,27.00,0.08,-0.15,28.00,-3.66,-0.66,27.00,-0.02,-0.07
2845232,27.00,0.01,-0.24,28.00,-3.61,-0.37,27.00,-0.02,0.08
2845292,27.00,0.08,-0.11,28.00,-3.70,0.08,27.00,-0.01,-0.04
2845352,27.00,-0.05,-0.09,28.00,-3.23,-0.03,27.00,-0.04,-0.03
2845412,27.00,0.02,-0.17,28.00,-2.95,-0.39,27.00,-0.05,-0.03
2845473,27.00,0.07,-0.18,28.00,-2.40,-0.70,27.00,-0.05,0.00
2845533,27.00,0.04,-0.22,28.00,-2.09,-0.58,27.00,0.04,-0.03
2845593,27.00,0.01,-0.06,28.00,-1.65,-0.60,27.00,-0.04,-0.06
2845653,27.00,-0.20,-0.32,28.00,-0.81,-0.51,27.00,-0.02,-0.07
2845713,27.00,0.01,-0.13,28.00,-0.34,-0.66,27.00,0.02,-0.05
2845773,27.00,0.04,-0.29,28.00,0.12,-0.37,27.00,-0.07,-0.00
2845833,27.00,-0.04,-0.16,28.00,0.89,-0.52,27.00,0.02,-0.07
2845894,27.00,-0.14,-0.24,28.00,1.25,-0.23,27.00,-0.07,-0.07
2845954,27.00,-0.05,-0.21,28.00,1.88,-0.27,27.00,-0.04,-0.01
2846014,27.00,-0.05,-0.18,28.00,2.48,-0.44,27.00,0.02,-0.04
2846074,27.00,-0.17,-0.27,28.00,2.79,-0.40,27.00,-0.01,-0.07
2846134,27.00,0.04,-0.26,28.00,2.98,-0.34,27.00,-0.01,0.01
2846194,27.00,0.08,-0.45,28.00,3.42,-0.35,27.00,0.01,-0.06
2846254,27.00,-0.05,-0.26,28.00,3.92,-0.20,27.00,-0.01,-0.02
2846314,27.00,-0.07,-0.17,28.00,3.67,-0.42,27.00,0.01,-0.07
2846375,27.00,0.07,-0.40,28.00,3.95,0.19,27.00,0.01,-0.07
2846435,27.00,0.08,-0.29,28.00,3.89,-0.44,27.00,0.02,-0.03
2846495,27.00,-0.12,-0.22,28.00,3.80,-0.63,27.00,0.05,-0.01
2846555,27.00,0.23,-0.17,28.00,3.32,0.07,27.00,0.04,-0.03
2846615,27.00,-0.10,-0.02,28.00,3.29,0.11,27.00,0.01,-0.08
2846675,27.00,0.01,-0.17,28.00,3.13,0.01,27.00,0.04,-0.11
2846735,27.00,-0.14,-0.19,28.00,2.31,-0.07,27.00,0.02,0.02
2846796,27.00,0.15,0.05,28.00,2.16,-0.26,27.00,0.02,-0.07
2846856,27.00,-0.05,-0.11,28.00,1.44,0.20,27.00,-0.04,-0.11
2846916,27.00,-0.10,-0.28,28.00,0.80,0.18,27.00,-0.07,-0.08
2846976,27.00,-0.07,-0.29,28.00,0.26,0.15,27.00,-0.10,-0.06
2847036,27.00,-0.11,-0.28,28.00,-0.07,-0.13,27.00,-0.01,-0.01
2847096,27.00,0.04,-0.36,28.00,-1.00,0.21,27.00,0.01,-0.09
2847156,27.00,0.08,-0.10,28.00,-1.38,0.05,27.00,0.05,-0.07
2847217,27.00,-0.14,-0.18,28.00,-1.91,-0.58,27.00,-0.07,-0.03
2847277,27.00,-0.01,-0.30,28.00,-2.59,-0.12,27.00,0.04,0.04
2847337,27.00,-0.02,-0.11,28.00,-3.14,0.03,27.00,-0.02,-0.10
2847397,27.00,-0.07,-0.11,28.00,-3.17,-0.31,27.00,-0.02,-0.02
2847457,27.00,0.02,-0.15,28.00,-3.19,-0.40,27.00,-0.02,-0.07
2847517,27.00,-0.15,-0.29,28.00,-3.76,-0.00,27.00,-0.05,-0.16
2847577,27.00,-0.01,-0.29,28.00,-3.95,-0.22,27.00,0.01,-0.01
2847637,27.00,-0.10,-0.18,28.00,-3.67,-0.98,27.00,-0.05,-0.03
2847698,27.00,0.14,-0.07,28.00,-3.60,-0.21,27.00,0.05,-0.09
2847758,27.00,-0.07,-0.14,28.00,-3.60,-0.74,27.00,-0.04,0.00
2847818,27.00,-0.04,-0.09,28.00,-3.42,-1.00,27.00,0.01,-0.08
2847878,27.00,-0.12,-0.24,28.00,-3.10,-0.15,27.00,-0.04,-0.06
2847938,27.00,-0.02,-0.38,28.00,-2.86,-0.38,27.00,-0.07,-0.01
2847998,27.00,0.02,-0.43,28.00,-2.28,-0.53,27.00,-0.07,0.00
2848058,27.00,-0.15,-0.33,28.00,-2.04,-0.61,27.00,-0.05,-0.09
2848118,27.00,-0.04,-0.22,28.00,-1.37,-0.65,27.00,-0.01,0.05
2848179,27.00,-0.02,-0.08,28.00,-0.61,-1.03,27.00,-0.04,-0.02
2848239,27.00,-0.04,-0.34,28.00,-0.11,-0.82,27.00,-0.01,0.00
2848299,27.00,-0.15,-0.24,28.00,0.39,-0.46,27.00,0.01,-0.04
2848359,27.00,-0.04,-0.28,28.00,0.90,0.48,27.00,-0.01,0.07
2848419,27.00,-0.07,-0.22,28.00,1.36,-0.09,27.00,-0.04,0.01
2848479,27.00,0.08,-0.15,28.00,1.87,-0.41,27.00,-0.01,0.01
2848539,27.00,-0.11,-0.10,28.00,2.38,-0.08,27.00,-0.02,-0.04
2848600,27.00,-0.20,-0.19,28.00,3.03,0.22,27.00,0.05,-0.03
2848660,27.00,-0.05,-0.25,28.00,3.25,-0.29,27.00,0.02,-0.15
2848720,27.00,-0.04,-0.05,28.00,3.51,-0.26,27.00,-0.08,-0.00
2848780,27.00,0.05,-0.23,28.00,3.74,0.36,27.00,0.01,-0.00
2848840,27.00,-0.11,-0.15,28.00,3.71,0.32,27.00,-0.02,-0.04
2848900,27.00,-0.04,-0.16,28.00,3.79,0.00,27.00,0.02,-0.06
2848960,27.00,0.07,0.04,28.00,3.44,0.12,27.00,-0.02,-0.06
2849021,27.00,0.04,-0.13,28.00,3.60,-0.30,27.00,0.02,-0.06
2849081,27.00,-0.07,-0.20,28.00,3.30,-0.24,27.00,-0.02,-0.06
2849141,27.00,0.21,-0.36,28.00,3.04,-0.38,27.00,0.01,-0.03
2849201,27.00,-0.10,-0.18,28.00,2.70,0.21,27.00,-0.02,-0.06
2849261,27.00,-0.10,-0.26,28.00,2.25,0.13,27.00,-0.02,-0.04
2849321,27.00,-0.10,-0.29,28.00,1.84,0.28,27.00,0.04,-0.07
2849381,27.00,-0.12,-0.27,28.00,1.22,0.24,27.00,-0.01,-0.09
2849441,27.00,-0.07,-0.19,28.00,0.49,0.37,27.00,-0.04,-0.00
2849502,27.00,0.20,-0.00,28.00,0.18,-0.55,27.00,-0.01,-0.06
2849562,27.00,0.04,-0.04,28.00,-0.52,-0.06,27.00,-0.04,-0.06
2849622,27.00,0.01,-0.15,28.00,-1.06,0.22,27.00,-0.05,-0.07
2849682,27.00,0.05,-0.23,28.00,-1.43,-0.07,27.00,0.01,-0.07
2849742,27.00,0.15,-0.01,28.00,-2.07,0.13,27.00,0.02,-0.08
2849802,27.00,-0.10,-0.24,28.00,-2.50,-0.12,27.00,0.04,-0.00
2849862,27.00,-0.12,-0.29,28.00,-2.82,0.12,27.00,-0.02,-0.08
2849923,27.00,-0.08,-0.32,28.00,-3.29,-0.31,27.00,-0.01,0.02
2849983,27.00,0.02,-0.22,28.00,-3.32,-0.10,27.00,-0.04,-0.01
2850043,27.00,-0.02,-0.12,28.00,-3.77,0.00,27.00,0.01,-0.07
2850103,27.00,-0.04,-0.26,28.00,-3.95,-0.38,27.00,0.05,-0.02
2850163,27.00,0.02,-0.23,28.00,-4.07,-0.35,27.00,-0.01,-0.07
2850223,27.00,0.07,-0.02,28.00,-3.88,-0.07,27.00,0.01,-0.08
2850283,27.00,0.07,-0.28,28.00,-3.64,-0.41,27.00,0.02,0.04
2850343,27.00,0.02,-0.30,28.00,-3.13,-0.26,27.00,-0.05,0.01
2850404,27.00,-0.01,-0.29,28.00,-2.85,-0.49,27.00,-0.07,-0.07
2850464,27.00,-0.02,-0.27,28.00,-2.66,-0.21,27.00,-0.07,-0.01
2850524,27.00,-0.01,0.01,28.00,-2.16,-0.17,27.00,-0.04,-0.02
2850584,27.00,-0.08,-0.34,28.00,-1.56,-0.76,27.00,-0.04,-0.11
2850644,27.00,0.08,-0.03,28.00,-0.97,-0.57,27.00,-0.10,-0.04
2850704,27.00,0.04,-0.39,28.00,-0.67,-0.84,27.00,-0.01,-0.10
2850764,27.00,0.05,-0.18,28.00,0.08,-0.55,27.00,-0.02,-0.06
2850825,27.00,-0.07,-0.22,28.00,0.70,-0.21,27.00,0.02,-0.07
2850885,27.00,0.15,-0.05,28.00,1.36,-0.02,27.00,-0.02,0.02
2850945,27.00,0.01,-0.23,28.00,1.93,-0.02,27.00,0.01,-0.07
2851005,27.00,-0.07,-0.33,28.00,2.15,0.13,27.00,-0.01,0.00
2851065,27.00,0.20,-0.22,28.00,2.81,0.07,27.00,0.02,-0.00
2851125,27.00,0.02,-0.10,28.00,2.91,0.30,27.00,0.07,-0.02
2851185,27.00,-0.04,-0.18,28.00,3.36,0.09,27.00,-0.04,-0.03
2851245,27.00,0.10,-0.10,28.00,3.58,0.15,27.00,0.01,-0.01
2851306,27.00,-0.08,-0.17,28.00,3.77,0.16,27.00,0.01,-0.04
2851366,27.00,-0.12,-0.18,28.00,3.93,-0.26,27.00,-0.02,-0.03
2851426,27.00,-0.05,-0.12,28.00,4.14,-0.38,27.00,0.05,-0.01
2851486,27.00,0.02,-0.25,28.00,3.88,0.45,27.00,-0.02,-0.09
2851546,27.00,0.02,-0.27,28.00,3.70,0.22,27.00,-0.04,0.01
2851606,27.00,-0.08,-0.26,28.00,2.95,0.03,27.00,0.02,-0.09
2851666,27.00,-0.04,-0.20,28.00,2.88,-0.57,27.00,0.04,-0.15
2851727,27.00,-0.08,-0.16,28.00,2.31,0.58,27.00,-0.01,-0.00
2851787,27.00,0.14,-0.08,28.00,1.94,0.49,27.00,-0.01,0.00
2851847,27.00,-0.07,-0.11,28.00,1.53,0.13,27.00,-0.04,-0.02
2851907,27.00,-0.02,-0.24,28.00,0.70,0.59,27.00,-0.02,-0.03
2851967,27.00,-0.01,-0.37,28.00,0.30,-0.07,27.00,-0.05,-0.06
2852027,27.00,0.11,-0.15,28.00,-0.17,-0.32,27.00,0.04,-0.08
2852087,27.00,-0.08,-0.19,28.00,-0.81,-0.08,27.00,0.04,-0.05
2852147,27.00,-0.02,-0.30,28.00,-1.38,-0.07,27.00,0.04,-0.08
2852208,27.00,-0.05,-0.15,28.00,-1.58,0.03,27.00,0.02,-0.05
2852268,27.00,0.05,-0.21,28.00,-2.19,-0.29,27.00,-0.01,-0.04
2852328,27.00,-0.11,-0.06,28.00,-2.78,-0.19,27.00,0.02,0.00
2852388,27.00,-0.12,-0.17,28.00,-3.19,0.01,27.00,-0.02,-0.00
2852448,27.00,-0.04,-0.08,28.00,-3.42,-0.32,27.00,0.01,-0.00
2852508,27.00,0.05,-0.18,28.00,-3.67,0.13,27.00,0.02,-0.07
2852568,27.00,-0.10,-0.23,28.00,-3.68,-0.65,27.00,-0.10,-0.01
2852629,27.00,-0.11,-0.09,28.00,-3.76,-0.37,27.00,0.07,-0.10
2852689,27.00,-0.15,-0.22,28.00,-3.77,-0.61,27.00,-0.01,0.00
2852749,27.00,-0.17,-0.28,28.00,-3.71,-0.16,27.00,0.05,-0.06
2852809,27.00,0.07,-0.04,28.00,-3.83,-0.11,27.00,0.02,-0.00
2852869,27.00,-0.08,-0.26,28.00,-3.23,-0.15,27.00,0.01,-0.03
2852929,27.00,0.05,-0.23,28.00,-2.92,-0.20,27.00,0.01,-0.01
2852989,27.00,-0.14,-0.22,28.00,-2.48,-0.17,27.00,0.04,-0.02
2853049,27.00,-0.05,-0.36,28.00,-1.87,-0.87,27.00,-0.05,-0.05
2853110,27.00,0.07,-0.22,28.00,-1.34,-0.64,27.00,-0.04,-0.03
2853170,27.00,-0.05,-0.07,28.00,-0.70,-0.57,27.00,-0.04,-0.09
2853230,27.00,-0.05,-0.08,28.00,-0.04,-0.82,27.00,0.04,-0.03
2853290,27.00,0.12,-0.18,28.00,0.27,-0.41,27.00,0.05,-0.02
2853350,27.00,-0.18,-0.00,28.00,0.77,-0.17,27.00,0.04,-0.00
2853410,27.00,0.02,-0.22,28.00,1.24,-0.55,27.00,0.02,0.06
2853470,27.00,-0.01,-0.19,28.00,2.03,-0.26,27.00,-0.01,-0.00
2853531,27.00,-0.12,-0.15,28.00,2.32,0.05,27.00,-0.01,-0.07
2853591,27.00,-0.08,-0.24,28.00,2.95,0.00,27.00,0.02,0.07
2853651,27.00,0.11,-0.22,28.00,3.23,-0.12,27.00,-0.04,-0.01
2853711,27.00,-0.07,-0.16,28.00,3.58,0.12,27.00,0.01,-0.04
2853771,27.00,0.04,-0.44,28.00,3.71,-0.25,27.00,-0.04,-0.02
2853831,27.00,-0.05,-0.25,28.00,3.77,-0.64,27.00,-0.01,-0.07
2853891,27.00,-0.04,-0.07,28.00,3.85,-0.07,27.00,-0.02,-0.03
2853952,27.00,0.12,-0.21,28.00,3.85,-0.31,27.00,-0.05,-0.08
2854012,27.00,0.07,-0.15,28.00,3.79,0.44,27.00,-0.05,0.04
2854072,27.00,-0.05,-0.04,28.00,3.17,-0.01,27.00,0.02,0.02
2854132,27.00,-0.10,-0.23,28.00,2.98,0.41,27.00,0.02,-0.10
2854192,27.00,-0.10,-0.20,28.00,2.84,-0.22,27.00,-0.02,-0.01
2854252,27.00,-0.07,-0.27,28.00,2.28,0.44,27.00,0.02,-0.02
2854312,27.00,0.04,-0.27,28.00,1.84,0.73,27.00,-0.07,-0.05
2854372,27.00,-0.01,-0.29,28.00,1.18,0.28,27.00,-0.05,-0.07
2854433,27.00,0.11,-0.16,28.00,0.71,0.29,27.00,0.04,-0.05
2854493,27.00,0.07,-0.07,28.00,0.23,0.03,27.00,0.02,-0.01
2854553,27.00,0.02,-0.29,28.00,-0.45,-0.35,27.00,-0.02,-0.06
2854613,27.00,0.07,-0.29,28.00,-1.02,-0.22,27.00,-0.02,-0.11
2854673,27.00,-0.01,0.03,28.00,-1.53,-0.22,27.00,-0.05,0.05
2854733,27.00,-0.07,-0.22,28.00,-2.15,-0.30,27.00,0.01,0.04
2854793,27.00,-0.11,-0.26,28.00,-2.69,-0.21,27.00,-0.02,-0.03
2854854,27.00,-0.05,-0.30,28.00,-2.84,-0.67,27.00,-0.04,0.00
2854914,27.00,0.01,-0.09,28.00,-3.51,0.07,27.00,-0.05,-0.09
2854974,27.00,-0.04,-0.29,28.00,-3.49,-0.24,27.00,-0.05,0.02
2855034,27.00,0.04,-0.30,28.00,-3.71,-0.47,27.00,0.02,0.04
2855094,27.00,-0.12,-0.43,28.00,-3.73,-0.61,27.00,-0.02,-0.11
2855154,27.00,-0.05,-0.12,28.00,-3.90,-0.24,27.00,0.02,-0.08
2855214,27.00,-0.11,-0.20,28.00,-3.85,-0.77,27.00,0.02,0.02
2855274,27.00,0.07,-0.20,28.00,-3.80,-0.22,27.00,0.02,-0.07
2855335,27.00,0.04,-0.16,28.00,-3.13,-0.17,27.00,-0.02,-0.00
2855395,27.00,-0.01,0.07,28.00,-3.32,-0.32,27.00,0.02,-0.04
2855455,27.00,-0.14,-0.19,28.00,-2.75,-0.53,27.00,-0.05,0.03
2855515,27.00,0.11,-0.18,28.00,-2.35,-0.50,27.00,-0.01,-0.14
2855575,27.00,-0.04,-0.24,28.00,-1.47,-1.04,27.00,-0.02,-0.05
2855635,27.00,-0.07,-0.30,28.00,-1.25,-0.64,27.00,-0.08,-0.07
2855695,27.00,0.04,-0.15,28.00,-0.65,-0.96,27.00,-0.04,-0.05
2855756,27.00,0.05,-0.05,28.00,0.02,-0.58,27.00,-0.02,-0.02
2855816,27.00,0.08,-0.15,28.00,0.43,-0.28,27.00,0.05,-0.07
2855876,27.00,0.08,-0.15,28.00,0.96,0.22,27.00,-0.02,-0.01
2855936,27.00,0.05,0.00,28.00,1.60,0.32,27.00,0.01,-0.08
2855996,27.00,-0.04,-0.10,28.00,2.09,-0.20,27.00,0.05,-0.02
2856056,27.00,-0.02,-0.35,28.00,2.67,0.10,27.00,0.02,0.00
2856116,27.00,-0.10,-0.20,28.00,2.84,-0.75,27.00,0.01,-0.03
2856176,27.00,0.14,-0.17,28.00,3.55,-0.15,27.00,-0.01,-0.09
2856237,27.00,-0.15,-0.30,28.00,3.32,0.08,27.00,-0.02,0.06
2856297,27.00,0.21,-0.06,28.00,3.45,0.55,27.00,0.02,-0.03
2856357,27.00,0.07,-0.13,28.00,3.90,-0.13,27.00,0.05,0.04
2856417,27.00,-0.02,-0.29,28.00,3.92,-0.28,27.00,-0.04,0.00
2856477,27.00,-0.05,-0.16,28.00,3.96,-0.10,27.00,-0.08,0.02
2856537,27.00,-0.04,-0.29,28.00,3.70,0.12,27.00,0.01,-0.02
2856597,27.00,-0.20,-0.15,28.00,3.23,0.19,27.00,0.04,-0.06
2856658,27.00,0.12,-0.27,28.00,2.82,0.43,27.00,0.05,-0.00
2856718,27.00,-0.15,-0.01,28.00,2.51,-0.31,27.00,0.07,0.01
2856778,27.00,-0.01,-0.17,28.00,2.21,0.12,27.00,-0.04,-0.06
2856838,27.00,0.05,-0.36,28.00,1.71,-0.15,27.00,0.02,-0.00
2856898,27.00,-0.07,-0.19,28.00,1.03,0.05,27.00,-0.02,-0.05
2856958,27.00,-0.05,-0.24,28.00,0.32,0.27,27.00,-0.02,-0.01
2857018,27.00,-0.05,-0.17,28.00,0.01,-0.36,27.00,-0.04,-0.03
2857078,27.00,-0.11,-0.07,28.00,-0.73,0.07,27.00,-0.07,-0.04
2857139,27.00,-0.05,-0.24,28.00,-1.22,-0.04,27.00,-0.04,0.00
2857199,27.00,-0.11,-0.21,28.00,-1.63,-0.21,27.00,-0.01,0.01
2857259,27.00,-0.01,-0.34,28.00,-2.42,0.11,27.00,0.01,-0.07
2857319,27.00,-0.20,-0.44,28.00,-2.63,-0.00,27.00,-0.04,-0.03
2857379,27.00,-0.01,-0.31,28.00,-3.20,-0.35,27.00,0.01,-0.02
2857439,27.00,0.08,0.05,28.00,-3.54,-0.40,27.00,-0.04,-0.02
2857499,27.00,0.02,-0.35,28.00,-3.70,-0.14,27.00,-0.02,-0.05
2857560,27.00,-0.02,-0.24,28.00,-4.10,-0.28,27.00,-0.10,-0.15
2857620,27.00,-0.14,-0.30,28.00,-3.79,-0.51,27.00,-0.02,-0.03
2857680,27.00,0.01,-0.14,28.00,-3.98,-0.25,27.00,0.04,0.07
2857740,27.00,0.02,-0.27,28.00,-3.49,-0.22,27.00,-0.04,-0.03
2857800,27.00,0.07,-0.15,28.00,-3.71,-0.60,27.00,0.01,-0.10
2857860,27.00,0.07,-0.00,28.00,-3.23,-0.83,27.00,-0.07,-0.06
2857920,27.00,0.01,-0.07,28.00,-2.84,-0.45,27.00,-0.04,0.05
2857980,27.00,-0.01,-0.22,28.00,-2.53,-0.77,27.00,-0.04,-0.07
2858041,27.00,0.02,-0.17,28.00,-2.03,-0.25,27.00,-0.04,-0.03
2858101,27.00,-0.07,-0.13,28.00,-1.58,-0.34,27.00,0.05,-0.00
2858161,27.00,0.02,-0.15,28.00,-0.96,-0.35,27.00,-0.01,-0.04
2858221,27.00,0.04,-0.36,28.00,-0.36,-1.03,27.00,-0.02,-0.01
2858281,27.00,-0.14,-0.08,28.00,0.07,-0.36,27.00,-0.05,-0.10
2858341,27.00,-0.15,-0.19,28.00,0.86,-0.22,27.00,0.04,0.13
2858401,27.00,-0.01,-0.38,28.00,1.40,0.22,27.00,0.11,0.03
2858462,27.00,-0.04,-0.15,28.00,1.68,-0.04,27.00,0.01,-0.05
2858522,27.00,0.05,-0.20,28.00,2.18,-0.38,27.00,0.05,-0.03
2858582,27.00,-0.02,-0.18,28.00,2.79,-0.03,27.00,-0.04,-0.01
2858642,27.00,0.01,-0.07,28.00,3.20,-0.05,27.00,-0.08,-0.00
2858702,27.00,-0.02,-0.17,28.00,3.47,-0.04,27.00,-0.04,-0.06
2858762,27.00,-0.15,-0.27,28.00,3.70,0.36,27.00,0.02,-0.06
2858822,27.00,-0.07,-0.22,28.00,3.77,0.27,27.00,-0.02,0.00
2858882,27.00,0.04,-0.13,28.00,4.08,-0.33,27.00,0.01,-0.08
2858943,27.00,-0.02,-0.14,28.00,3.82,-0.36,27.00,0.01,-0.08
2859003,27.00,-0.24,-0.36,28.00,3.66,-0.47,27.00,-0.01,-0.06
2859063,27.00,0.04,-0.16,28.00,3.42,-0.40,27.00,-0.01,-0.07
2859123,27.00,0.01,-0.15,28.00,3.30,-0.43,27.00,0.01,-0.15
2859183,27.00,-0.15,-0.51,28.00,3.01,0.07,27.00,0.01,-0.01
2859243,27.00,-0.10,-0.15,28.00,2.25,-0.51,27.00,0.05,0.04
2859303,27.00,-0.04,-0.27,28.00,2.15,-0.59,27.00,-0.05,-0.08
2859364,27.00,0.01,-0.22,28.00,1.50,0.30,27.00,-0.02,0.00
2859424,27.00,-0.12,-0.14,28.00,0.59,0.65,27.00,-0.02,-0.03
2859484,27.00,-0.14,-0.44,28.00,0.12,0.00,27.00,0.05,-0.07
2859544,27.00,0.04,-0.15,28.00,-0.29,-0.37,27.00,0.01,0.00
2859604,27.00,-0.05,-0.40,28.00,-1.15,0.33,27.00,-0.05,-0.00
2859664,27.00,0.02,-0.25,28.00,-1.44,0.35,27.00,0.01,0.06
2859724,27.00,-0.02,-0.10,28.00,-1.90,-0.03,27.00,-0.02,0.04
2859785,27.00,-0.08,-0.16,28.00,-2.75,0.27,27.00,-0.01,-0.09
2859845,27.00,0.04,-0.27,28.00,-2.92,0.48,27.00,-0.04,-0.01
2859905,27.00,-0.11,-0.22,28.00,-3.41,-0.24,27.00,-0.02,-0.02
2859965,27.00,-0.02,-0.13,28.00,-3.80,0.00,27.00,0.01,-0.04
2860025,27.00,0.26,0.02,28.00,-3.70,0.10,27.00,-0.01,-0.07
2860085,27.00,0.05,-0.15,28.00,-3.63,-0.51,27.00,0.04,-0.05
2860145,27.00,0.02,-0.19,28.00,-3.88,-0.31,27.00,-0.01,-0.09
2860205,27.00,-0.20,-0.26,28.00,-3.85,-0.44,27.00,-0.02,0.03
2860266,27.00,-0.01,-0.24,28.00,-3.80,-0.48,27.00,-0.01,-0.05
2860326,27.00,-0.10,-0.10,28.00,-3.52,-0.26,27.00,-0.05,0.00
2860386,27.00,-0.02,-0.19,28.00,-3.23,-0.20,27.00,-0.04,0.03
2860446,27.00,0.01,-0.29,28.00,-2.78,-0.34,27.00,-0.04,-0.11
2860506,27.00,0.11,-0.16,28.00,-2.22,-0.80,27.00,-0.04,-0.07
2860566,27.00,-0.05,-0.28,28.00,-1.66,-0.14,27.00,-0.01,-0.07
2860626,27.00,-0.07,-0.18,28.00,-1.09,-0.61,27.00,-0.02,-0.08
2860687,27.00,-0.02,-0.36,28.00,-0.73,-0.85,27.00,0.01,-0.00
2860747,27.00,-0.10,-0.07,28.00,-0.23,-0.58,27.00,-0.01,-0.01
2860807,27.00,-0.08,-0.25,28.00,0.36,-0.46,27.00,-0.01,-0.05
2860867,27.00,-0.10,-0.19,28.00,1.37,-0.19,27.00,-0.04,-0.04
2860927,27.00,-0.02,-0.23,28.00,1.41,0.29,27.00,-0.05,0.04
2860987,27.00,0.05,-0.24,28.00,2.15,-0.05,27.00,0.02,-0.14
2861047,27.00,-0.07,-0.11,28.00,2.63,-0.11,27.00,-0.08,-0.18
2861107,27.00,-0.10,-0.17,28.00,2.89,0.22,27.00,-0.02,-0.06
2861168,27.00,0.15,-0.19,28.00,3.19,0.29,27.00,0.07,-0.07
2861228,27.00,-0.15,-0.22,28.00,3.58,-0.02,27.00,-0.04,0.02
2861288,27.00,0.04,-0.21,28.00,3.89,-0.41,27.00,-0.02,-0.02
2861348,27.00,-0.04,-0.25,28.00,3.93,-0.36,27.00,-0.01,-0.07
2861408,27.00,-0.07,-0.19,28.00,3.90,0.22,27.00,0.04,0.02
2861468,27.00,-0.08,-0.08,28.00,3.95,-0.07,27.00,0.02,-0.07
2861528,27.00,-0.01,-0.13,28.00,3.39,0.56,27.00,-0.04,-0.05
2861589,27.00,-0.05,-0.21,28.00,3.47,-0.06,27.00,0.02,-0.05
2861649,27.00,-0.15,-0.34,28.00,3.11,-0.48,27.00,-0.08,-0.00
2861709,27.00,-0.05,-0.24,28.00,2.72,0.14,27.00,-0.04,-0.02
2861769,27.00,-0.08,-0.36,28.00,2.00,-0.33,27.00,0.05,-0.05
2861829,27.00,0.02,-0.33,28.00,1.60,0.45,27.00,0.01,-0.09
2861889,27.00,0.08,-0.18,28.00,1.19,-0.02,27.00,-0.04,-0.07
2861949,27.00,-0.08,-0.34,28.00,0.40,0.17,27.00,0.04,-0.07
2862009,27.00,0.02,-0.22,28.00,-0.05,0.04,27.00,-0.02,-0.03
2862070,27.00,-0.08,-0.24,28.00,-0.74,-0.23,27.00,-0.05,-0.04
2862130,27.00,0.02,-0.25,28.00,-1.05,-0.47,27.00,-0.01,0.01
2862190,27.00,0.23,-0.12,28.00,-1.66,-0.32,27.00,-0.04,-0.07
2862250,27.00,-0.04,-0.12,28.00,-1.90,-0.79,27.00,0.01,-0.08
2862310,27.00,-0.02,-0.20,28.00,-2.75,-0.17,27.00,0.01,0.05
2862370,27.00,0.21,-0.11,28.00,-3.13,-0.34,27.00,-0.07,-0.07
2862430,27.00,-0.02,-0.17,28.00,-3.54,-0.36,27.00,-0.01,-0.01
2862491,27.00,-0.02,-0.08,28.00,-3.90,0.06,27.00,-0.05,-0.08
2862551,27.00,0.08,-0.12,28.00,-3.93,-0.27,27.00,0.05,0.05
2862611,27.00,-0.17,-0.33,28.00,-3.95,-0.13,27.00,-0.01,-0.00
2862671,27.00,-0.10,-0.22,28.00,-3.67,-0.50,27.00,-0.07,-0.08
2862731,27.00,0.05,-0.07,28.00,-3.60,-0.44,27.00,-0.04,-0.08
2862791,27.00,-0.01,-0.16,28.00,-3.57,0.10,27.00,-0.05,-0.06
2862851,27.00,-0.11,-0.20,28.00,-3.51,0.15,27.00,-0.04,-0.08
2862911,27.00,-0.05,-0.27,28.00,-3.03,-0.26,27.00,0.07,-0.01
2862972,27.00,-0.02,-0.34,28.00,-2.59,-0.29,27.00,0.01,-0.03
2863032,27.00,0.12,-0.34,28.00,-2.13,-0.65,27.00,0.01,0.02
2863092,27.00,-0.10,-0.22,28.00,-1.63,-0.31,27.00,-0.02,-0.04
2863152,27.00,0.05,-0.18,28.00,-1.30,-0.73,27.00,-0.01,-0.01
2863212,27.00,0.20,0.02,28.00,-0.08,-0.69,27.00,-0.01,0.03
2863272,27.00,0.10,-0.07,28.00,-0.04,-0.44,27.00,-0.01,-0.05
2863332,27.00,-0.05,-0.15,28.00,0.68,-0.12,27.00,0.02,-0.02
2863393,27.00,-0.15,-0.07,28.00,1.40,-0.15,27.00,0.01,-0.00
2863453,27.00,-0.10,-0.19,28.00,1.91,0.08,27.00,-0.05,0.00
2863513,27.00,-0.07,-0.18,28.00,2.25,-0.15,27.00,0.04,-0.09
2863573,27.00,0.08,-0.10,28.00,2.78,-0.41,27.00,0.07,0.00
2863633,27.00,0.01,-0.24,28.00,3.07,-0.15,27.00,-0.02,-0.06
2863693,27.00,0.04,-0.13,28.00,3.49,-0.04,27.00,-0.02,-0.05
2863753,27.00,-0.04,-0.22,28.00,3.64,0.09,27.00,0.01,-0.15
2863813,27.00,-0.01,-0.23,28.00,3.82,-0.44,27.00,0.04,-0.01
2863874,27.00,0.15,-0.14,28.00,4.05,-0.30,27.00,0.01,-0.03
2863934,27.00,0.07,0.06,28.00,3.68,-0.41,27.00,-0.05,-0.02
2863994,27.00,0.14,-0.18,28.00,3.93,0.16,27.00,0.05,-0.03
2864054,27.00,-0.14,-0.25,28.00,3.39,0.01,27.00,-0.01,-0.02
2864114,27.00,-0.04,-0.34,28.00,3.07,0.20,27.00,0.05,-0.03
2864174,27.00,-0.04,-0.29,28.00,2.86,0.33,27.00,0.01,-0.10
2864234,27.00,0.07,-0.16,28.00,2.48,-0.02,27.00,0.04,-0.01
2864295,27.00,0.10,-0.15,28.00,2.03,0.25,27.00,0.01,-0.04
2864355,27.00,-0.02,-0.14,28.00,1.52,0.20,27.00,-0.02,0.00
2864415,27.00,0.08,-0.20,28.00,0.86,-0.28,27.00,-0.10,-0.06
2864475,27.00,0.05,-0.22,28.00,0.36,0.15,27.00,0.01,-0.07
2864535,27.00,-0.08,-0.28,28.00,-0.26,-0.22,27.00,0.01,-0.12
2864595,27.00,0.14,-0.05,28.00,-0.70,-0.66,27.00,0.07,0.05
2864655,27.00,0.11,-0.15,28.00,-1.14,-0.41,27.00,-0.02,-0.04
2864716,27.00,-0.05,-0.23,28.00,-1.65,-0.53,27.00,-0.04,0.02
2864776,27.00,-0.04,-0.22,28.00,-2.40,-0.50,27.00,-0.02,-0.10
2864836,27.00,0.11,-0.22,28.00,-2.81,-0.25,27.00,0.02,-0.08
2864896,27.00,0.05,-0.18,28.00,-3.35,-0.16,27.00,-0.02,-0.05
2864956,27.00,-0.11,-0.34,28.00,-3.61,-0.24,27.00,0.01,-0.05
2865016,27.00,0.14,-0.18,28.00,-3.80,-0.23,27.00,0.02,-0.11
2865076,27.00,-0.01,-0.25,28.00,-3.96,-0.38,27.00,0.05,-0.01
2865136,27.00,0.01,-0.12,28.00,-3.76,-0.31,27.00,-0.07,-0.03
2865197,27.00,-0.04,-0.30,28.00,-3.96,-0.48,27.00,-0.01,-0.04
2865257,27.00,0.10,-0.29,28.00,-3.44,-0.42,27.00,0.02,-0.06
2865317,27.00,-0.05,-0.15,28.00,-3.42,-0.39,27.00,-0.02,-0.07
2865377,27.00,0.23,-0.09,28.00,-3.07,-0.41,27.00,-0.02,0.00
2865437,27.00,-0.01,-0.13,28.00,-2.88,-0.64,27.00,-0.02,-0.07
2865497,27.00,0.11,-0.03,28.00,-2.31,-0.65,27.00,-0.05,-0.03
2865557,27.00,-0.10,-0.18,28.00,-1.90,-0.65,27.00,0.05,0.02
2865617,27.00,-0.10,-0.12,28.00,-1.37,-0.80,27.00,0.01,-0.07
2865678,27.00,0.29,0.03,28.00,-0.73,-0.51,27.00,-0.05,-0.06
2865738,27.00,-0.07,-0.32,28.00,-0.20,-0.67,27.00,-0.01,-0.03
2865798,27.00,0.17,-0.05,28.00,0.45,-0.66,27.00,-0.01,-0.07
2865858,27.00,0.05,-0.18,28.00,0.87,0.38,27.00,-0.04,-0.00
2865918,27.00,-0.05,-0.31,28.00,1.43,-0.01,27.00,-0.01,-0.05
2865978,27.00,0.05,-0.21,28.00,2.19,-0.51,27.00,0.11,0.03
2866038,27.00,-0.14,-0.15,28.00,2.62,-0.06,27.00,0.07,0.01
2866099,27.00,-0.10,-0.19,28.00,2.73,-0.73,27.00,-0.04,-0.03
2866159,27.00,-0.11,-0.27,28.00,3.33,-0.67,27.00,-0.02,0.02
2866219,27.00,-0.15,-0.29,28.00,3.68,-0.09,27.00,-0.07,-0.00
2866279,27.00,0.08,-0.24,28.00,3.67,0.33,27.00,-0.04,0.00
2866339,27.00,-0.02,-0.27,28.00,3.63,0.15,27.00,-0.04,0.00
2866399,27.00,-0.10,-0.09,28.00,4.02,-0.45,27.00,-0.01,-0.10
2866459,27.00,0.04,-0.16,28.00,3.68,-0.22,27.00,-0.05,-0.03
2866520,27.00,0.02,-0.39,28.00,3.77,-0.23,27.00,-0.04,0.01
2866580,27.00,0.05,-0.18,28.00,3.42,0.08,27.00,0.01,-0.07
2866640,27.00,0.01,-0.15,28.00,3.11,0.21,27.00,-0.02,0.02
2866700,27.00,-0.12,-0.22,28.00,2.56,0.36,27.00,0.01,-0.02
2866760,27.00,-0.01,-0.14,28.00,2.32,-0.01,27.00,-0.02,-0.06
2866820,27.00,-0.07,-0.07,28.00,1.81,0.11,27.00,0.02,-0.02
2866880,27.00,0.05,-0.03,28.00,1.19,-0.36,27.00,0.02,0.00
2866940,27.00,0.05,-0.30,28.00,0.84,-0.08,27.00,-0.01,-0.02
2867001,27.00,0.05,-0.10,28.00,0.24,-0.29,27.00,-0.07,-0.01
2867061,27.00,0.05,-0.21,28.00,-0.42,-0.31,27.00,-0.01,-0.07
2867121,27.00,0.10,-0.17,28.00,-1.05,-0.53,27.00,-0.02,-0.02
2867181,27.00,0.01,-0.08,28.00,-1.66,-0.27,27.00,0.05,-0.01
2867241,27.00,-0.01,-0.26,28.00,-2.18,0.22,27.00,-0.05,-0.01
2867301,27.00,-0.02,-0.18,28.00,-2.67,0.10,27.00,0.04,-0.03
2867361,27.00,0.01,-0.31,28.00,-3.20,-0.02,27.00,0.04,-0.06
2867422,27.00,0.07,-0.10,28.00,-3.32,-0.11,27.00,-0.05,-0.07
2867482,27.00,-0.08,-0.15,28.00,-3.71,-0.22,27.00,0.02,-0.08
2867542,27.00,0.07,-0.22,28.00,-4.02,0.06,27.00,0.05,0.01
2867602,27.00,-0.01,-0.08,28.00,-3.86,-0.44,27.00,0.02,-0.01
2867662,27.00,0.07,-0.22,28.00,-4.10,-0.05,27.00,0.05,-0.02
2867722,27.00,-0.12,-0.14,28.00,-3.92,-0.13,27.00,0.04,-0.07
2867782,27.00,0.05,-0.27,28.00,-3.77,-0.72,27.00,-0.01,-0.06
2867842,27.00,-0.04,-0.23,28.00,-3.19,-0.58,27.00,-0.02,-0.03
2867903,27.00,-0.07,-0.29,28.00,-3.19,-0.59,27.00,0.04,-0.05
2867963,27.00,-0.14,-0.12,28.00,-2.66,-0.61,27.00,0.01,0.03
2868023,27.00,0.12,-0.15,28.00,-2.19,-0.30,27.00,-0.02,-0.01
2868083,27.00,0.08,-0.29,28.00,-1.66,-0.62,27.00,0.04,-0.04
2868143,27.00,-0.08,-0.32,28.00,-1.18,-0.09,27.00,-0.02,-0.05
2868203,27.00,-0.01,-0.17,28.00,-0.52,-0.84,27.00,-0.04,-0.00
2868263,27.00,0.04,-0.22,28.00,-0.07,-0.61,27.00,0.02,-0.01
2868324,27.00,0.04,-0.16,28.00,0.46,-0.33,27.00,-0.04,-0.10
2868384,27.00,0.01,-0.29,28.00,1.31,0.11,27.00,0.01,-0.02
2868444,27.00,-0.15,-0.22,28.00,1.49,-0.24,27.00,0.01,-0.05
2868504,27.00,0.04,-0.29,28.00,2.19,-0.25,27.00,-0.05,-0.05
2868564,27.00,-0.02,-0.19,28.00,2.50,0.03,27.00,0.05,-0.01
2868624,27.00,-0.02,-0.19,28.00,2.95,0.38,27.00,-0.02,0.02
2868684,27.00,0.27,-0.09,28.00,3.17,0.22,27.00,-0.05,0.00
2868744,27.00,0.02,-0.29,28.00,3.48,0.00,27.00,-0.10,0.07
2868805,27.00,0.01,-0.25,28.00,3.89,0.01,27.00,-0.01,0.03
2868865,27.00,0.01,-0.36,28.00,4.10,0.07,27.00,-0.04,-0.12
2868925,27.00,-0.05,-0.31,28.00,3.90,0.14,27.00,0.04,-0.00
2868985,27.00,0.17,-0.11,28.00,3.79,-0.25,27.00,-0.07,-0.10
2869045,27.00,0.02,-0.16,28.00,3.57,0.19,27.00,-0.07,0.01
2869105,27.00,-0.10,-0.37,28.00,2.98,0.18,27.00,0.04,-0.10
2869165,27.00,0.04,-0.22,28.00,3.01,-0.17,27.00,0.04,-0.01
2869226,27.00,-0.12,-0.18,28.00,2.38,0.48,27.00,-0.02,-0.06
2869286,27.00,0.05,-0.20,28.00,1.79,-0.03,27.00,-0.01,0.00
2869346,27.00,0.05,-0.26,28.00,1.27,-0.21,27.00,-0.02,-0.02
2869406,27.00,-0.05,-0.13,28.00,0.75,0.49,27.00,-0.04,-0.01
2869466,27.00,0.12,-0.23,28.00,0.23,-0.44,27.00,-0.05,-0.07
2869526,27.00,-0.07,-0.27,28.00,-0.18,-0.44,27.00,0.01,-0.12
2869586,27.00,0.04,-0.21,28.00,-0.92,-0.24,27.00,-0.05,-0.00
2869646,27.00,0.04,-0.17,28.00,-1.37,0.36,27.00,-0.04,-0.01
2869707,27.00,-0.02,-0.21,28.00,-1.91,0.23,27.00,-0.02,-0.07
2869767,27.00,-0.05,-0.18,28.00,-2.31,-0.36,27.00,-0.05,-0.05
2869827,27.00,-0.04,-0.24,28.00,-2.76,-0.33,27.00,0.04,0.02
2869887,27.00,-0.12,-0.22,28.00,-3.13,-0.14,27.00,-0.02,-0.03
2869947,27.00,0.02,-0.20,28.00,-3.52,-0.32,27.00,0.04,-0.03
2870007,27.00,-0.08,-0.26,28.00,-3.52,0.15,27.00,0.01,-0.03
2870067,27.00,-0.12,-0.15,28.00,-3.76,-0.27,27.00,-0.01,-0.07
2870128,27.00,-0.01,-0.19,28.00,-3.67,-0.09,27.00,-0.07,-0.02
2870188,27.00,-0.12,-0.32,28.00,-3.76,-0.22,27.00,0.01,-0.06
2870248,27.00,0.11,-0.30,28.00,-3.70,-0.09,27.00,-0.01,0.02
2870308,27.00,-0.05,-0.18,28.00,-3.61,-0.23,27.00,-0.01,-0.04
2870368,27.00,0.07,-0.20,28.00,-3.35,-0.51,27.00,-0.01,-0.09
2870428,27.00,-0.02,-0.10,28.00,-2.89,-0.22,27.00,-0.12,-0.00
2870488,27.00,0.04,-0.16,28.00,-2.60,-0.60,27.00,-0.05,-0.09
2870548,27.00,-0.15,-0.19,28.00,-1.79,-0.47,27.00,-0.05,-0.02
2870609,27.00,-0.01,-0.22,28.00,-1.22,-0.85,27.00,-0.01,-0.04
2870669,27.00,-0.21,-0.24,28.00,-0.77,-0.44,27.00,-0.01,-0.04
2870729,27.00,0.01,0.02,28.00,-0.29,-0.53,27.00,-0.01,0.01
2870789,27.00,-0.14,-0.39,28.00,0.23,-0.32,27.00,-0.02,-0.04
2870849,27.00,-0.02,-0.30,28.00,0.75,-0.39,27.00,-0.02,-0.04
2870909,27.00,0.14,-0.12,28.00,1.65,-0.89,27.00,0.01,0.06
2870969,27.00,0.11,0.10,28.00,1.68,0.30,27.00,-0.07,-0.01
2871030,27.00,-0.11,-0.22,28.00,2.42,0.35,27.00,-0.02,-0.01
2871090,27.00,0.02,-0.16,28.00,2.84,0.04,27.00,-0.02,-0.00
2871150,27.00,0.02,-0.11,28.00,3.19,-0.04,27.00,-0.07,0.00
2871210,27.00,-0.04,-0.23,28.00,3.73,-0.25,27.00,0.01,-0.05
2871270,27.00,-0.15,-0.33,28.00,3.74,-0.15,27.00,0.01,-0.04
2871330,27.00,0.24,-0.17,28.00,4.02,-0.29,27.00,-0.01,-0.06
2871390,27.00,-0.05,-0.27,28.00,3.68,0.29,27.00,-0.01,-0.04
2871450,27.00,0.02,-0.38,28.00,3.88,-0.42,27.00,0.07,0.02
2871511,27.00,-0.20,-0.32,28.00,3.67,0.27,27.00,0.01,-0.01
2871571,27.00,0.11,-0.33,28.00,3.32,-0.20,27.00,0.04,-0.03
2871631,27.00,-0.04,-0.18,28.00,3.10,-0.06,27.00,0.01,0.01
2871691,27.00,-0.04,-0.19,28.00,2.70,0.33,27.00,-0.01,0.01
2871751,27.00,0.04,-0.22,28.00,2.25,0.41,27.00,-0.07,-0.00
2871811,27.00,0.14,-0.16,28.00,1.75,0.28,27.00,0.07,0.01
2871871,27.00,0.05,-0.17,28.00,1.22,0.32,27.00,0.02,-0.11
2871932,27.00,-0.04,-0.28,28.00,0.59,0.58,27.00,-0.02,-0.05
2871992,27.00,0.15,-0.13,28.00,0.36,0.14,27.00,-0.01,-0.04
2872052,27.00,0.01,-0.23,28.00,-0.26,-0.31,27.00,0.01,-0.09
2872112,27.00,0.23,-0.12,28.00,-0.80,-0.32,27.00,-0.05,-0.01
2872172,27.00,-0.11,0.00,28.00,-1.43,-0.59,27.00,-0.07,0.09
2872232,27.00,0.07,-0.23,28.00,-2.15,-0.60,27.00,-0.05,-0.20
2872292,27.00,-0.04,-0.21,28.00,-2.69,-0.34,27.00,-0.08,-0.05
2872353,27.00,0.07,-0.13,28.00,-2.79,-0.44,27.00,0.02,-0.07
2872413,27.00,0.10,-0.01,28.00,-3.49,0.21,27.00,-0.01,-0.05
2872473,27.00,0.05,-0.27,28.00,-3.64,-0.19,27.00,0.05,0.01
2872533,27.00,-0.04,-0.06,28.00,-4.01,-0.51,27.00,-0.04,-0.03
2872593,27.00,-0.10,-0.13,28.00,-3.63,-0.68,27.00,-0.07,-0.01
2872653,27.00,-0.10,-0.14,28.00,-3.83,-0.27,27.00,-0.05,0.06
2872713,27.00,-0.02,-0.29,28.00,-3.66,-0.40,27.00,0.04,-0.08
2872773,27.00,-0.14,-0.12,28.00,-3.51,-0.25,27.00,-0.02,0.07
2872834,27.00,0.15,-0.15,28.00,-3.47,-0.12,27.00,-0.02,0.04
2872894,27.00,0.10,-0.26,28.00,-3.05,-0.04,27.00,0.01,0.02
2872954,27.00,0.14,-0.18,28.00,-2.45,-0.16,27.00,0.01,-0.01
2873014,27.00,-0.11,-0.14,28.00,-2.21,-0.36,27.00,-0.01,-0.07
2873074,27.00,-0.08,-0.15,28.00,-1.79,-0.65,27.00,-0.01,-0.05
2873134,27.00,0.04,-0.09,28.00,-1.16,-0.87,27.00,-0.02,-0.02
2873194,27.00,0.07,-0.35,28.00,-0.39,-0.44,27.00,-0.01,-0.06
2873255,27.00,-0.01,-0.27,28.00,-0.14,-0.24,27.00,-0.02,-0.07
2873315,27.00,0.08,-0.14,28.00,0.51,-0.11,27.00,0.01,0.03
2873375,27.00,-0.05,-0.22,28.00,1.00,-0.03,27.00,0.01,-0.01
2873435,27.00,-0.02,-0.10,28.00,1.75,-0.09,27.00,0.01,0.03
2873495,27.00,-0.05,-0.29,28.00,2.35,-0.15,27.00,-0.05,-0.00
2873555,27.00,-0.01,-0.12,28.00,2.62,0.02,27.00,-0.04,-0.04
2873615,27.00,0.04,-0.30,28.00,3.22,-0.69,27.00,-0.01,-0.08
2873675,27.00,0.01,-0.29,28.00,3.30,-0.08,27.00,0.04,-0.10
2873736,27.00,0.14,-0.04,28.00,3.82,-0.22,27.00,-0.01,-0.04
2873796,27.00,-0.02,-0.33,28.00,3.96,-0.22,27.00,-0.02,-0.04
2873856,27.00,0.04,-0.18,28.00,3.99,-0.65,27.00,-0.08,0.07
2873916,27.00,0.10,-0.04,28.00,4.02,-0.22,27.00,0.04,0.02
2873976,27.00,-0.12,-0.07,28.00,3.71,0.00,27.00,-0.04,-0.06
2874036,27.00,-0.08,-0.30,28.00,3.60,0.14,27.00,0.02,-0.05
2874096,27.00,0.02,-0.12,28.00,3.19,0.15,27.00,-0.08,-0.09
2874157,27.00,0.05,-0.26,28.00,3.00,0.37,27.00,0.05,-0.04
2874217,27.00,-0.11,-0.29,28.00,2.78,-0.34,27.00,-0.05,-0.15
2874277,27.00,0.02,-0.23,28.00,2.25,0.35,27.00,-0.11,-0.06
2874337,27.00,0.02,-0.05,28.00,1.65,-0.38,27.00,0.02,-0.02
2874397,27.00,0.08,-0.29,28.00,0.95,-0.25,27.00,0.01,-0.07
2874457,27.00,0.05,-0.11,28.00,0.46,0.15,27.00,0.01,-0.04
2874517,27.00,0.07,-0.08,28.00,-0.15,-0.20,27.00,0.04,-0.03
2874577,27.00,-0.07,-0.33,28.00,-0.53,0.29,27.00,0.10,-0.03
2874638,27.00,-0.08,-0.16,28.00,-1.16,-0.31,27.00,-0.07,-0.11
2874698,27.00,0.04,-0.31,28.00,-1.84,-0.14,27.00,0.01,-0.00
2874758,27.00,-0.10,-0.19,28.00,-2.37,-0.12,27.00,-0.01,0.07
2874818,27.00,-0.08,-0.14,28.00,-2.72,0.15,27.00,-0.05,-0.07
2874878,27.00,-0.12,-0.27,28.00,-3.41,-0.15,27.00,-0.01,-0.11
2874938,27.00,-0.07,-0.22,28.00,-3.29,-0.29,27.00,-0.01,-0.07
2874998,27.00,0.04,-0.29,28.00,-3.90,-0.36,27.00,0.02,-0.07
2875059,27.00,-0.07,-0.15,28.00,-3.89,-0.38,27.00,0.05,-0.13
2875119,27.00,-0.01,-0.27,28.00,-3.85,-0.44,27.00,0.01,0.03
2875179,27.00,-0.01,-0.22,28.00,-3.47,-0.43,27.00,-0.05,-0.07
2875239,27.00,-0.05,-0.29,28.00,-3.51,-0.07,27.00,0.07,-0.08
2875299,27.00,0.07,-0.22,28.00,-3.23,-0.77,27.00,-0.04,-0.03
2875359,27.00,0.01,-0.29,28.00,-3.23,-0.69,27.00,0.04,-0.11
2875419,27.00,0.07,-0.09,28.00,-2.72,-0.22,27.00,0.08,-0.04
2875479,27.00,-0.07,-0.15,28.00,-2.28,-0.58,27.00,-0.05,-0.05
2875540,27.00,0.08,-0.13,28.00,-2.22,-0.72,27.00,0.01,-0.01
2875600,27.00,-0.07,-0.16,28.00,-1.68,-0.62,27.00,0.04,0.03
2875660,27.00,0.17,-0.29,28.00,-0.97,-1.06,27.00,-0.02,-0.05
2875720,27.00,-0.14,-0.06,28.00,-0.23,-0.41,27.00,-0.02,-0.00
2875780,27.00,0.08,-0.05,28.00,0.24,-0.28,27.00,-0.07,-0.07
2875840,27.00,-0.04,-0.29,28.00,0.78,-0.70,27.00,0.02,-0.01
2875900,27.00,0.01,-0.27,28.00,1.25,-0.15,27.00,0.01,0.00
2875961,27.00,-0.01,-0.28,28.00,1.71,0.10,27.00,0.02,-0.09
2876021,27.00,-0.02,-0.19,28.00,2.40,-0.36,27.00,-0.02,-0.01
2876081,27.00,0.18,-0.35,28.00,2.79,0.08,27.00,-0.05,-0.09
2876141,27.00,0.02,-0.22,28.00,3.26,-0.06,27.00,-0.07,-0.02
2876201,27.00,-0.02,0.07,28.00,3.30,-0.38,27.00,0.02,-0.06
2876261,27.00,0.08,-0.20,28.00,3.51,0.66,27.00,-0.01,-0.06
2876321,27.00,0.10,-0.35,28.00,3.86,0.32,27.00,0.01,-0.04
2876381,27.00,0.04,-0.15,28.00,4.02,-0.10,27.00,0.07,-0.04
2876442,27.00,0.08,-0.16,28.00,3.76,-0.21,27.00,0.01,-0.00
2876502,27.00,-0.08,-0.32,28.00,3.74,-0.60,27.00,0.01,-0.01
2876562,27.00,-0.08,-0.25,28.00,3.51,-0.33,27.00,0.01,0.03
2876622,27.00,0.02,-0.15,28.00,2.98,-0.08,27.00,0.02,-0.10
2876682,27.00,0.01,-0.14,28.00,2.59,0.07,27.00,0.04,-0.07
2876742,27.00,-0.07,-0.19,28.00,2.48,-0.12,27.00,-0.02,-0.06
2876802,27.00,-0.05,-0.32,28.00,2.04,-0.11,27.00,0.01,0.01
2876863,27.00,-0.07,-0.19,28.00,1.41,0.12,27.00,-0.02,-0.01
2876923,27.00,-0.02,-0.04,28.00,0.62,0.20,27.00,0.11,-0.04
2876983,27.00,0.01,-0.35,28.00,0.40,-0.02,27.00,-0.05,-0.04
2877043,27.00,-0.02,-0.13,28.00,-0.18,-0.50,27.00,0.01,0.00
2877103,27.00,0.01,-0.29,28.00,-0.81,-0.07,27.00,0.01,-0.07
2877163,27.00,-0.12,-0.17,28.00,-1.43,-0.18,27.00,0.01,-0.00
2877223,27.00,0.04,-0.25,28.00,-1.90,-0.18,27.00,-0.01,-0.09
2877284,27.00,-0.05,-0.22,28.00,-2.42,-0.15,27.00,0.07,-0.06
2877344,27.00,-0.11,-0.18,28.00,-3.14,0.24,27.00,-0.01,-0.04
2877404,27.00,-0.02,-0.15,28.00,-3.26,-0.66,27.00,0.01,-0.06
2877464,27.00,0.05,-0.13,28.00,-3.48,-0.75,27.00,-0.01,0.02
2877524,27.00,-0.11,-0.03,28.00,-3.70,-0.34,27.00,-0.01,-0.00
2877584,27.00,-0.10,-0.08,28.00,-3.83,-0.15,27.00,-0.05,-0.04
2877644,27.00,-0.14,-0.18,28.00,-3.85,-0.50,27.00,0.01,-0.03
2877704,27.00,0.08,-0.29,28.00,-3.99,-0.39,27.00,0.02,-0.05
2877765,27.00,0.12,-0.28,28.00,-3.73,-0.69,27.00,-0.02,0.02
2877825,27.00,-0.11,-0.33,28.00,-3.52,-0.41,27.00,0.08,0.05
2877885,27.00,0.04,-0.19,28.00,-3.07,-0.36,27.00,0.02,-0.01
2877945,27.00,0.07,-0.41,28.00,-2.75,-0.55,27.00,-0.01,-0.05
2878005,27.00,0.05,-0.16,28.00,-2.09,-0.71,27.00,0.01,-0.05
2878065,27.00,-0.17,-0.35,28.00,-1.90,-0.31,27.00,-0.04,-0.05
2878125,27.00,-0.08,-0.25,28.00,-1.37,-0.61,27.00,0.02,-0.07
2878185,27.00,0.17,-0.23,28.00,-0.68,-0.78,27.00,-0.07,0.01
2878246,27.00,0.10,-0.30,28.00,-0.21,-0.50,27.00,0.01,-0.01
2878306,27.00,-0.10,-0.37,28.00,0.45,-0.73,27.00,-0.02,0.03
2878366,27.00,-0.18,-0.19,28.00,1.11,0.24,27.00,-0.04,-0.03
2878426,27.00,0.17,-0.20,28.00,1.72,0.07,27.00,-0.05,-0.00
2878486,27.00,0.01,-0.15,28.00,2.03,-0.14,27.00,-0.02,-0.03
2878546,27.00,-0.08,-0.23,28.00,2.50,-0.75,27.00,-0.04,-0.07
2878606,27.00,-0.21,-0.21,28.00,2.76,-0.02,27.00,-0.05,-0.05
2878667,27.00,-0.15,-0.45,28.00,3.32,0.26,27.00,-0.05,-0.06
2878727,27.00,-0.07,-0.13,28.00,3.79,0.21,27.00,-0.05,-0.07
2878787,27.00,-0.07,-0.15,28.00,3.86,-0.12,27.00,-0.01,0.01
2878847,27.00,-0.08,-0.17,28.00,3.90,0.06,27.00,-0.08,-0.02
2878907,27.00,-0.04,-0.34,28.00,3.82,-0.38,27.00,-0.07,0.00
2878967,27.00,-0.01,-0.10,28.00,3.45,-0.12,27.00,0.05,0.04
2879027,27.00,-0.10,-0.16,28.00,3.60,0.18,27.00,-0.02,-0.07
2879088,27.00,0.02,-0.22,28.00,3.14,0.43,27.00,-0.02,-0.01
2879148,27.00,-0.05,-0.08,28.00,2.94,0.30,27.00,-0.05,-0.08
2879208,27.00,-0.10,-0.36,28.00,2.57,0.30,27.00,-0.05,-0.02
2879268,27.00,-0.08,-0.18,28.00,2.32,-0.17,27.00,-0.02,-0.02
2879328,27.00,-0.07,-0.07,28.00,1.60,0.38,27.00,-0.01,-0.06
2879388,27.00,0.12,-0.18,28.00,1.18,-0.22,27.00,-0.02,-0.12
2879448,27.00,-0.01,-0.09,28.00,0.53,-0.12,27.00,-0.07,-0.05
2879508,27.00,-0.04,-0.15,28.00,0.01,-0.16,27.00,-0.04,-0.05
2879569,27.00,0.05,-0.22,28.00,-0.29,-0.42,27.00,0.04,-0.09
2879629,27.00,0.15,-0.41,28.00,-1.06,0.08,27.00,0.01,0.02
2879689,27.00,0.07,-0.29,28.00,-1.56,0.01,27.00,0.02,0.01
2879749,27.00,-0.08,-0.17,28.00,-2.03,-0.28,27.00,-0.07,-0.02
2879809,27.00,0.17,-0.16,28.00,-2.66,-0.07,27.00,-0.05,-0.05
2879869,27.00,-0.05,-0.25,28.00,-2.94,0.05,27.00,-0.07,-0.14
2879929,27.00,-0.12,-0.21,28.00,-3.44,-0.49,27.00,-0.05,-0.01
2879990,27.00,0.01,-0.20,28.00,-3.66,0.02,27.00,0.05,-0.06
2880050,27.00,-0.10,-0.33,28.00,-3.71,-0.29,27.00,-0.05,0.06
2880110,27.00,-0.04,-0.07,28.00,-3.93,-0.51,27.00,-0.02,-0.01
2880170,27.00,0.08,-0.25,28.00,-3.79,-0.33,27.00,0.04,-0.09
2880230,27.00,0.05,-0.22,28.00,-3.86,-0.12,27.00,-0.08,-0.01
2880290,27.00,-0.01,-0.17,28.00,-3.63,-0.41,27.00,0.01,0.01
2880350,27.00,0.10,-0.30,28.00,-3.71,0.05,27.00,-0.04,-0.03
2880410,27.00,0.10,-0.22,28.00,-2.91,-0.60,27.00,-0.02,-0.08
2880471,27.00,-0.07,-0.13,28.00,-2.64,-0.43,27.00,0.01,-0.10
2880531,27.00,-0.11,-0.23,28.00,-2.15,-0.79,27.00,-0.01,0.03
2880591,27.00,0.08,0.03,28.00,-1.65,-0.29,27.00,0.01,-0.04
2880651,27.00,-0.10,-0.22,28.00,-1.05,-0.74,27.00,0.01,-0.11
2880711,27.00,0.08,-0.14,28.00,-0.55,-0.49,27.00,0.04,-0.06
2880771,27.00,-0.18,-0.18,28.00,0.14,-0.36,27.00,-0.04,-0.07
2880831,27.00,-0.02,-0.14,28.00,0.71,-0.26,27.00,-0.04,-0.06
2880892,27.00,-0.10,-0.27,28.00,1.21,-0.05,27.00,-0.01,-0.07
2880952,27.00,0.10,-0.15,28.00,1.90,-0.55,27.00,-0.01,0.01
2881012,27.00,-0.08,-0.29,28.00,2.13,-0.06,27.00,-0.05,-0.03
2881072,27.00,0.10,-0.35,28.00,2.70,-0.14,27.00,-0.07,0.02
2881132,27.00,-0.12,-0.19,28.00,3.03,0.22,27.00,-0.01,-0.00
2881192,27.00,0.04,-0.19,28.00,3.39,-0.15,27.00,0.05,-0.04
2881252,27.00,0.01,-0.24,28.00,3.57,-0.06,27.00,-0.04,-0.03
2881312,27.00,-0.02,-0.29,28.00,4.07,-0.37,27.00,0.04,0.00
2881373,27.00,0.02,-0.26,28.00,3.83,0.10,27.00,0.05,-0.04
2881433,27.00,-0.15,-0.17,28.00,3.93,-0.28,27.00,-0.01,-0.09
2881493,27.00,-0.10,-0.20,28.00,3.85,-0.01,27.00,0.02,0.07
2881553,27.00,-0.12,-0.19,28.00,3.54,-0.03,27.00,-0.07,-0.00
2881613,27.00,0.07,-0.18,28.00,3.17,0.23,27.00,-0.01,0.02
2881673,27.00,-0.05,-0.24,28.00,2.82,0.27,27.00,-0.05,-0.06
2881733,27.00,0.07,-0.16,28.00,2.41,0.16,27.00,-0.04,0.05
2881794,27.00,-0.07,-0.25,28.00,2.18,0.23,27.00,0.04,-0.02
2881854,27.00,-0.02,-0.15,28.00,1.52,0.36,27.00,0.01,0.07
2881914,27.00,-0.12,-0.25,28.00,0.97,0.47,27.00,0.07,0.04
2881974,27.00,-0.05,-0.22,28.00,0.34,0.27,27.00,0.04,-0.01
2882034,27.00,-0.01,-0.21,28.00,-0.15,-0.21,27.00,-0.05,0.02
2882094,27.00,0.05,-0.15,28.00,-0.64,-0.29,27.00,-0.01,-0.02
2882154,27.00,-0.01,-0.22,28.00,-1.31,-0.28,27.00,0.01,-0.04
2882214,27.00,-0.04,-0.20,28.00,-1.96,-0.05,27.00,-0.04,-0.03
2882275,27.00,-0.01,-0.36,28.00,-2.50,-0.07,27.00,-0.08,-0.01
2882335,27.00,0.05,-0.17,28.00,-2.75,-0.58,27.00,0.01,-0.06
2882395,27.00,-0.01,-0.29,28.00,-3.13,-0.53,27.00,-0.07,-0.05
2882455,27.00,-0.01,-0.29,28.00,-3.68,0.21,27.00,0.05,-0.03
2882515,27.00,-0.11,-0.22,28.00,-3.70,-0.52,27.00,0.05,-0.00
2882575,27.00,0.01,-0.23,28.00,-3.35,-0.77,27.00,0.05,-0.04
2882635,27.00,0.08,-0.27,28.00,-3.90,-0.36,27.00,-0.01,0.00
2882696,27.00,0.10,-0.12,28.00,-3.90,-0.38,27.00,-0.02,-0.00
2882756,27.00,0.01,-0.21,28.00,-3.74,-0.22,27.00,0.07,-0.02
2882816,27.00,-0.10,-0.17,28.00,-3.73,-0.20,27.00,-0.02,0.07
2882876,27.00,0.08,-0.24,28.00,-3.16,-0.32,27.00,-0.01,-0.01
2882936,27.00,0.08,-0.04,28.00,-3.00,-0.38,27.00,0.01,-0.02
2882996,27.00,-0.10,-0.23,28.00,-2.29,-0.27,27.00,-0.01,-0.05
2883056,27.00,0.05,-0.23,28.00,-1.84,-0.75,27.00,0.01,-0.04
2883116,27.00,-0.07,-0.14,28.00,-1.27,-0.66,27.00,0.05,-0.00
2883177,27.00,0.17,-0.21,28.00,-0.52,-1.00,27.00,0.01,0.04
2883237,27.00,-0.05,-0.23,28.00,-0.14,-0.45,27.00,-0.02,-0.05
2883297,27.00,-0.08,-0.29,28.00,0.40,-0.13,27.00,0.01,0.05
2883357,27.00,-0.04,-0.20,28.00,0.95,-0.22,27.00,0.01,-0.00
2883417,27.00,0.10,-0.30,28.00,1.41,0.08,27.00,-0.01,0.01
2883477,27.00,-0.01,-0.16,28.00,1.93,-0.17,27.00,0.01,-0.04
2883537,27.00,-0.01,-0.21,28.00,2.78,-0.07,27.00,0.04,-0.01
2883598,27.00,-0.07,-0.12,28.00,2.81,-0.37,27.00,-0.01,0.05
2883658,27.00,0.04,-0.17,28.00,3.48,-0.27,27.00,-0.04,-0.10
2883718,27.00,0.01,-0.23,28.00,3.64,0.04,27.00,-0.05,-0.01
2883778,27.00,-0.12,-0.19,28.00,3.68,-0.35,27.00,-0.08,-0.05
2883838,27.00,-0.01,-0.14,28.00,3.99,-0.43,27.00,-0.02,-0.00
2883898,27.00,-0.11,-0.16,28.00,4.02,-0.56,27.00,-0.02,-0.03
2883958,27.00,0.05,-0.13,28.00,4.12,0.30,27.00,-0.02,-0.04
2884018,27.00,0.11,-0.26,28.00,3.58,-0.12,27.00,0.07,-0.14
2884079,27.00,-0.11,-0.37,28.00,3.60,-0.22,27.00,-0.07,-0.05
2884139,27.00,0.11,-0.28,28.00,3.13,0.19,27.00,-0.02,-0.02
2884199,27.00,-0.17,-0.21,28.00,2.82,-0.01,27.00,0.05,-0.05
2884259,27.00,0.02,-0.26,28.00,2.37,-0.17,27.00,0.02,-0.03
2884319,27.00,-0.04,-0.23,28.00,1.79,-0.13,27.00,0.04,-0.09
2884379,27.00,0.15,-0.21,28.00,1.22,0.20,27.00,0.01,-0.07
2884439,27.00,-0.04,-0.15,28.00,0.74,0.31,27.00,-0.04,-0.07
2884500,27.00,0.08,-0.08,28.00,0.20,-0.23,27.00,-0.01,-0.00
2884560,27.00,-0.04,-0.08,28.00,-0.64,-0.39,27.00,0.04,-0.08
2884620,27.00,-0.05,-0.27,28.00,-1.11,-0.69,27.00,0.01,0.04
2884680,27.00,-0.04,-0.16,28.00,-1.72,-0.73,27.00,-0.01,-0.00
2884740,27.00,-0.12,-0.06,28.00,-2.26,0.22,27.00,-0.02,-0.08
2884800,27.00,0.01,-0.22,28.00,-2.57,0.05,27.00,0.02,-0.00
2884860,27.00,0.05,-0.16,28.00,-3.33,0.02,27.00,-0.04,-0.02
2884921,27.00,0.01,-0.07,28.00,-3.45,0.03,27.00,-0.02,-0.01
2884981,27.00,-0.02,-0.29,28.00,-3.67,-0.29,27.00,-0.02,-0.06
2885041,27.00,-0.05,-0.17,28.00,-3.99,-0.28,27.00,0.02,0.01
2885101,27.00,-0.05,-0.23,28.00,-3.85,-0.43,27.00,0.02,-0.00
2885161,27.00,-0.05,-0.22,28.00,-3.71,-0.19,27.00,0.05,-0.05
2885221,27.00,0.04,-0.23,28.00,-3.68,-0.05,27.00,-0.02,0.00
2885281,27.00,-0.04,-0.17,28.00,-3.39,-0.77,27.00,-0.04,0.00
2885341,27.00,0.04,-0.19,28.00,-3.33,-0.68,27.00,0.01,0.03
2885402,27.00,-0.11,-0.31,28.00,-3.07,-0.82,27.00,0.11,0.01
2885462,27.00,-0.08,-0.32,28.00,-2.82,-0.42,27.00,-0.05,-0.03
2885522,27.00,-0.12,-0.13,28.00,-2.40,0.12,27.00,0.01,-0.06
2885582,27.00,0.02,-0.23,28.00,-1.78,-0.49,27.00,-0.04,-0.05
2885642,27.00,0.15,-0.14,28.00,-1.18,-0.47,27.00,-0.04,-0.08
2885702,27.00,-0.02,-0.16,28.00,-0.58,-0.72,27.00,0.02,0.02
2885762,27.00,0.20,-0.02,28.00,-0.02,-0.52,27.00,0.01,-0.01
2885822,27.00,0.02,-0.22,28.00,0.61,-0.21,27.00,-0.07,0.02
2885883,27.00,-0.14,-0.27,28.00,1.05,0.22,27.00,-0.02,-0.03
2885943,27.00,0.15,-0.21,28.00,1.56,-0.42,27.00,0.02,-0.08
2886003,27.00,-0.04,-0.21,28.00,2.22,-0.20,27.00,0.04,0.06
2886063,27.00,0.07,-0.08,28.00,2.54,0.44,27.00,0.01,-0.06
2886123,27.00,-0.02,-0.11,28.00,2.81,0.32,27.00,-0.04,-0.00
2886183,27.00,0.01,-0.04,28.00,3.35,-0.20,27.00,-0.01,0.05
2886243,27.00,0.07,-0.17,28.00,3.68,-0.13,27.00,0.02,-0.01
2886304,27.00,0.01,-0.24,28.00,3.96,0.07,27.00,0.02,0.03
2886364,27.00,-0.04,-0.38,28.00,3.71,-0.05,27.00,0.01,0.04
2886424,27.00,0.05,-0.24,28.00,3.63,-0.10,27.00,-0.01,0.01
2886484,27.00,0.05,-0.23,28.00,3.52,-0.01,27.00,-0.01,-0.00
2886544,27.00,-0.15,-0.36,28.00,3.39,0.01,27.00,0.01,0.00
2886604,27.00,0.01,-0.18,28.00,3.10,-0.12,27.00,-0.01,-0.01
2886664,27.00,0.04,-0.18,28.00,3.16,-0.49,27.00,0.10,0.02
2886725,27.00,-0.07,-0.10,28.00,2.40,0.16,27.00,0.10,-0.09
2886785,27.00,-0.12,-0.31,28.00,1.99,-0.07,27.00,-0.01,-0.10
2886845,27.00,0.08,-0.23,28.00,1.78,0.03,27.00,0.02,-0.00
2886905,27.00,0.10,-0.24,28.00,0.93,-0.02,27.00,-0.04,-0.03
2886965,27.00,0.01,-0.22,28.00,0.43,-0.15,27.00,-0.08,-0.07
2887025,27.00,-0.11,-0.23,28.00,-0.20,-0.22,27.00,0.02,-0.00
2887085,27.00,0.08,-0.18,28.00,-0.84,-0.44,27.00,-0.05,-0.07
2887145,27.00,0.05,-0.27,28.00,-1.41,-0.22,27.00,-0.02,0.05
2887206,27.00,0.11,-0.16,28.00,-1.87,0.30,27.00,-0.01,-0.07
2887266,27.00,-0.07,-0.21,28.00,-2.23,0.10,27.00,-0.07,-0.05
2887326,27.00,0.01,-0.12,28.00,-2.70,-0.14,27.00,0.01,-0.07
2887386,27.00,-0.08,-0.27,28.00,-3.01,-0.15,27.00,0.01,0.03
2887446,27.00,0.05,-0.16,28.00,-3.71,-0.15,27.00,0.02,-0.06
2887506,27.00,-0.04,-0.24,28.00,-3.98,0.05,27.00,-0.01,-0.02
2887566,27.00,-0.11,-0.19,28.00,-3.86,-0.29,27.00,-0.04,0.02
2887627,27.00,-0.04,-0.19,28.00,-3.95,-0.14,27.00,0.01,-0.09
2887687,27.00,0.01,-0.21,28.00,-3.64,-0.27,27.00,-0.04,-0.13
2887747,27.00,-0.04,-0.36,28.00,-3.63,-0.58,27.00,-0.02,-0.07
2887807,27.00,-0.10,-0.40,28.00,-3.23,-0.56,27.00,0.02,-0.02
2887867,27.00,-0.02,-0.24,28.00,-3.42,-0.50,27.00,-0.05,-0.01
2887927,27.00,-0.10,-0.22,28.00,-2.95,-0.37,27.00,0.04,-0.02
2887987,27.00,-0.07,-0.27,28.00,-2.50,-0.55,27.00,0.07,0.00
2888047,27.00,-0.11,-0.29,28.00,-1.94,-0.53,27.00,0.04,-0.12
2888108,27.00,0.04,-0.24,28.00,-1.22,-0.53,27.00,-0.07,-0.01
2888168,27.00,-0.01,-0.36,28.00,-1.08,-0.36,27.00,-0.01,-0.11
2888228,27.00,-0.01,-0.30,28.00,-0.34,-0.54,27.00,-0.01,-0.07
2888288,27.00,-0.11,-0.26,28.00,0.10,-0.30,27.00,-0.02,-0.00
2888348,27.00,-0.05,-0.26,28.00,0.83,-0.60,27.00,-0.04,0.02
2888408,27.00,0.02,-0.07,28.00,1.38,-0.06,27.00,0.01,-0.03
2888468,27.00,0.04,-0.34,28.00,1.62,-0.03,27.00,-0.04,0.00
2888529,27.00,0.02,-0.21,28.00,2.44,-0.17,27.00,-0.01,-0.00
2888589,27.00,-0.01,-0.34,28.00,2.72,-0.28,27.00,-0.02,-0.07
2888649,27.00,-0.04,-0.10,28.00,3.22,-0.12,27.00,-0.01,-0.01
2888709,27.00,0.02,-0.26,28.00,3.58,-0.03,27.00,-0.08,-0.06
2888769,27.00,0.07,0.08,28.00,3.79,-0.24,27.00,0.02,-0.01
2888829,27.00,-0.02,-0.20,28.00,4.05,-0.24,27.00,-0.05,-0.03
2888889,27.00,0.01,-0.16,28.00,3.73,-0.18,27.00,-0.04,0.02
2888949,27.00,0.27,-0.11,28.00,3.86,-0.10,27.00,0.08,-0.05
2889010,27.00,0.17,-0.16,28.00,3.44,0.03,27.00,0.01,0.01
2889070,27.00,0.02,-0.26,28.00,3.25,0.36,27.00,-0.04,-0.10
2889130,27.00,0.07,-0.24,28.00,3.19,0.13,27.00,-0.01,-0.01
2889190,27.00,0.08,-0.25,28.00,2.72,0.36,27.00,0.02,-0.03
2889250,27.00,0.07,-0.07,28.00,2.50,0.09,27.00,-0.01,0.01
2889310,27.00,-0.15,-0.15,28.00,1.78,0.12,27.00,-0.04,-0.09
2889370,27.00,0.11,-0.31,28.00,1.16,0.16,27.00,-0.05,0.01
2889431,27.00,0.04,0.01,28.00,0.58,0.26,27.00,0.01,-0.04
2889491,27.00,0.04,-0.17,28.00,0.14,-0.22,27.00,-0.04,-0.07
2889551,27.00,-0.10,-0.26,28.00,-0.42,0.01,27.00,-0.01,-0.02
2889611,27.00,0.18,-0.31,28.00,-1.06,0.19,27.00,-0.08,-0.03
2889671,27.00,0.10,-0.10,28.00,-1.24,-0.18,27.00,0.02,-0.04
2889731,27.00,-0.05,-0.23,28.00,-1.88,-0.01,27.00,-0.04,-0.06
2889791,27.00,-0.02,-0.16,28.00,-2.45,-0.08,27.00,-0.07,-0.06
2889852,27.00,-0.08,-0.13,28.00,-2.69,0.43,27.00,-0.02,0.05
2889912,27.00,-0.10,-0.24,28.00,-3.41,0.11,27.00,-0.04,0.00
2889972,27.00,-0.20,-0.15,28.00,-3.74,-0.00,27.00,-0.02,-0.05
2890032,27.00,-0.04,-0.22,28.00,-3.73,-0.51,27.00,-0.02,0.00
2890092,27.00,0.04,-0.07,28.00,-3.89,-0.54,27.00,0.02,-0.02
2890152,27.00,0.10,-0.18,28.00,-3.96,-0.28,27.00,-0.01,0.03
2890212,27.00,0.12,-0.15,28.00,-3.89,-0.45,27.00,0.01,-0.05
2890272,27.00,0.12,-0.34,28.00,-3.71,-0.08,27.00,-0.05,-0.02
2890333,27.00,0.21,-0.22,28.00,-3.58,-0.22,27.00,-0.01,-0.03
2890393,27.00,0.05,-0.21,28.00,-3.13,-0.36,27.00,-0.07,-0.03
2890453,27.00,-0.12,-0.19,28.00,-2.67,-0.26,27.00,-0.05,0.01
2890513,27.00,0.01,-0.22,28.00,-2.12,-0.75,27.00,-0.02,0.00
2890573,27.00,0.08,-0.13,28.00,-1.56,-0.11,27.00,-0.01,-0.04
2890633,27.00,-0.14,-0.36,28.00,-1.25,-0.58,27.00,-0.04,-0.01
2890693,27.00,-0.01,-0.15,28.00,-0.59,-0.57,27.00,-0.04,-0.02
2890753,27.00,0.01,-0.19,28.00,-0.08,-0.41,27.00,0.01,-0.03
2890814,27.00,-0.08,-0.27,28.00,0.45,-0.29,27.00,0.01,-0.03
2890874,27.00,0.11,-0.14,28.00,1.09,-0.59,27.00,0.01,-0.05
2890934,27.00,-0.05,-0.22,28.00,1.68,-0.36,27.00,-0.07,-0.08
2890994,27.00,0.07,-0.30,28.00,2.13,0.33,27.00,-0.05,-0.04
2891054,27.00,0.01,-0.43,28.00,2.31,-0.03,27.00,-0.02,-0.07
2891114,27.00,-0.07,-0.14,28.00,3.16,-0.30,27.00,-0.01,-0.07
2891174,27.00,0.08,-0.08,28.00,3.36,-0.26,27.00,0.04,-0.03
2891235,27.00,-0.10,-0.39,28.00,3.41,-0.31,27.00,0.01,0.01
2891295,27.00,0.07,-0.16,28.00,3.93,-0.66,27.00,-0.02,-0.00
2891355,27.00,0.04,-0.23,28.00,3.99,-0.06,27.00,0.01,-0.04
2891415,27.00,0.08,-0.30,28.00,4.10,-0.26,27.00,-0.08,-0.00
2891475,27.00,-0.12,-0.20,28.00,3.89,0.01,27.00,0.01,-0.05
2891535,27.00,-0.11,-0.25,28.00,3.58,0.18,27.00,-0.01,0.00
2891595,27.00,-0.05,-0.20,28.00,3.29,-0.03,27.00,-0.01,-0.00
2891656,27.00,0.10,-0.17,28.00,2.72,0.07,27.00,-0.05,0.04
2891716,27.00,-0.14,-0.33,28.00,2.64,-0.05,27.00,-0.07,-0.03
2891776,27.00,0.14,-0.19,28.00,2.23,0.50,27.00,0.01,-0.00
2891836,27.00,-0.05,-0.11,28.00,1.90,-0.29,27.00,-0.07,0.00
2891896,27.00,0.02,-0.19,28.00,1.24,-0.09,27.00,-0.04,-0.03
2891956,27.00,0.07,-0.31,28.00,0.59,0.09,27.00,-0.07,0.01
2892016,27.00,-0.17,-0.14,28.00,0.05,0.07,27.00,-0.04,-0.09
2892076,27.00,0.05,-0.26,28.00,-0.71,0.21,27.00,-0.02,-0.05
2892137,27.00,-0.02,-0.22,28.00,-0.99,-0.20,27.00,0.04,-0.00
2892197,27.00,0.04,-0.12,28.00,-1.84,-0.40,27.00,0.01,0.01
2892257,27.00,-0.04,-0.07,28.00,-2.22,-0.17,27.00,-0.02,-0.06
2892317,27.00,-0.07,-0.15,28.00,-2.63,-0.20,27.00,-0.04,0.05
2892377,27.00,0.11,-0.10,28.00,-2.98,-0.62,27.00,0.02,-0.09
2892437,27.00,-0.08,-0.13,28.00,-3.36,-0.58,27.00,0.01,-0.05
2892497,27.00,-0.18,-0.12,28.00,-3.60,-0.39,27.00,-0.07,-0.01
2892558,27.00,-0.01,-0.21,28.00,-3.77,-0.47,27.00,-0.02,0.03
2892618,27.00,0.24,-0.23,28.00,-3.52,-0.48,27.00,-0.08,0.00
2892678,27.00,0.01,0.05,28.00,-3.90,-0.22,27.00,-0.01,-0.12
2892738,27.00,-0.07,-0.06,28.00,-3.68,0.02,27.00,0.01,0.00
2892798,27.00,-0.12,-0.24,28.00,-3.33,-0.39,27.00,0.07,-0.10
2892858,27.00,0.08,-0.02,28.00,-3.00,-0.32,27.00,0.02,-0.05
2892918,27.00,-0.02,-0.02,28.00,-2.88,-0.53,27.00,-0.08,-0.07
2892978,27.00,-0.07,-0.25,28.00,-2.62,-0.67,27.00,-0.02,-0.00
2893039,27.00,-0.04,-0.34,28.00,-2.13,-1.01,27.00,-0.02,-0.03
2893099,27.00,0.07,0.01,28.00,-1.62,-0.49,27.00,-0.01,-0.07
2893159,27.00,-0.11,-0.07,28.00,-0.89,-0.73,27.00,-0.04,-0.00
2893219,27.00,0.05,-0.23,28.00,-0.40,-0.33,27.00,-0.01,-0.00
2893279,27.00,-0.12,-0.15,28.00,0.07,-0.30,27.00,0.02,-0.00
2893339,27.00,0.08,-0.29,28.00,0.70,-0.58,27.00,0.01,-0.00
2893399,27.00,-0.15,-0.41,28.00,1.18,-0.30,27.00,-0.01,-0.03
2893460,27.00,-0.01,-0.09,28.00,1.72,-0.20,27.00,-0.02,-0.10
2893520,27.00,-0.05,-0.04,28.00,2.53,-0.12,27.00,0.04,-0.00
2893580,27.00,-0.02,-0.10,28.00,2.95,0.23,27.00,-0.02,0.02
2893640,27.00,0.04,-0.21,28.00,3.01,-0.18,27.00,0.04,-0.02
2893700,27.00,0.02,-0.19,28.00,3.49,-0.33,27.00,-0.04,-0.02
2893760,27.00,0.02,-0.25,28.00,3.29,0.20,27.00,-0.04,-0.02
2893820,27.00,0.02,-0.19,28.00,4.11,-0.43,27.00,-0.04,-0.04
2893880,27.00,-0.04,-0.21,28.00,3.92,-0.15,27.00,-0.02,-0.06
2893941,27.00,-0.08,-0.14,28.00,3.98,0.16,27.00,-0.05,0.00
2894001,27.00,0.11,-0.22,28.00,3.76,-0.13,27.00,-0.04,-0.08
2894061,27.00,-0.12,-0.22,28.00,3.49,-0.16,27.00,-0.02,-0.03
2894121,27.00,0.05,-0.25,28.00,3.23,-0.21,27.00,-0.01,-0.06
2894181,27.00,-0.05,-0.25,28.00,2.89,-0.19,27.00,-0.02,-0.04
2894241,27.00,0.01,-0.28,28.00,2.41,-0.26,27.00,-0.08,-0.06
2894301,27.00,0.10,-0.15,28.00,2.07,-0.16,27.00,-0.02,-0.07
2894362,27.00,-0.07,-0.20,28.00,1.40,-0.30,27.00,0.10,-0.07
2894422,27.00,0.05,-0.36,28.00,0.95,-0.04,27.00,0.05,-0.03
2894482,27.00,0.04,-0.21,28.00,0.37,-0.16,27.00,-0.05,0.03
2894542,27.00,0.05,-0.10,28.00,-0.20,-0.11,27.00,-0.04,0.05
2894602,27.00,0.01,-0.15,28.00,-0.96,-0.14,27.00,-0.05,-0.01
2894662,27.00,-0.10,0.04,28.00,-1.63,-0.33,27.00,0.05,-0.05
2894722,27.00,0.08,-0.08,28.00,-2.01,-0.29,27.00,0.01,-0.02
2894782,27.00,-0.15,-0.29,28.00,-2.45,-0.39,27.00,0.01,0.01
2894843,27.00,-0.14,-0.15,28.00,-3.19,-0.26,27.00,-0.07,-0.10
2894903,27.00,-0.15,-0.29,28.00,-3.33,-0.23,27.00,-0.04,-0.05
2894963,27.00,0.04,-0.26,28.00,-3.49,-0.51,27.00,0.01,-0.06
2895023,27.00,-0.12,-0.03,28.00,-3.68,-0.09,27.00,-0.08,-0.08
2895083,27.00,-0.02,-0.08,28.00,-3.71,-0.27,27.00,0.05,-0.04
2895143,27.00,0.01,-0.29,28.00,-3.80,-0.10,27.00,0.04,-0.06
2895203,27.00,-0.05,-0.17,28.00,-3.83,-0.46,27.00,-0.02,-0.00
2895264,27.00,-0.01,-0.10,28.00,-3.68,-0.94,27.00,-0.05,-0.03
2895324,27.00,-0.23,-0.41,28.00,-3.45,-0.15,27.00,-0.08,0.00
2895384,27.00,0.01,-0.28,28.00,-3.29,-0.42,27.00,0.02,-0.02
2895444,27.00,0.08,-0.26,28.00,-2.89,-0.22,27.00,-0.01,-0.03
2895504,27.00,-0.02,-0.18,28.00,-2.13,-0.51,27.00,-0.05,-0.07
2895564,27.00,-0.10,-0.28,28.00,-1.69,-0.75,27.00,0.01,-0.05
2895624,27.00,0.02,-0.08,28.00,-0.93,-1.06,27.00,-0.05,-0.04
2895684,27.00,-0.07,0.05,28.00,-0.26,-0.88,27.00,0.02,0.04
2895745,27.00,-0.02,-0.20,28.00,-0.02,-0.92,27.00,-0.04,-0.02
2895805,27.00,0.02,-0.22,28.00,0.36,-0.14,27.00,0.08,0.07
2895865,27.00,-0.08,-0.02,28.00,0.97,0.24,27.00,0.04,-0.03
2895925,27.00,-0.10,-0.05,28.00,1.68,0.27,27.00,0.02,-0.07
2895985,27.00,-0.05,0.04,28.00,1.93,-0.28,27.00,-0.02,-0.03
2896045,27.00,-0.27,-0.13,28.00,2.44,-0.22,27.00,-0.01,-0.04
2896105,27.00,-0.15,-0.40,28.00,2.95,0.55,27.00,-0.01,0.06
2896166,27.00,0.18,-0.28,28.00,3.30,-0.14,27.00,-0.02,-0.07
2896226,27.00,0.15,0.01,28.00,3.71,0.07,27.00,-0.02,-0.02
2896286,27.00,-0.04,-0.20,28.00,3.86,0.23,27.00,-0.05,-0.03
2896346,27.00,-0.04,-0.36,28.00,3.92,-0.01,27.00,0.01,-0.02
2896406,27.00,0.04,-0.14,28.00,3.95,-0.28,27.00,0.04,-0.07
2896466,27.00,0.07,-0.19,28.00,3.74,-0.22,27.00,-0.02,-0.04
2896526,27.00,-0.01,-0.22,28.00,3.44,-0.18,27.00,-0.04,-0.07
2896587,27.00,-0.14,-0.29,28.00,3.29,0.41,27.00,0.08,-0.01
2896647,27.00,-0.04,-0.32,28.00,3.19,0.11,27.00,-0.02,-0.07
2896707,27.00,0.07,-0.11,28.00,2.51,0.13,27.00,0.01,-0.01
2896767,27.00,-0.01,-0.14,28.00,2.13,-0.15,27.00,0.02,-0.00
2896827,27.00,0.10,0.09,28.00,1.60,0.29,27.00,-0.07,-0.07
2896887,27.00,0.07,-0.20,28.00,0.95,-0.29,27.00,0.01,-0.01
2896947,27.00,-0.04,-0.17,28.00,0.59,-0.00,27.00,-0.05,-0.03
2897007,27.00,-0.04,-0.15,28.00,0.10,-0.29,27.00,0.01,-0.07
2897068,27.00,-0.11,-0.15,28.00,-0.74,-0.10,27.00,0.01,-0.01
2897128,27.00,-0.04,-0.09,28.00,-1.11,0.11,27.00,-0.02,-0.06
2897188,27.00,-0.05,-0.20,28.00,-1.58,-0.51,27.00,-0.01,0.02
2897248,27.00,0.01,-0.26,28.00,-2.21,-0.36,27.00,-0.02,-0.07
2897308,27.00,-0.01,-0.30,28.00,-2.63,-0.37,27.00,-0.02,-0.08
2897368,27.00,-0.01,-0.13,28.00,-3.22,0.17,27.00,-0.01,-0.05
2897428,27.00,0.01,-0.17,28.00,-3.19,-0.31,27.00,0.01,-0.00
2897489,27.00,0.05,-0.20,28.00,-3.51,-0.10,27.00,-0.07,-0.05
2897549,27.00,0.04,-0.00,28.00,-3.68,-0.05,27.00,-0.01,-0.02
2897609,27.00,-0.14,-0.29,28.00,-3.90,-0.18,27.00,-0.01,0.05
2897669,27.00,0.11,-0.16,28.00,-3.92,0.00,27.00,-0.02,0.00
2897729,27.00,-0.12,-0.15,28.00,-3.95,-0.46,27.00,-0.04,-0.11
2897789,27.00,0.18,-0.12,28.00,-3.29,-0.60,27.00,-0.01,-0.07
2897849,27.00,-0.05,-0.17,28.00,-3.54,-0.51,27.00,-0.11,-0.10
2897909,27.00,0.07,-0.27,28.00,-2.94,-0.59,27.00,-0.04,0.01
2897970,27.00,-0.02,0.00,28.00,-2.51,-0.64,27.00,-0.05,-0.02
2898030,27.00,0.02,-0.03,28.00,-1.90,-0.50,27.00,-0.01,-0.05
2898090,27.00,0.08,-0.12,28.00,-1.65,-0.34,27.00,-0.01,-0.05
2898150,27.00,-0.02,-0.08,28.00,-1.18,-0.51,27.00,-0.04,-0.00
2898210,27.00,-0.01,-0.35,28.00,-0.61,-0.96,27.00,0.01,-0.03
2898270,27.00,0.17,-0.13,28.00,-0.20,-0.37,27.00,-0.01,-0.07
2898330,27.00,0.14,-0.24,28.00,0.77,-0.20,27.00,0.02,0.02
2898391,27.00,0.15,-0.08,28.00,1.19,-0.13,27.00,-0.01,-0.05
2898451,27.00,0.14,-0.20,28.00,2.01,-0.59,27.00,0.02,-0.04
2898511,27.00,0.04,-0.14,28.00,2.26,-0.16,27.00,0.05,-0.02
2898571,27.00,0.02,-0.26,28.00,2.79,-0.28,27.00,-0.08,0.05
2898631,27.00,-0.18,-0.27,28.00,3.14,0.07,27.00,-0.04,-0.02
2898691,27.00,0.12,-0.28,28.00,3.57,-0.18,27.00,-0.05,-0.05
2898751,27.00,0.05,-0.15,28.00,3.39,-0.10,27.00,-0.04,-0.12
2898811,27.00,-0.07,-0.11,28.00,3.79,0.02,27.00,0.02,0.02
2898872,27.00,0.14,-0.14,28.00,3.98,0.29,27.00,-0.04,-0.07
2898932,27.00,0.11,-0.28,28.00,3.90,-0.03,27.00,-0.08,0.02
2898992,27.00,0.02,-0.07,28.00,4.05,0.10,27.00,-0.10,0.00
2899052,27.00,-0.10,-0.06,28.00,3.57,0.47,27.00,-0.02,-0.02
2899112,27.00,-0.10,0.07,28.00,3.04,-0.08,27.00,0.01,-0.05
2899172,27.00,-0.01,-0.23,28.00,2.70,0.29,27.00,0.05,-0.03
2899232,27.00,0.05,-0.26,28.00,2.22,0.27,27.00,-0.05,-0.03
2899293,27.00,0.02,-0.21,28.00,1.87,-0.11,27.00,-0.01,-0.03
2899353,27.00,0.04,-0.06,28.00,1.40,0.72,27.00,0.01,-0.08
2899413,27.00,0.11,-0.11,28.00,0.83,0.61,27.00,-0.04,0.04
2899473,27.00,-0.02,-0.27,28.00,0.18,0.08,27.00,-0.08,-0.05
2899533,27.00,-0.14,-0.17,28.00,-0.30,-0.17,27.00,0.01,-0.04
2899593,27.00,-0.01,0.00,28.00,-0.58,-0.00,27.00,-0.10,-0.00
2899653,27.00,-0.12,-0.30,28.00,-1.47,0.00,27.00,0.05,-0.04
2899713,27.00,-0.01,-0.22,28.00,-1.99,-0.15,27.00,-0.05,-0.12
2899774,27.00,0.15,-0.27,28.00,-2.40,-0.15,27.00,-0.07,-0.07
2899834,27.00,-0.05,-0.32,28.00,-2.86,-0.14,27.00,-0.05,0.01
2899894,27.00,-0.07,-0.18,28.00,-3.03,-0.30,27.00,-0.04,-0.05
2899954,27.00,0.07,-0.18,28.00,-3.52,-0.09,27.00,0.11,-0.05
2900014,27.00,0.01,-0.06,28.00,-3.58,-0.34,27.00,-0.02,0.03
2900074,27.00,-0.07,-0.21,28.00,-3.74,-0.29,27.00,-0.01,-0.02
2900134,27.00,-0.12,-0.27,28.00,-4.10,-0.36,27.00,0.01,-0.11
2900195,27.00,0.01,-0.15,28.00,-4.02,-0.07,27.00,-0.08,0.00
2900255,27.00,0.15,-0.08,28.00,-3.79,0.08,27.00,-0.02,0.04
2900315,27.00,-0.04,-0.23,28.00,-3.54,0.19,27.00,-0.07,0.00
2900375,27.00,0.04,-0.22,28.00,-3.19,-0.66,27.00,-0.02,0.03
2900435,27.00,0.14,-0.15,28.00,-2.73,-0.40,27.00,-0.02,0.06
2900495,27.00,0.08,-0.19,28.00,-2.40,-0.01,27.00,-0.05,-0.03
2900555,27.00,0.18,-0.19,28.00,-1.78,-0.94,27.00,-0.01,-0.01
2900615,27.00,0.01,-0.26,28.00,-1.34,-0.74,27.00,0.02,-0.04
2900676,27.00,-0.05,-0.22,28.00,-0.73,-0.65,27.00,-0.02,0.00
2900736,27.00,-0.07,-0.12,28.00,-0.10,-0.49,27.00,0.02,-0.06
2900796,27.00,-0.17,-0.29,28.00,0.34,-0.15,27.00,-0.01,-0.04
2900856,27.00,0.18,-0.19,28.00,0.64,-0.18,27.00,-0.05,0.06
2900916,27.00,0.08,-0.20,28.00,1.47,0.02,27.00,-0.05,-0.03
2900976,27.00,-0.01,-0.22,28.00,1.87,-0.36,27.00,-0.04,-0.03
2901036,27.00,-0.14,-0.29,28.00,2.40,-0.08,27.00,0.04,-0.00
2901097,27.00,0.01,-0.15,28.00,3.23,-0.15,27.00,0.02,-0.03
2901157,27.00,0.21,-0.25,28.00,3.19,0.06,27.00,0.04,-0.03
2901217,27.00,0.10,-0.03,28.00,3.35,-0.19,27.00,0.04,-0.03
2901277,27.00,-0.08,-0.27,28.00,3.33,-0.59,27.00,-0.01,0.03
2901337,27.00,0.11,-0.33,28.00,3.79,-0.41,27.00,0.01,0.02
2901397,27.00,-0.02,-0.24,28.00,3.88,-0.10,27.00,0.01,0.01
2901457,27.00,-0.11,-0.22,28.00,3.92,0.14,27.00,-0.02,-0.05
2901517,27.00,0.01,-0.25,28.00,4.01,0.16,27.00,-0.05,-0.01
2901578,27.00,0.02,-0.16,28.00,3.38,0.47,27.00,0.01,0.00
2901638,27.00,0.11,-0.05,28.00,2.85,0.02,27.00,-0.02,-0.01
2901698,27.00,-0.08,-0.15,28.00,2.72,-0.15,27.00,0.07,-0.02
2901758,27.00,-0.17,-0.24,28.00,2.15,0.24,27.00,0.04,-0.07
2901818,27.00,0.11,-0.16,28.00,1.84,0.05,27.00,0.02,-0.01
2901878,27.00,-0.04,-0.30,28.00,1.36,0.18,27.00,0.05,-0.07
2901938,27.00,-0.10,-0.25,28.00,0.74,0.22,27.00,0.02,-0.00
2901999,27.00,-0.12,-0.16,28.00,0.15,-0.10,27.00,0.07,0.01
2902059,27.00,0.05,-0.08,28.00,-0.42,-0.33,27.00,0.02,-0.06
2902119,27.00,0.05,-0.07,28.00,-1.05,-0.61,27.00,-0.05,-0.08
2902179,27.00,0.07,-0.09,28.00,-1.62,-0.15,27.00,-0.02,-0.06
2902239,27.00,0.15,-0.19,28.00,-2.22,-0.17,27.00,-0.10,-0.07
2902299,27.00,-0.05,-0.27,28.00,-2.78,-0.16,27.00,0.05,-0.01
2902359,27.00,0.02,-0.26,28.00,-2.94,-0.51,27.00,0.02,0.03
2902420,27.00,0.01,-0.17,28.00,-3.39,-0.51,27.00,0.01,-0.05
2902480,27.00,-0.07,-0.13,28.00,-3.51,-0.43,27.00,0.02,0.01
2902540,27.00,0.08,-0.15,28.00,-3.76,-0.50,27.00,0.01,-0.05
2902600,27.00,-0.02,-0.29,28.00,-3.96,-0.15,27.00,0.01,-0.09
2902660,27.00,0.14,-0.15,28.00,-4.07,-0.20,27.00,-0.10,-0.02
2902720,27.00,-0.01,-0.20,28.00,-3.71,-0.22,27.00,0.05,-0.02
2902780,27.00,-0.08,-0.23,28.00,-3.66,-0.80,27.00,0.02,-0.01
2902840,27.00,0.01,-0.25,28.00,-3.36,-0.56,27.00,-0.02,-0.05
2902901,27.00,0.05,-0.11,28.00,-3.07,-0.64,27.00,-0.04,-0.00
2902961,27.00,0.01,-0.14,28.00,-2.63,-0.60,27.00,0.02,-0.07
2903021,27.00,0.07,-0.18,28.00,-2.28,-0.47,27.00,0.04,-0.10
2903081,27.00,-0.01,-0.21,28.00,-1.49,-0.62,27.00,-0.01,-0.01
2903141,27.00,0.18,-0.06,28.00,-1.09,-0.33,27.00,0.05,-0.05
2903201,27.00,0.05,-0.22,28.00,-0.55,-0.52,27.00,-0.01,-0.07
2903261,27.00,-0.23,-0.07,28.00,-0.04,-0.37,27.00,-0.01,-0.06
2903322,27.00,-0.17,-0.12,28.00,0.65,0.05,27.00,-0.08,0.00
2903382,27.00,0.02,-0.06,28.00,0.92,0.03,27.00,0.10,-0.09
2903442,27.00,0.04,-0.34,28.00,1.75,-0.00,27.00,0.04,-0.02
2903502,27.00,-0.05,-0.19,28.00,2.35,-0.27,27.00,-0.02,0.01
2903562,27.00,-0.10,-0.44,28.00,2.89,0.14,27.00,-0.02,-0.00
2903622,27.00,0.24,-0.12,28.00,2.95,-0.00,27.00,-0.07,-0.05
2903682,27.00,-0.07,-0.17,28.00,3.42,-0.20,27.00,0.05,-0.05
2903742,27.00,0.01,0.05,28.00,3.49,0.24,27.00,0.01,-0.07
2903803,27.00,-0.10,-0.15,28.00,3.52,-0.15,27.00,0.01,-0.03
2903863,27.00,-0.02,-0.29,28.00,4.04,-0.66,27.00,0.04,0.03
2903923,27.00,0.05,-0.15,28.00,3.67,0.07,27.00,-0.01,0.01
2903983,27.00,-0.05,-0.25,28.00,4.21,-0.02,27.00,-0.02,-0.10
2904043,27.00,0.07,-0.27,28.00,3.54,-0.57,27.00,-0.01,0.01
2904103,27.00,0.11,-0.07,28.00,3.20,-0.15,27.00,-0.02,-0.01
2904163,27.00,-0.18,-0.27,28.00,2.98,-0.68,27.00,-0.02,0.02
2904224,27.00,0.11,-0.12,28.00,2.60,-0.02,27.00,0.07,0.08
2904284,27.00,-0.12,-0.25,28.00,2.34,0.11,27.00,-0.07,-0.07
2904344,27.00,0.04,0.04,28.00,1.44,-0.03,27.00,-0.01,-0.04
2904404,27.00,0.01,-0.29,28.00,0.73,-0.11,27.00,0.02,-0.07
2904464,27.00,0.10,-0.26,28.00,0.58,0.03,27.00,0.02,-0.09
2904524,27.00,0.04,-0.14,28.00,-0.32,-0.19,27.00,0.01,-0.03
2904584,27.00,0.01,-0.22,28.00,-0.93,-0.20,27.00,-0.05,-0.12
2904644,27.00,-0.12,-0.31,28.00,-1.31,-0.24,27.00,-0.10,-0.11
2904705,27.00,0.07,-0.30,28.00,-2.23,0.13,27.00,-0.01,-0.09
2904765,27.00,0.07,-0.25,28.00,-2.28,0.56,27.00,-0.04,-0.04
2904825,27.00,0.02,-0.24,28.00,-2.72,0.37,27.00,-0.02,-0.11
2904885,27.00,-0.11,-0.25,28.00,-2.95,0.21,27.00,-0.02,-0.05
2904945,27.00,-0.07,-0.15,28.00,-3.32,-0.34,27.00,-0.02,-0.04
2905005,27.00,-0.05,-0.15,28.00,-3.67,-0.51,27.00,-0.02,-0.08
2905065,27.00,-0.07,-0.26,28.00,-3.76,-0.09,27.00,0.04,-0.01
2905126,27.00,-0.07,-0.20,28.00,-4.21,-0.07,27.00,0.05,0.00
2905186,27.00,-0.01,-0.23,28.00,-3.88,-0.32,27.00,-0.04,-0.09
2905246,27.00,-0.12,-0.14,28.00,-3.85,-1.16,27.00,-0.04,-0.08
2905306,27.00,0.01,-0.45,28.00,-3.42,-0.58,27.00,-0.01,-0.07
2905366,27.00,-0.02,-0.53,28.00,-3.66,-0.35,27.00,0.01,-0.00
2905426,27.00,0.01,-0.05,28.00,-2.78,-0.58,27.00,-0.05,-0.03
2905486,27.00,0.15,-0.37,28.00,-2.44,-0.76,27.00,-0.01,0.06
2905546,27.00,0.05,-0.03,28.00,-1.99,-0.45,27.00,0.04,-0.07
2905607,27.00,-0.07,-0.16,28.00,-1.66,-0.73,27.00,-0.04,-0.01
2905667,27.00,0.01,-0.26,28.00,-0.96,-0.76,27.00,-0.01,-0.07
2905727,27.00,0.08,-0.06,28.00,-0.30,-0.60,27.00,-0.04,-0.03
2905787,27.00,-0.14,-0.22,28.00,0.23,-0.48,27.00,-0.01,-0.03
2905847,27.00,-0.02,-0.26,28.00,0.87,-0.38,27.00,-0.02,-0.07
2905907,27.00,-0.05,-0.22,28.00,1.41,-0.54,27.00,-0.01,-0.01
2905967,27.00,-0.10,-0.01,28.00,2.06,-0.29,27.00,-0.08,-0.05
2906028,27.00,0.08,-0.17,28.00,2.57,-0.51,27.00,0.02,-0.12
2906088,27.00,-0.07,-0.22,28.00,2.91,0.11,27.00,-0.02,-0.03
2906148,27.00,0.07,-0.05,28.00,3.30,0.12,27.00,-0.10,-0.01
2906208,27.00,-0.07,-0.21,28.00,3.64,0.07,27.00,-0.08,0.03
2906268,27.00,-0.14,0.07,28.00,3.39,-0.16,27.00,-0.04,0.01
2906328,27.00,-0.08,-0.22,28.00,3.80,-0.20,27.00,-0.04,-0.02
2906388,27.00,-0.20,-0.26,28.00,3.60,-0.49,27.00,-0.02,-0.09
2906448,27.00,0.04,-0.06,28.00,3.80,-0.39,27.00,-0.04,-0.05
2906509,27.00,0.12,-0.07,28.00,3.66,-0.33,27.00,-0.01,-0.00
2906569,27.00,-0.05,-0.07,28.00,3.76,0.02,27.00,-0.01,-0.06
2906629,27.00,-0.10,-0.03,28.00,3.32,0.60,27.00,-0.04,0.00
2906689,27.00,-0.02,-0.26,28.00,2.85,0.10,27.00,0.01,-0.06
2906749,27.00,0.07,-0.38,28.00,2.16,0.05,27.00,-0.02,-0.05
2906809,27.00,0.15,-0.23,28.00,1.85,-0.17,27.00,-0.02,-0.00
2906869,27.00,0.02,-0.34,28.00,1.33,0.15,27.00,0.01,-0.14
2906930,27.00,0.08,-0.29,28.00,0.65,-0.24,27.00,-0.02,-0.06
2906990,27.00,-0.15,-0.05,28.00,0.12,-0.07,27.00,0.05,0.03
2907050,27.00,-0.05,-0.14,28.00,-0.27,-0.26,27.00,-0.05,-0.11
2907110,27.00,-0.02,-0.09,28.00,-1.19,0.18,27.00,-0.04,-0.00
2907170,27.00,-0.24,-0.34,28.00,-1.50,0.24,27.00,-0.01,-0.03
2907230,27.00,-0.10,-0.21,28.00,-1.90,-0.19,27.00,0.01,0.05
2907290,27.00,0.04,-0.23,28.00,-2.44,-0.15,27.00,0.02,0.00
2907351,27.00,-0.07,-0.21,28.00,-3.25,0.32,27.00,0.05,-0.01
2907411,27.00,0.23,-0.30,28.00,-3.44,0.11,27.00,-0.02,-0.02
2907471,27.00,-0.01,-0.07,28.00,-3.60,-0.27,27.00,-0.02,-0.06
2907531,27.00,-0.04,-0.29,28.00,-3.67,-0.41,27.00,0.04,-0.04
2907591,27.00,0.07,-0.27,28.00,-3.76,-0.30,27.00,-0.02,-0.06
2907651,27.00,-0.04,-0.23,28.00,-3.90,-0.15,27.00,-0.08,-0.01
2907711,27.00,0.01,-0.22,28.00,-3.64,-0.22,27.00,0.04,0.05
2907771,27.00,-0.08,-0.17,28.00,-3.77,-0.35,27.00,-0.11,-0.12
2907832,27.00,-0.10,-0.27,28.00,-3.39,-0.31,27.00,-0.01,-0.05
2907892,27.00,-0.30,-0.36,28.00,-3.25,-0.00,27.00,-0.02,-0.01
2907952,27.00,0.11,-0.34,28.00,-2.79,-0.51,27.00,-0.01,-0.06
2908012,27.00,-0.12,-0.18,28.00,-2.31,-0.37,27.00,0.01,-0.01
2908072,27.00,-0.12,-0.15,28.00,-1.85,-0.42,27.00,-0.05,-0.00
2908132,27.00,0.08,-0.01,28.00,-1.15,-0.59,27.00,-0.04,-0.10
2908192,27.00,0.05,0.03,28.00,-0.49,-0.78,27.00,0.01,0.02
2908252,27.00,0.07,-0.14,28.00,0.01,-0.63,27.00,-0.01,0.01
2908313,27.00,0.02,-0.25,28.00,0.49,-0.13,27.00,0.01,-0.01
2908373,27.00,-0.05,-0.22,28.00,1.06,0.04,27.00,-0.02,-0.04
2908433,27.00,0.07,-0.08,28.00,1.69,-0.12,27.00,0.08,-0.00
2908493,27.00,-0.08,-0.36,28.00,2.21,0.37,27.00,-0.01,-0.03
2908553,27.00,0.05,-0.16,28.00,2.76,-0.34,27.00,0.02,0.06
2908613,27.00,0.01,-0.23,28.00,3.30,0.19,27.00,-0.01,-0.00
2908673,27.00,-0.11,-0.17,28.00,3.10,0.26,27.00,0.05,-0.02
2908734,27.00,-0.14,-0.32,28.00,3.52,-0.35,27.00,0.04,0.00
2908794,27.00,0.12,-0.18,28.00,3.80,-0.38,27.00,0.02,-0.03
2908854,27.00,-0.17,-0.22,28.00,4.04,0.12,27.00,0.05,0.04
2908914,27.00,-0.11,-0.34,28.00,4.07,-0.20,27.00,0.02,-0.07
2908974,27.00,0.04,-0.22,28.00,3.80,0.62,27.00,0.04,-0.00
2909034,27.00,-0.01,-0.10,28.00,3.45,0.58,27.00,-0.01,-0.01
2909094,27.00,-0.07,-0.25,28.00,3.23,-0.04,27.00,-0.10,-0.03
2909155,27.00,0.07,-0.18,28.00,2.85,0.17,27.00,-0.02,-0.12
2909215,27.00,-0.08,-0.18,28.00,2.63,-0.03,27.00,-0.02,-0.03
2909275,27.00,0.15,-0.15,28.00,2.18,0.28,27.00,0.01,-0.08
2909335,27.00,-0.02,-0.15,28.00,1.38,0.20,27.00,0.04,-0.04
2909395,27.00,-0.20,-0.30,28.00,1.25,0.00,27.00,-0.04,-0.01
2909455,27.00,-0.07,-0.24,28.00,0.42,0.25,27.00,-0.05,-0.09
2909515,27.00,-0.02,-0.28,28.00,-0.01,-0.09,27.00,-0.04,-0.01
2909575,27.00,-0.04,-0.40,28.00,-0.61,0.32,27.00,-0.02,-0.01
2909636,27.00,0.02,-0.23,28.00,-1.19,-0.05,27.00,-0.04,-0.04
2909696,27.00,0.02,-0.13,28.00,-2.07,0.04,27.00,0.04,-0.07
2909756,27.00,-0.07,-0.11,28.00,-2.28,-0.22,27.00,0.02,0.01
2909816,27.00,0.04,-0.27,28.00,-2.79,-0.06,27.00,0.01,-0.05
2909876,27.00,-0.08,-0.03,28.00,-2.84,-0.65,27.00,-0.02,-0.01
2909936,27.00,-0.10,-0.21,28.00,-3.41,-0.19,27.00,0.01,-0.01
2909996,27.00,-0.11,-0.39,28.00,-3.70,-0.19,27.00,-0.04,-0.09
2910057,27.00,0.11,-0.20,28.00,-3.79,-0.20,27.00,0.01,-0.03
2910117,27.00,0.04,-0.22,28.00,-3.68,0.04,27.00,0.04,0.01
2910177,27.00,0.01,-0.15,28.00,-3.96,-0.23,27.00,0.04,-0.08
2910237,27.00,0.11,-0.30,28.00,-3.89,-0.46,27.00,0.02,-0.09
2910297,27.00,0.05,-0.28,28.00,-3.58,0.03,27.00,-0.02,-0.13
2910357,27.00,0.07,-0.06,28.00,-3.30,-0.58,27.00,0.01,-0.07
2910417,27.00,-0.07,-0.15,28.00,-3.00,-0.41,27.00,0.02,-0.04
2910477,27.00,0.10,-0.22,28.00,-2.31,-0.35,27.00,0.01,-0.08
2910538,27.00,-0.23,-0.36,28.00,-2.21,-0.49,27.00,-0.01,-0.00
2910598,27.00,-0.10,-0.27,28.00,-1.63,-0.20,27.00,0.11,0.00
2910658,27.00,0.04,-0.15,28.00,-0.80,-1.01,27.00,-0.02,-0.07
2910718,27.00,-0.08,-0.11,28.00,-0.40,-0.72,27.00,-0.01,-0.02
2910778,27.00,-0.04,-0.21,28.00,0.15,-0.35,27.00,-0.01,-0.00
2910838,27.00,-0.23,-0.35,28.00,0.67,-0.42,27.00,-0.02,-0.04
2910898,27.00,-0.04,-0.28,28.00,1.49,-0.35,27.00,-0.04,-0.07
2910959,27.00,-0.12,-0.16,28.00,1.78,-0.23,27.00,-0.01,0.00
2911019,27.00,-0.08,-0.26,28.00,2.48,-0.11,27.00,0.01,-0.00
2911079,27.00,-0.08,-0.10,28.00,3.00,-0.04,27.00,0.02,0.01
2911139,27.00,0.01,-0.32,28.00,3.51,-0.29,27.00,0.01,0.04
2911199,27.00,0.08,-0.19,28.00,3.85,-0.23,27.00,-0.04,-0.06
2911259,27.00,0.02,-0.14,28.00,3.74,-0.35,27.00,-0.02,0.00
2911319,27.00,0.17,-0.24,28.00,3.74,-0.07,27.00,-0.05,-0.01
2911379,27.00,0.14,-0.28,28.00,3.88,-0.21,27.00,-0.04,0.01
2911440,27.00,-0.11,-0.22,28.00,4.14,0.18,27.00,-0.07,0.00
2911500,27.00,0.08,-0.17,28.00,3.92,0.16,27.00,-0.11,-0.06
2911560,27.00,-0.05,-0.22,28.00,3.63,0.04,27.00,0.02,-0.02
2911620,27.00,0.05,-0.22,28.00,3.04,-0.09,27.00,-0.02,-0.10
2911680,27.00,0.08,-0.07,28.00,2.85,0.16,27.00,-0.01,-0.02
2911740,27.00,0.01,-0.30,28.00,2.23,0.10,27.00,0.05,-0.00
2911800,27.00,0.01,-0.13,28.00,1.99,0.22,27.00,-0.01,-0.07
2911861,27.00,-0.07,-0.30,28.00,1.37,-0.05,27.00,-0.04,-0.04
2911921,27.00,-0.11,-0.30,28.00,1.09,0.13,27.00,0.05,-0.02
2911981,27.00,-0.05,-0.22,28.00,0.20,-0.01,27.00,-0.01,-0.04
2912041,27.00,-0.17,-0.21,28.00,-0.45,-0.23,27.00,-0.04,0.02
2912101,27.00,-0.08,-0.19,28.00,-0.67,-0.29,27.00,0.04,0.02
2912161,27.00,-0.01,-0.22,28.00,-1.36,-0.27,27.00,0.01,-0.10
2912221,27.00,-0.08,-0.15,28.00,-1.85,0.08,27.00,-0.05,-0.07
2912281,27.00,-0.08,-0.24,28.00,-2.47,-0.38,27.00,-0.08,-0.07
2912342,27.00,-0.12,-0.20,28.00,-3.07,-0.16,27.00,0.05,0.01
2912402,27.00,-0.17,-0.15,28.00,-3.29,-0.34,27.00,0.05,0.00
2912462,27.00,0.04,-0.20,28.00,-3.52,0.06,27.00,-0.01,-0.04
2912522,27.00,0.17,-0.15,28.00,-3.71,-0.22,27.00,0.04,-0.02
2912582,27.00,0.11,-0.11,28.00,-3.67,-0.28,27.00,-0.05,0.00
2912642,27.00,-0.04,-0.18,28.00,-3.79,-0.24,27.00,-0.08,-0.09
2912702,27.00,-0.10,-0.30,28.00,-3.80,-0.48,27.00,-0.01,-0.03
2912763,27.00,-0.14,-0.26,28.00,-3.54,-0.52,27.00,-0.01,0.02
2912823,27.00,-0.04,-0.35,28.00,-3.07,-0.23,27.00,-0.02,-0.03
2912883,27.00,-0.07,-0.15,28.00,-3.39,-0.52,27.00,0.01,-0.00
2912943,27.00,-0.07,-0.28,28.00,-2.73,-0.39,27.00,-0.05,0.04
2913003,27.00,-0.02,-0.19,28.00,-2.01,-0.35,27.00,-0.04,-0.01
2913063,27.00,-0.07,-0.09,28.00,-1.90,-0.73,27.00,0.05,0.02
2913123,27.00,-0.02,-0.17,28.00,-1.27,-0.76,27.00,-0.04,-0.04
2913183,27.00,0.10,-0.18,28.00,-0.78,-0.75,27.00,-0.02,-0.00
2913244,27.00,0.05,-0.27,28.00,0.05,-0.65,27.00,0.05,-0.02
2913304,27.00,0.05,-0.33,28.00,0.36,-0.26,27.00,-0.01,-0.01
2913364,27.00,0.08,-0.09,28.00,0.80,-0.33,27.00,-0.01,0.03
2913424,27.00,-0.08,-0.16,28.00,1.47,0.30,27.00,-0.01,-0.05
2913484,27.00,0.02,-0.21,28.00,2.31,-0.64,27.00,-0.04,-0.02
2913544,27.00,0.04,-0.28,28.00,2.51,-0.89,27.00,0.01,-0.13
2913604,27.00,0.14,-0.33,28.00,2.79,-0.35,27.00,-0.14,0.00
2913665,27.00,0.11,-0.15,28.00,3.20,-0.27,27.00,0.08,-0.02
2913725,27.00,-0.08,-0.36,28.00,3.51,0.17,27.00,-0.01,-0.02
2913785,27.00,-0.02,-0.23,28.00,3.67,-0.44,27.00,-0.01,-0.01
2913845,27.00,-0.27,-0.36,28.00,3.73,-0.47,27.00,0.02,-0.00
2913905,27.00,0.20,-0.34,28.00,4.10,0.18,27.00,0.01,-0.07
2913965,27.00,-0.05,-0.14,28.00,3.58,0.07,27.00,-0.01,-0.02
2914025,27.00,0.07,-0.18,28.00,3.38,-0.18,27.00,-0.01,-0.02
2914086,27.00,0.04,0.00,28.00,3.20,0.19,27.00,-0.07,-0.02
2914146,27.00,-0.14,-0.36,28.00,3.04,-0.04,27.00,-0.07,0.01
2914206,27.00,0.11,0.00,28.00,2.54,0.06,27.00,0.01,-0.00
2914266,27.00,-0.04,-0.15,28.00,2.38,0.08,27.00,-0.07,-0.06
2914326,27.00,-0.01,-0.17,28.00,1.79,-0.03,27.00,0.04,-0.07
2914386,27.00,-0.14,-0.03,28.00,1.28,-0.40,27.00,-0.01,-0.05
2914446,27.00,-0.05,-0.10,28.00,0.68,-0.06,27.00,-0.02,-0.02
2914506,27.00,0.02,-0.15,28.00,-0.05,-0.31,27.00,-0.01,-0.05
2914567,27.00,0.07,-0.13,28.00,-0.58,-0.08,27.00,0.02,0.02
2914627,27.00,0.08,-0.13,28.00,-1.49,-0.29,27.00,0.04,-0.00
2914687,27.00,0.07,-0.39,28.00,-1.56,-0.07,27.00,0.02,-0.08
2914747,27.00,-0.04,-0.08,28.00,-2.45,-0.03,27.00,-0.04,-0.13
2914807,27.00,-0.08,-0.29,28.00,-2.73,-0.32,27.00,-0.08,-0.04
2914867,27.00,0.07,-0.23,28.00,-3.25,0.03,27.00,-0.01,-0.00
2914927,27.00,-0.04,-0.17,28.00,-3.42,-0.01,27.00,-0.01,-0.07
2914988,27.00,-0.05,-0.39,28.00,-3.83,-0.10,27.00,0.01,-0.02
2915048,27.00,0.15,0.15,28.00,-3.93,0.07,27.00,0.07,0.00
2915108,27.00,0.05,-0.10,28.00,-3.77,-0.15,27.00,0.01,-0.02
2915168,27.00,0.12,-0.10,28.00,-4.17,-0.06,27.00,0.02,-0.03
2915228,27.00,-0.04,-0.11,28.00,-3.82,-0.54,27.00,-0.01,-0.08
2915288,27.00,-0.11,-0.21,28.00,-3.35,-0.53,27.00,0.02,0.01
2915348,27.00,-0.01,-0.04,28.00,-3.27,-0.54,27.00,0.04,-0.02
2915408,27.00,0.05,-0.28,28.00,-2.84,-0.45,27.00,-0.08,-0.02
2915469,27.00,-0.07,-0.30,28.00,-2.62,-0.61,27.00,-0.04,-0.06
2915529,27.00,0.11,-0.39,28.00,-2.07,-0.35,27.00,0.01,0.01
2915589,27.00,0.01,-0.22,28.00,-1.52,-0.06,27.00,-0.02,0.00
2915649,27.00,-0.08,-0.12,28.00,-0.95,0.11,27.00,-0.04,-0.08
2915709,27.00,-0.14,-0.14,28.00,-0.45,-0.80,27.00,0.02,0.02
2915769,27.00,-0.14,-0.25,28.00,0.01,-0.56,27.00,0.07,-0.07
2915829,27.00,0.01,-0.15,28.00,0.83,-0.44,27.00,-0.07,-0.09
2915890,27.00,0.01,-0.23,28.00,1.28,-0.07,27.00,-0.01,-0.09
2915950,27.00,0.08,-0.10,28.00,1.82,-0.75,27.00,-0.05,0.07
2916010,27.00,-0.17,-0.29,28.00,2.50,-0.83,27.00,-0.02,0.06
2916070,27.00,0.12,-0.00,28.00,2.97,-0.65,27.00,-0.01,0.01
2916130,27.00,-0.11,-0.16,28.00,3.26,0.12,27.00,-0.05,0.01
2916190,27.00,0.04,-0.18,28.00,3.39,-0.08,27.00,-0.02,-0.00
2916250,27.00,0.11,-0.28,28.00,3.61,0.16,27.00,0.02,0.02
2916310,27.00,-0.11,-0.04,28.00,3.70,0.00,27.00,0.02,0.04
2916371,27.00,-0.05,-0.35,28.00,3.89,0.17,27.00,-0.05,-0.01
2916431,27.00,0.01,-0.28,28.00,3.89,0.06,27.00,0.01,-0.05
2916491,27.00,0.10,-0.19,28.00,3.70,0.20,27.00,-0.02,-0.05
2916551,27.00,0.04,-0.27,28.00,3.49,-0.16,27.00,-0.02,-0.07
2916611,27.00,0.02,-0.13,28.00,3.22,-0.15,27.00,-0.08,-0.13
2916671,27.00,0.01,-0.16,28.00,2.50,0.62,27.00,-0.04,-0.07
2916731,27.00,0.02,-0.22,28.00,2.25,0.09,27.00,0.01,-0.04
2916792,27.00,-0.05,-0.13,28.00,1.87,-0.39,27.00,-0.01,-0.05
2916852,27.00,-0.01,-0.25,28.00,1.58,0.14,27.00,0.02,0.01
2916912,27.00,-0.05,-0.15,28.00,0.52,0.92,27.00,-0.01,0.03
2916972,27.00,-0.10,-0.24,28.00,0.33,0.20,27.00,0.05,-0.04
2917032,27.00,0.10,-0.05,28.00,-0.27,-0.05,27.00,-0.02,-0.04
2917092,27.00,0.02,-0.22,28.00,-0.80,-0.03,27.00,-0.01,-0.09
2917152,27.00,-0.02,-0.28,28.00,-1.36,-0.05,27.00,-0.01,0.01
2917212,27.00,-0.04,-0.32,28.00,-1.84,0.06,27.00,0.02,0.01
2917273,27.00,-0.20,-0.38,28.00,-2.42,0.25,27.00,-0.01,-0.02
2917333,27.00,-0.05,-0.21,28.00,-2.75,-0.49,27.00,0.08,-0.06
2917393,27.00,-0.02,-0.19,28.00,-3.17,0.07,27.00,-0.01,-0.00
2917453,27.00,-0.10,-0.17,28.00,-3.51,-0.15,27.00,-0.01,-0.09
2917513,27.00,0.02,-0.24,28.00,-3.54,-0.19,27.00,-0.02,0.00
2917573,27.00,-0.05,-0.29,28.00,-3.66,-0.20,27.00,-0.02,-0.04
2917633,27.00,0.10,-0.10,28.00,-3.83,0.49,27.00,-0.04,-0.01
2917694,27.00,-0.12,-0.03,28.00,-3.76,-0.42,27.00,0.01,-0.04
2917754,27.00,-0.04,-0.11,28.00,-3.60,-0.22,27.00,-0.04,-0.08
2917814,27.00,-0.04,-0.13,28.00,-3.64,-0.15,27.00,-0.08,-0.04
2917874,27.00,-0.11,-0.25,28.00,-3.07,-0.14,27.00,-0.04,-0.05
2917934,27.00,-0.05,-0.16,28.00,-2.98,-0.51,27.00,-0.02,-0.06
2917994,27.00,-0.07,-0.23,28.00,-2.35,-0.51,27.00,-0.05,0.01
2918054,27.00,-0.21,-0.31,28.00,-1.74,-0.41,27.00,0.07,-0.06
2918114,27.00,-0.10,-0.10,28.00,-1.36,-0.51,27.00,-0.01,0.01
2918175,27.00,-0.17,-0.11,28.00,-0.74,-0.98,27.00,0.04,-0.05
2918235,27.00,-0.01,-0.26,28.00,-0.17,-0.62,27.00,0.02,0.07
2918295,27.00,0.05,-0.23,28.00,0.24,-0.23,27.00,0.08,-0.07
2918355,27.00,0.07,-0.14,28.00,1.09,-0.75,27.00,-0.01,0.01
2918415,27.00,-0.05,-0.33,28.00,1.66,-0.51,27.00,-0.04,-0.06
2918475,27.00,0.10,-0.25,28.00,1.84,0.29,27.00,-0.02,-0.02
2918535,27.00,-0.02,0.05,28.00,2.22,0.21,27.00,0.04,-0.04
2918596,27.00,0.05,-0.23,28.00,2.94,-0.42,27.00,0.02,-0.00
2918656,27.00,-0.04,-0.16,28.00,3.25,0.30,27.00,0.04,-0.03
2918716,27.00,-0.05,-0.06,28.00,3.51,0.04,27.00,-0.05,-0.13
2918776,27.00,-0.04,-0.14,28.00,3.73,-0.49,27.00,-0.01,-0.07
2918836,27.00,0.11,-0.15,28.00,3.86,-0.20,27.00,0.07,-0.03
2918896,27.00,-0.12,-0.21,28.00,3.54,0.01,27.00,-0.04,0.08
2918956,27.00,0.12,-0.04,28.00,3.52,0.15,27.00,0.07,-0.05
2919016,27.00,-0.02,-0.21,28.00,3.49,0.28,27.00,-0.02,-0.05
2919077,27.00,0.08,-0.14,28.00,3.48,0.00,27.00,-0.02,0.02
2919137,27.00,-0.04,-0.13,28.00,3.17,0.07,27.00,0.01,-0.10
2919197,27.00,-0.11,-0.30,28.00,2.51,0.14,27.00,-0.04,-0.07
2919257,27.00,-0.04,-0.36,28.00,2.37,-0.14,27.00,0.02,-0.08
2919317,27.00,0.07,-0.22,28.00,1.52,0.13,27.00,0.07,-0.01
2919377,27.00,-0.05,-0.09,28.00,1.05,0.19,27.00,0.01,-0.10
2919437,27.00,-0.04,-0.22,28.00,0.64,0.39,27.00,-0.01,-0.07
2919498,27.00,-0.14,-0.20,28.00,0.05,0.12,27.00,-0.01,-0.02
2919558,27.00,-0.10,-0.22,28.00,-0.56,-0.12,27.00,-0.05,-0.08
2919618,27.00,0.02,-0.26,28.00,-0.86,-0.17,27.00,0.02,-0.02
2919678,27.00,0.17,-0.17,28.00,-1.63,-0.39,27.00,-0.02,-0.14
2919738,27.00,0.01,-0.14,28.00,-1.90,-0.58,27.00,-0.07,-0.10
2919798,27.00,-0.04,-0.26,28.00,-2.59,-0.22,27.00,-0.02,0.00
2919858,27.00,-0.15,-0.12,28.00,-2.86,-0.41,27.00,0.05,-0.01
2919919,27.00,-0.08,-0.24,28.00,-3.16,-0.23,27.00,0.04,-0.03
2919979,27.00,-0.02,-0.02,28.00,-3.66,-0.09,27.00,0.02,-0.06
2920039,27.00,-0.12,-0.28,28.00,-3.89,-0.29,27.00,0.02,-0.03
2920099,27.00,-0.07,-0.21,28.00,-3.98,-0.58,27.00,-0.01,-0.04
2920159,27.00,0.10,-0.15,28.00,-3.82,0.07,27.00,-0.01,0.00
2920219,27.00,-0.05,-0.29,28.00,-3.76,-0.40,27.00,0.01,-0.02
2920279,27.00,0.01,-0.07,28.00,-3.41,-0.47,27.00,-0.05,-0.13
2920339,27.00,-0.02,-0.18,28.00,-3.36,-0.56,27.00,0.02,0.01
2920400,27.00,0.20,-0.23,28.00,-3.16,-0.37,27.00,0.05,-0.03
2920460,27.00,0.04,-0.04,28.00,-2.60,-0.07,27.00,0.02,0.01
2920520,27.00,0.08,-0.22,28.00,-2.37,-0.36,27.00,0.01,-0.07
2920580,27.00,0.08,-0.13,28.00,-1.60,-0.17,27.00,-0.02,0.02
2920640,27.00,-0.07,-0.17,28.00,-1.22,-0.25,27.00,-0.04,-0.07
2920700,27.00,0.15,-0.38,28.00,-0.48,-0.48,27.00,-0.01,0.00
2920760,27.00,-0.04,-0.11,28.00,-0.04,-0.31,27.00,0.02,-0.00
2920821,27.00,0.01,-0.26,28.00,0.51,0.23,27.00,-0.04,-0.02
2920881,27.00,-0.10,-0.41,28.00,1.03,-0.50,27.00,0.01,-0.02
2920941,27.00,0.15,0.07,28.00,1.56,-0.06,27.00,-0.01,-0.00
2921001,27.00,-0.04,-0.19,28.00,2.16,0.29,27.00,0.01,-0.03
2921061,27.00,0.04,-0.19,28.00,2.26,0.12,27.00,0.01,-0.02
2921121,27.00,0.02,-0.16,28.00,2.92,-0.29,27.00,0.05,-0.04
2921181,27.00,-0.04,0.04,28.00,3.30,0.07,27.00,-0.04,-0.04
2921241,27.00,0.21,-0.18,28.00,3.17,0.29,27.00,0.04,-0.02
2921302,27.00,-0.01,-0.16,28.00,3.86,-0.24,27.00,-0.04,-0.05
2921362,27.00,-0.01,-0.19,28.00,4.11,-0.73,27.00,-0.05,-0.07
2921422,27.00,0.02,-0.23,28.00,3.88,-0.23,27.00,0.01,-0.08
2921482,27.00,0.07,-0.32,28.00,3.93,-0.07,27.00,-0.02,-0.03
2921542,27.00,0.17,-0.17,28.00,3.57,-0.28,27.00,-0.07,-0.00
2921602,27.00,0.11,-0.02,28.00,3.42,-0.15,27.00,0.05,-0.09
2921662,27.00,-0.01,-0.20,28.00,2.98,0.29,27.00,0.01,-0.06
2921723,27.00,-0.10,-0.16,28.00,2.75,0.29,27.00,-0.08,0.00
2921783,27.00,0.07,-0.32,28.00,2.38,0.49,27.00,-0.02,-0.04
2921843,27.00,-0.10,-0.29,28.00,1.63,-0.22,27.00,-0.04,0.00
2921903,27.00,0.07,-0.15,28.00,1.14,-0.19,27.00,0.05,0.00
2921963,27.00,-0.05,-0.19,28.00,0.48,0.08,27.00,0.01,-0.02
2922023,27.00,0.05,-0.22,28.00,-0.14,-0.19,27.00,-0.01,0.06
2922083,27.00,-0.05,-0.23,28.00,-0.75,0.01,27.00,-0.01,-0.06
2922143,27.00,0.01,-0.06,28.00,-1.37,-0.49,27.00,-0.05,-0.05
2922204,27.00,0.02,-0.40,28.00,-1.69,-0.00,27.00,0.05,-0.00
2922264,27.00,0.07,0.01,28.00,-2.37,0.18,27.00,0.04,-0.02
2922324,27.00,0.07,-0.14,28.00,-2.85,-0.22,27.00,-0.04,-0.13
2922384,27.00,-0.01,-0.36,28.00,-3.13,-0.31,27.00,-0.02,0.02
2922444,27.00,0.02,-0.15,28.00,-3.64,0.02,27.00,0.05,0.04
2922504,27.00,-0.01,-0.23,28.00,-3.73,-0.53,27.00,-0.04,-0.06
2922564,27.00,-0.11,-0.22,28.00,-4.15,-0.18,27.00,0.01,-0.06
2922625,27.00,0.05,-0.24,28.00,-3.80,-0.28,27.00,-0.04,-0.04
2922685,27.00,0.04,-0.18,28.00,-3.64,-0.28,27.00,0.07,-0.03
2922745,27.00,-0.12,-0.13,28.00,-3.58,-0.68,27.00,-0.07,0.00
2922805,27.00,-0.12,-0.31,28.00,-3.39,-0.40,27.00,0.01,-0.03
2922865,27.00,-0.02,-0.19,28.00,-3.25,-0.64,27.00,-0.02,-0.06
2922925,27.00,0.08,-0.19,28.00,-2.78,-0.65,27.00,-0.01,-0.06
2922985,27.00,-0.01,-0.10,28.00,-2.59,-0.67,27.00,-0.02,-0.05
2923045,27.00,0.14,-0.07,28.00,-2.22,-0.51,27.00,-0.02,-0.05
2923106,27.00,0.05,-0.22,28.00,-1.47,-0.45,27.00,0.04,0.02
2923166,27.00,-0.05,-0.30,28.00,-0.77,-0.88,27.00,-0.12,-0.05
2923226,27.00,0.04,-0.28,28.00,-0.18,-0.70,27.00,-0.04,-0.00
2923286,27.00,0.10,-0.09,28.00,0.29,-0.53,27.00,-0.02,-0.05
2923346,27.00,0.23,-0.19,28.00,0.90,-0.40,27.00,0.04,0.02
2923406,27.00,-0.18,-0.29,28.00,1.27,-0.15,27.00,-0.01,-0.09
2923466,27.00,-0.08,0.01,28.00,1.81,-0.03,27.00,-0.04,-0.03
2923527,27.00,0.07,-0.13,28.00,2.57,-0.23,27.00,-0.01,0.01
2923587,27.00,0.08,-0.28,28.00,2.67,0.32,27.00,0.02,-0.04
2923647,27.00,0.15,-0.29,28.00,3.05,0.50,27.00,-0.05,-0.07
2923707,27.00,-0.17,-0.23,28.00,3.67,0.16,27.00,0.02,0.02
2923767,27.00,-0.05,-0.23,28.00,3.64,-0.08,27.00,-0.04,-0.02
2923827,27.00,-0.01,-0.23,28.00,3.83,-0.07,27.00,-0.04,-0.03
2923887,27.00,-0.14,-0.32,28.00,4.01,0.03,27.00,-0.02,-0.12
2923947,27.00,-0.12,-0.23,28.00,3.96,-0.07,27.00,-0.04,-0.13
2924008,27.00,0.17,-0.18,28.00,3.60,-0.21,27.00,0.01,-0.06
2924068,27.00,-0.10,-0.27,28.00,3.45,0.37,27.00,0.01,-0.04
2924128,27.00,0.04,-0.15,28.00,3.14,0.40,27.00,0.02,-0.15
2924188,27.00,-0.01,-0.27,28.00,2.86,-0.12,27.00,-0.01,-0.04
2924248,27.00,0.08,-0.23,28.00,2.35,0.26,27.00,-0.05,-0.00
2924308,27.00,-0.12,-0.29,28.00,1.87,-0.08,27.00,-0.11,-0.09
2924368,27.00,-0.04,-0.24,28.00,1.40,-0.05,27.00,-0.01,-0.08
2924429,27.00,-0.12,-0.17,28.00,0.68,-0.37,27.00,0.01,0.02
2924489,27.00,-0.26,-0.24,28.00,0.15,-0.15,27.00,-0.04,0.02
2924549,27.00,0.02,-0.29,28.00,-0.32,-0.24,27.00,0.02,-0.01
2924609,27.00,-0.05,-0.20,28.00,-1.31,0.13,27.00,0.01,0.04
2924669,27.00,-0.08,-0.22,28.00,-1.68,-0.09,27.00,-0.05,-0.08
2924729,27.00,-0.04,-0.23,28.00,-1.94,-0.17,27.00,-0.02,-0.06
2924789,27.00,-0.07,-0.31,28.00,-2.53,-0.07,27.00,0.05,-0.05
2924850,27.00,-0.14,-0.22,28.00,-2.88,-0.56,27.00,-0.02,-0.02
2924910,27.00,-0.07,-0.17,28.00,-3.22,-0.18,27.00,-0.04,0.00
2924970,27.00,-0.11,-0.15,28.00,-3.51,-0.15,27.00,0.04,-0.04
2925030,27.00,-0.10,-0.36,28.00,-3.49,-0.25,27.00,-0.04,0.01
2925090,27.00,0.02,-0.16,28.00,-3.85,-0.14,27.00,0.01,-0.04
2925150,27.00,-0.12,-0.27,28.00,-3.74,-0.16,27.00,-0.01,-0.03
2925210,27.00,0.07,-0.21,28.00,-4.04,-0.33,27.00,-0.07,0.02
2925270,27.00,-0.10,-0.12,28.00,-3.64,-0.44,27.00,-0.02,-0.04
2925331,27.00,0.01,-0.24,28.00,-3.55,-0.45,27.00,-0.01,-0.07
2925391,27.00,0.02,-0.08,28.00,-3.26,-0.50,27.00,0.02,-0.05
2925451,27.00,-0.02,-0.05,28.00,-2.76,-0.55,27.00,-0.04,0.00
2925511,27.00,0.07,-0.25,28.00,-2.48,-0.51,27.00,-0.01,0.02
2925571,27.00,0.05,-0.12,28.00,-1.99,-0.48,27.00,-0.07,0.03
2925631,27.00,0.02,-0.37,28.00,-1.34,-0.57,27.00,-0.04,-0.06
2925691,27.00,-0.04,-0.16,28.00,-0.78,-0.67,27.00,0.04,-0.04
2925752,27.00,-0.01,0.08,28.00,-0.11,-0.46,27.00,-0.07,-0.06
2925812,27.00,0.04,-0.29,28.00,0.51,-0.62,27.00,0.01,-0.07
2925872,27.00,-0.04,-0.22,28.00,1.03,0.25,27.00,-0.02,-0.01
2925932,27.00,-0.08,-0.05,28.00,1.58,-0.16,27.00,-0.01,-0.02
2925992,27.00,0.08,-0.13,28.00,2.12,-0.27,27.00,0.02,-0.03
2926052,27.00,-0.12,-0.46,28.00,2.81,0.07,27.00,0.01,-0.14
2926112,27.00,0.23,-0.26,28.00,2.70,0.46,27.00,-0.04,-0.06
2926172,27.00,0.02,-0.29,28.00,3.22,-0.27,27.00,-0.02,-0.07
2926233,27.00,0.14,-0.15,28.00,3.71,-0.29,27.00,0.01,-0.05
2926293,27.00,0.05,-0.09,28.00,4.08,0.01,27.00,0.01,0.01
2926353,27.00,-0.14,-0.23,28.00,3.82,0.22,27.00,-0.07,-0.08
2926413,27.00,0.08,-0.26,28.00,3.73,0.44,27.00,-0.05,0.02
2926473,27.00,-0.01,-0.21,28.00,3.48,-0.04,27.00,-0.02,-0.07
2926533,27.00,0.02,-0.36,28.00,3.57,-0.07,27.00,0.01,-0.07
2926593,27.00,0.17,-0.02,28.00,3.49,0.16,27.00,-0.02,-0.03
2926654,27.00,0.07,-0.39,28.00,3.05,0.33,27.00,-0.05,-0.07
2926714,27.00,0.14,-0.20,28.00,2.40,-0.07,27.00,-0.01,-0.08
2926774,27.00,-0.10,-0.36,28.00,2.12,-0.21,27.00,-0.02,-0.03
2926834,27.00,0.07,-0.19,28.00,1.79,-0.26,27.00,-0.04,0.02
2926894,27.00,-0.08,-0.28,28.00,0.96,0.12,27.00,0.04,-0.01
2926954,27.00,-0.17,-0.21,28.00,0.53,0.29,27.00,-0.01,-0.02
2927014,27.00,-0.10,-0.27,28.00,0.15,-0.20,27.00,-0.02,-0.02
2927074,27.00,-0.02,-0.18,28.00,-0.61,0.10,27.00,-0.02,-0.09
2927135,27.00,-0.01,-0.15,28.00,-1.30,-0.00,27.00,-0.02,0.03
2927195,27.00,-0.02,-0.07,28.00,-1.41,-0.02,27.00,-0.04,-0.00
2927255,27.00,-0.04,-0.19,28.00,-2.01,-0.52,27.00,0.07,-0.05
2927315,27.00,0.02,-0.10,28.00,-2.56,-0.28,27.00,-0.07,-0.06
2927375,27.00,-0.01,-0.21,28.00,-3.01,-0.19,27.00,0.05,-0.02
2927435,27.00,0.12,-0.26,28.00,-3.58,-0.25,27.00,0.02,-0.03
2927495,27.00,-0.02,-0.28,28.00,-3.51,-0.22,27.00,0.02,0.00
2927556,27.00,0.11,-0.25,28.00,-3.74,-0.31,27.00,-0.05,-0.07
2927616,27.00,0.05,-0.17,28.00,-4.14,0.25,27.00,-0.01,-0.09
2927676,27.00,0.10,-0.31,28.00,-3.93,-0.24,27.00,0.05,0.01
2927736,27.00,-0.07,-0.19,28.00,-3.90,0.11,27.00,0.02,-0.02
2927796,27.00,0.02,-0.25,28.00,-3.54,-0.17,27.00,-0.04,0.00
2927856,27.00,-0.05,-0.09,28.00,-3.16,-0.40,27.00,0.05,-0.02
2927916,27.00,0.18,-0.21,28.00,-2.86,-0.40,27.00,0.04,-0.04
2927976,27.00,-0.01,-0.17,28.00,-2.54,-0.61,27.00,-0.02,-0.06
2928037,27.00,-0.04,-0.04,28.00,-1.99,-0.47,27.00,0.02,-0.06
2928097,27.00,0.07,-0.16,28.00,-1.55,-0.42,27.00,-0.05,-0.02
2928157,27.00,-0.01,-0.23,28.00,-0.84,-0.76,27.00,0.01,-0.02
2928217,27.00,-0.21,-0.27,28.00,-0.37,-0.84,27.00,-0.05,-0.10
2928277,27.00,-0.01,-0.05,28.00,0.17,-0.62,27.00,-0.02,-0.13
2928337,27.00,0.07,-0.26,28.00,0.58,-0.07,27.00,-0.02,-0.00
2928397,27.00,-0.21,-0.26,28.00,1.27,-0.29,27.00,-0.02,-0.02
2928458,27.00,0.10,-0.07,28.00,1.78,-0.14,27.00,0.04,-0.07
2928518,27.00,-0.05,-0.36,28.00,2.22,-0.01,27.00,-0.02,-0.15
2928578,27.00,0.10,0.04,28.00,2.62,-0.02,27.00,0.05,-0.10
2928638,27.00,-0.21,-0.27,28.00,3.14,-0.13,27.00,-0.05,-0.03
2928698,27.00,0.10,-0.03,28.00,3.60,-0.22,27.00,-0.02,-0.07
2928758,27.00,-0.15,-0.22,28.00,3.83,-0.41,27.00,0.07,0.01
2928818,27.00,0.10,-0.11,28.00,3.98,-0.24,27.00,-0.01,-0.11
2928878,27.00,-0.04,-0.08,28.00,4.10,-0.07,27.00,0.01,-0.05
2928939,27.00,0.10,-0.20,28.00,3.93,0.49,27.00,0.01,-0.10
2928999,27.00,0.05,-0.24,28.00,3.66,0.16,27.00,0.05,-0.06
2929059,27.00,0.07,-0.16,28.00,3.47,0.00,27.00,0.01,-0.01
2929119,27.00,-0.01,-0.38,28.00,3.54,0.10,27.00,-0.01,-0.19
2929179,27.00,-0.10,-0.18,28.00,2.76,-0.18,27.00,-0.02,-0.03
2929239,27.00,0.14,-0.09,28.00,2.47,-0.18,27.00,-0.02,0.01
2929299,27.00,-0.08,-0.34,28.00,1.85,0.15,27.00,0.02,-0.07
2929360,27.00,-0.05,-0.13,28.00,1.27,0.20,27.00,-0.01,-0.04
2929420,27.00,-0.05,-0.20,28.00,0.97,0.44,27.00,-0.07,0.01
2929480,27.00,0.01,-0.13,28.00,0.39,-0.30,27.00,-0.08,-0.09
2929540,27.00,-0.05,-0.15,28.00,-0.26,-0.23,27.00,-0.07,-0.03
2929600,27.00,0.02,-0.16,28.00,-0.89,0.41,27.00,-0.07,0.02
2929660,27.00,-0.18,-0.22,28.00,-1.43,-0.03,27.00,0.02,-0.07
2929720,27.00,0.01,0.04,28.00,-1.94,-0.25,27.00,0.02,-0.07
2929781,27.00,-0.07,-0.29,28.00,-2.40,-0.18,27.00,0.02,-0.06
2929841,27.00,0.04,-0.17,28.00,-2.98,0.07,27.00,0.10,-0.10
2929901,27.00,0.07,-0.29,28.00,-3.44,0.13,27.00,-0.01,-0.09
2929961,27.00,0.02,-0.27,28.00,-3.49,0.03,27.00,0.01,-0.09
2930021,27.00,0.01,-0.24,28.00,-3.68,-0.12,27.00,0.01,0.03
2930081,27.00,0.02,-0.15,28.00,-3.98,-0.33,27.00,0.02,-0.02
2930141,27.00,0.18,-0.20,28.00,-4.21,-0.48,27.00,0.04,-0.02
2930201,27.00,-0.08,-0.45,28.00,-3.93,-0.06,27.00,0.04,-0.06
2930262,27.00,0.14,-0.08,28.00,-3.89,-0.14,27.00,-0.02,-0.04
2930322,27.00,-0.14,-0.29,28.00,-3.25,0.07,27.00,0.02,0.06
2930382,27.00,-0.01,-0.26,28.00,-3.08,-0.97,27.00,0.07,-0.07
2930442,27.00,-0.10,-0.18,28.00,-2.84,-0.36,27.00,0.01,-0.05
2930502,27.00,-0.08,-0.03,28.00,-2.25,-0.79,27.00,-0.08,-0.05
2930562,27.00,0.18,-0.36,28.00,-1.62,-0.69,27.00,-0.02,0.01
2930622,27.00,-0.04,-0.31,28.00,-1.30,-0.87,27.00,-0.10,-0.03
2930682,27.00,-0.05,-0.34,28.00,-0.71,-1.03,27.00,0.04,-0.05
2930743,27.00,-0.12,-0.10,28.00,-0.15,-0.66,27.00,0.04,-0.02
2930803,27.00,0.01,-0.20,28.00,0.55,-0.49,27.00,0.01,-0.05
2930863,27.00,-0.14,-0.30,28.00,1.03,-0.36,27.00,-0.01,-0.00
2930923,27.00,-0.14,-0.24,28.00,1.58,0.11,27.00,-0.05,-0.08
2930983,27.00,-0.10,-0.03,28.00,2.12,-0.02,27.00,-0.01,-0.05
2931043,27.00,-0.05,-0.08,28.00,2.56,-0.52,27.00,0.01,-0.05
2931103,27.00,0.04,-0.30,28.00,2.89,0.00,27.00,-0.04,-0.06
2931164,27.00,-0.17,-0.39,28.00,3.38,-0.53,27.00,0.02,-0.07
2931224,27.00,0.01,-0.28,28.00,3.48,0.19,27.00,0.04,-0.09
2931284,27.00,-0.10,-0.23,28.00,3.64,-0.10,27.00,-0.02,-0.00
2931344,27.00,0.04,-0.28,28.00,4.05,-0.11,27.00,-0.02,-0.04
2931404,27.00,-0.14,-0.29,28.00,3.85,0.07,27.00,0.02,-0.05
2931464,27.00,0.07,-0.16,28.00,3.93,-0.26,27.00,0.07,-0.07
2931524,27.00,-0.02,-0.14,28.00,3.61,-0.40,27.00,0.02,-0.07
2931585,27.00,-0.10,-0.22,28.00,3.36,0.13,27.00,0.02,-0.08
2931645,27.00,-0.11,-0.20,28.00,2.94,0.29,27.00,0.01,0.03
2931705,27.00,0.10,-0.13,28.00,2.63,-0.18,27.00,-0.04,-0.07
2931765,27.00,-0.05,-0.08,28.00,2.18,-0.15,27.00,-0.07,-0.02
2931825,27.00,0.07,-0.16,28.00,1.60,-0.35,27.00,-0.04,-0.01
2931885,27.00,0.01,-0.27,28.00,1.33,-0.41,27.00,-0.04,-0.01
2931945,27.00,0.05,-0.29,28.00,0.83,0.00,27.00,-0.02,-0.02
2932005,27.00,-0.01,-0.31,28.00,-0.15,-0.02,27.00,0.01,-0.02
2932066,27.00,0.11,-0.08,28.00,-0.62,0.01,27.00,0.02,-0.00
2932126,27.00,-0.04,-0.10,28.00,-1.11,-0.64,27.00,-0.01,-0.11
2932186,27.00,0.01,-0.15,28.00,-1.74,-0.54,27.00,0.04,-0.07
2932246,27.00,-0.02,-0.06,28.00,-2.26,-0.13,27.00,0.04,-0.02
2932306,27.00,0.10,-0.14,28.00,-2.72,-0.32,27.00,0.05,-0.05
2932366,27.00,-0.02,-0.36,28.00,-3.10,-0.19,27.00,0.10,-0.06
2932426,27.00,-0.08,-0.37,28.00,-3.47,0.18,27.00,-0.02,-0.14
2932487,27.00,0.12,-0.05,28.00,-3.48,-0.06,27.00,-0.01,-0.07
2932547,27.00,0.05,-0.07,28.00,-3.92,0.01,27.00,0.01,-0.10
2932607,27.00,0.01,-0.25,28.00,-3.82,-0.58,27.00,-0.04,-0.04
2932667,27.00,0.01,-0.26,28.00,-4.01,-0.14,27.00,0.05,-0.03
2932727,27.00,-0.12,-0.33,28.00,-3.76,-0.29,27.00,0.08,0.03
2932787,27.00,-0.02,-0.29,28.00,-3.22,-0.60,27.00,-0.02,0.05
2932847,27.00,0.07,-0.15,28.00,-3.39,-0.61,27.00,0.01,0.04
2932907,27.00,-0.12,-0.18,28.00,-2.94,-0.61,27.00,0.01,-0.05
2932968,27.00,-0.01,-0.42,28.00,-2.42,-0.44,27.00,0.04,-0.03
2933028,27.00,0.04,-0.08,28.00,-2.01,-0.31,27.00,0.05,0.02
2933088,27.00,0.04,-0.14,28.00,-1.47,-0.44,27.00,0.07,-0.05
2933148,27.00,-0.23,-0.22,28.00,-1.09,-0.07,27.00,-0.01,-0.00
2933208,27.00,0.04,-0.21,28.00,-0.51,-0.87,27.00,0.01,0.00
2933268,27.00,-0.04,-0.21,28.00,0.05,-0.48,27.00,-0.04,0.01
2933328,27.00,0.11,-0.18,28.00,0.75,-0.28,27.00,0.05,-0.08
2933389,27.00,0.05,-0.39,28.00,1.12,-0.56,27.00,-0.05,-0.01
2933449,27.00,0.04,-0.36,28.00,1.88,-0.25,27.00,-0.08,-0.05
2933509,27.00,-0.11,-0.06,28.00,2.15,-0.15,27.00,-0.02,0.07
2933569,27.00,0.05,-0.31,28.00,2.64,-0.42,27.00,-0.01,-0.05
2933629,27.00,-0.10,-0.08,28.00,3.17,-0.06,27.00,-0.08,-0.06
2933689,27.00,0.14,-0.22,28.00,3.54,-0.05,27.00,0.02,-0.07
2933749,27.00,0.04,-0.08,28.00,3.54,0.26,27.00,-0.01,-0.11
2933809,27.00,0.08,-0.22,28.00,3.70,-0.04,27.00,-0.01,-0.06
2933870,27.00,0.11,-0.22,28.00,3.90,0.07,27.00,0.01,-0.03
2933930,27.00,0.15,-0.19,28.00,3.85,-0.09,27.00,-0.01,0.06
2933990,27.00,-0.10,-0.46,28.00,3.71,-0.21,27.00,0.01,-0.07
2934050,27.00,0.01,-0.16,28.00,3.48,0.03,27.00,-0.04,-0.05
2934110,27.00,0.08,-0.09,28.00,3.13,0.15,27.00,0.08,-0.01
2934170,27.00,-0.05,-0.22,28.00,2.62,0.15,27.00,0.05,-0.04
2934230,27.00,-0.14,-0.09,28.00,2.48,-0.21,27.00,-0.01,-0.01
2934291,27.00,-0.17,-0.26,28.00,1.91,-0.65,27.00,-0.02,0.03
2934351,27.00,0.15,-0.29,28.00,1.38,0.14,27.00,0.02,-0.08
2934411,27.00,-0.04,-0.08,28.00,0.89,-0.00,27.00,0.04,-0.05
2934471,27.00,0.01,-0.11,28.00,0.62,0.04,27.00,-0.02,-0.07
2934531,27.00,-0.05,-0.18,28.00,-0.15,-0.09,27.00,-0.02,-0.12
2934591,27.00,0.04,-0.26,28.00,-0.96,-0.13,27.00,-0.08,-0.02
2934651,27.00,0.05,-0.10,28.00,-1.63,-0.08,27.00,-0.01,-0.05
2934711,27.00,-0.04,-0.15,28.00,-1.94,0.12,27.00,0.01,-0.07
2934772,27.00,0.02,-0.32,28.00,-2.32,0.46,27.00,0.01,-0.01
2934832,27.00,-0.12,-0.17,28.00,-2.75,-0.29,27.00,0.01,-0.00
2934892,27.00,0.12,-0.28,28.00,-3.01,-0.06,27.00,-0.05,-0.08
2934952,27.00,-0.02,-0.25,28.00,-3.58,-0.36,27.00,-0.01,-0.04
2935012,27.00,0.02,-0.33,28.00,-3.63,-0.42,27.00,0.02,-0.04
2935072,27.00,0.14,0.09,28.00,-3.74,-0.22,27.00,0.07,0.00
2935132,27.00,0.14,-0.26,28.00,-3.92,0.10,27.00,-0.07,-0.06
2935193,27.00,0.01,-0.22,28.00,-3.64,-0.42,27.00,0.05,-0.06
2935253,27.00,-0.17,-0.29,28.00,-3.88,-0.44,27.00,-0.01,-0.08
2935313,27.00,0.08,-0.29,28.00,-3.38,-0.49,27.00,0.01,-0.08
2935373,27.00,0.11,-0.11,28.00,-3.13,-0.04,27.00,0.04,-0.02
2935433,27.00,0.04,-0.15,28.00,-2.97,-0.26,27.00,-0.05,-0.00
2935493,27.00,0.14,-0.18,28.00,-2.40,-0.38,27.00,-0.04,-0.00
2935553,27.00,0.15,-0.23,28.00,-2.10,0.13,27.00,-0.01,-0.04
2935613,27.00,0.11,-0.32,28.00,-1.37,-0.69,27.00,0.07,-0.01
2935674,27.00,-0.12,-0.16,28.00,-0.80,-0.99,27.00,-0.02,-0.07
2935734,27.00,0.07,-0.15,28.00,-0.18,-0.58,27.00,-0.05,-0.09
2935794,27.00,-0.04,-0.22,28.00,0.27,-0.34,27.00,-0.04,0.02
2935854,27.00,-0.11,-0.23,28.00,0.97,-0.69,27.00,-0.04,-0.10
2935914,27.00,-0.05,-0.14,28.00,1.53,-0.45,27.00,-0.04,-0.05
2935974,27.00,0.05,-0.14,28.00,1.97,-0.12,27.00,-0.02,-0.07
2936034,27.00,0.04,-0.04,28.00,2.23,-0.07,27.00,0.07,0.00
2936095,27.00,-0.05,-0.21,28.00,2.75,-0.24,27.00,0.01,-0.05
2936155,27.00,0.02,-0.22,28.00,3.03,0.15,27.00,-0.08,0.01
2936215,27.00,-0.02,-0.20,28.00,3.51,0.06,27.00,-0.01,-0.12
2936275,27.00,0.01,-0.11,28.00,4.18,-0.76,27.00,0.02,-0.04
2936335,27.00,0.02,-0.25,28.00,4.05,0.08,27.00,0.02,-0.08
2936395,27.00,0.08,-0.04,28.00,3.89,0.34,27.00,0.01,-0.07
2936455,27.00,-0.21,-0.30,28.00,3.85,0.07,27.00,-0.02,-0.01
2936515,27.00,-0.17,-0.24,28.00,3.61,0.13,27.00,-0.02,0.02
2936576,27.00,0.14,-0.13,28.00,3.29,-0.11,27.00,0.07,-0.01
2936636,27.00,0.02,-0.31,28.00,2.95,0.14,27.00,0.04,0.01
2936696,27.00,0.11,-0.30,28.00,2.72,0.53,27.00,-0.05,-0.06
2936756,27.00,0.12,-0.14,28.00,2.41,-0.17,27.00,-0.07,-0.06
2936816,27.00,0.14,-0.08,28.00,1.78,-0.01,27.00,0.02,-0.05
2936876,27.00,-0.05,-0.04,28.00,1.08,0.18,27.00,-0.04,-0.08
2936936,27.00,0.04,-0.23,28.00,0.46,-0.07,27.00,0.07,0.01
2936997,27.00,-0.12,-0.24,28.00,-0.01,-0.06,27.00,-0.01,-0.09
2937057,27.00,0.04,-0.08,28.00,-0.33,-0.29,27.00,-0.07,-0.02
2937117,27.00,-0.10,-0.14,28.00,-0.80,0.08,27.00,-0.04,-0.03
2937177,27.00,0.12,-0.20,28.00,-1.56,-0.05,27.00,-0.01,-0.06
2937237,27.00,-0.02,-0.10,28.00,-2.19,0.16,27.00,0.05,-0.00
2937297,27.00,0.05,-0.12,28.00,-2.70,0.39,27.00,0.01,-0.00
2937357,27.00,0.07,-0.20,28.00,-2.70,0.15,27.00,-0.02,-0.05
2937418,27.00,0.18,-0.10,28.00,-3.01,-0.30,27.00,0.07,-0.05
2937478,27.00,0.08,-0.28,28.00,-3.63,-0.63,27.00,-0.02,-0.06
2937538,27.00,0.07,-0.21,28.00,-3.49,-0.35,27.00,-0.02,-0.01
2937598,27.00,-0.04,-0.32,28.00,-3.88,-0.16,27.00,0.10,-0.07
2937658,27.00,-0.15,-0.36,28.00,-3.83,-0.44,27.00,0.07,-0.05
2937718,27.00,-0.15,-0.28,28.00,-4.05,-0.36,27.00,-0.04,-0.05
2937778,27.00,-0.07,-0.30,28.00,-3.64,-0.14,27.00,0.01,-0.03
2937838,27.00,-0.15,-0.17,28.00,-3.33,-0.47,27.00,0.01,-0.07
2937899,27.00,-0.04,-0.29,28.00,-2.78,-0.33,27.00,-0.07,-0.02
2937959,27.00,-0.07,-0.28,28.00,-2.73,-0.27,27.00,0.04,0.00
2938019,27.00,-0.11,-0.36,28.00,-2.21,-0.04,27.00,-0.07,-0.04
2938079,27.00,-0.12,-0.14,28.00,-1.52,-0.50,27.00,0.08,-0.14
2938139,27.00,-0.17,-0.17,28.00,-1.24,-0.65,27.00,-0.02,-0.09
2938199,27.00,-0.01,-0.29,28.00,-0.59,-0.08,27.00,-0.01,-0.08
2938259,27.00,0.08,-0.20,28.00,0.07,-0.41,27.00,-0.08,0.01
2938320,27.00,0.10,-0.21,28.00,0.56,-0.03,27.00,0.01,-0.06
2938380,27.00,0.05,-0.18,28.00,1.14,0.28,27.00,0.01,-0.05
2938440,27.00,-0.14,-0.18,28.00,1.55,-0.00,27.00,0.01,-0.06
2938500,27.00,0.10,-0.16,28.00,2.29,0.24,27.00,0.01,-0.07
2938560,27.00,0.02,-0.05,28.00,2.62,0.00,27.00,0.07,-0.07
2938620,27.00,-0.05,-0.09,28.00,3.13,-0.13,27.00,-0.01,-0.03
2938680,27.00,0.05,-0.13,28.00,3.54,-0.19,27.00,0.01,0.03
2938740,27.00,-0.15,-0.15,28.00,3.68,-0.39,27.00,0.01,-0.03
2938801,27.00,-0.12,-0.24,28.00,3.76,-0.58,27.00,0.07,-0.03
2938861,27.00,0.08,-0.29,28.00,4.07,-0.17,27.00,0.02,-0.00
2938921,27.00,-0.08,-0.14,28.00,3.80,0.21,27.00,-0.01,-0.05
2938981,27.00,0.05,-0.32,28.00,3.80,0.22,27.00,-0.08,-0.11
2939041,27.00,-0.15,-0.14,28.00,3.74,-0.05,27.00,0.01,-0.05
2939101,27.00,-0.02,-0.24,28.00,3.20,0.12,27.00,0.02,-0.07
2939161,27.00,-0.07,-0.15,28.00,3.13,0.27,27.00,0.01,0.03
2939222,27.00,0.02,-0.22,28.00,2.69,0.44,27.00,-0.02,-0.01
2939282,27.00,0.10,-0.15,28.00,1.96,0.22,27.00,0.08,-0.08
2939342,27.00,-0.01,-0.19,28.00,1.41,-0.02,27.00,0.07,-0.07
2939402,27.00,-0.08,-0.15,28.00,0.99,0.32,27.00,-0.02,-0.04
2939462,27.00,-0.11,-0.16,28.00,0.46,1.00,27.00,0.02,-0.01
2939522,27.00,0.04,-0.16,28.00,-0.08,-0.07,27.00,-0.04,0.00
2939582,27.00,-0.01,-0.22,28.00,-0.67,-0.28,27.00,0.04,-0.05
2939642,27.00,-0.07,-0.17,28.00,-1.15,-0.73,27.00,-0.01,-0.07
2939703,27.00,0.20,-0.20,28.00,-1.77,0.04,27.00,-0.01,-0.05
2939763,27.00,0.18,-0.23,28.00,-2.57,-0.30,27.00,0.01,-0.13
2939823,27.00,0.08,-0.16,28.00,-2.91,-0.18,27.00,0.05,-0.04
2939883,27.00,0.05,-0.28,28.00,-3.14,-0.67,27.00,0.01,-0.05
2939943,27.00,-0.04,-0.12,28.00,-3.25,-0.30,27.00,-0.02,0.00
2940003,27.00,-0.11,-0.32,28.00,-3.57,-0.47,27.00,0.01,0.01
2940063,27.00,0.07,-0.38,28.00,-3.85,-0.34,27.00,-0.04,0.00
2940124,27.00,0.10,-0.22,28.00,-3.74,-0.31,27.00,-0.01,-0.10
2940184,27.00,-0.05,-0.26,28.00,-3.98,-0.46,27.00,-0.01,0.01
2940244,27.00,-0.14,-0.13,28.00,-3.79,-0.68,27.00,-0.02,-0.01
2940304,27.00,-0.11,-0.15,28.00,-3.41,-0.01,27.00,0.04,-0.07
2940364,27.00,-0.15,-0.11,28.00,-3.22,-0.29,27.00,0.02,-0.05
2940424,27.00,-0.07,-0.28,28.00,-2.69,-0.45,27.00,0.07,0.00
2940484,27.00,0.08,-0.18,28.00,-2.41,-0.48,27.00,-0.02,-0.04
2940544,27.00,0.14,-0.19,28.00,-2.00,-0.83,27.00,0.04,-0.10
2940605,27.00,0.04,-0.07,28.00,-1.36,-0.87,27.00,-0.01,-0.08
2940665,27.00,-0.07,-0.22,28.00,-0.81,-0.95,27.00,-0.08,0.04
2940725,27.00,0.04,-0.09,28.00,-0.46,-0.81,27.00,0.01,-0.01
2940785,27.00,-0.04,-0.22,28.00,0.24,-0.16,27.00,-0.07,-0.01
2940845,27.00,0.02,-0.29,28.00,0.77,-0.34,27.00,0.04,0.01
2940905,27.00,-0.01,-0.20,28.00,1.22,0.07,27.00,-0.01,-0.04
2940965,27.00,-0.10,-0.02,28.00,1.74,-0.15,27.00,-0.01,-0.00
2941026,27.00,0.17,-0.16,28.00,2.51,0.07,27.00,-0.07,-0.02
2941086,27.00,0.20,0.14,28.00,2.78,-0.44,27.00,-0.04,0.04
2941146,27.00,0.07,-0.23,28.00,3.05,-0.09,27.00,-0.07,-0.09
2941206,27.00,0.01,-0.26,28.00,3.54,0.26,27.00,-0.01,-0.05
2941266,27.00,0.02,-0.07,28.00,3.88,-0.26,27.00,-0.02,-0.07
2941326,27.00,-0.11,-0.17,28.00,3.82,-0.18,27.00,-0.01,-0.02
2941386,27.00,-0.07,-0.29,28.00,3.83,0.16,27.00,-0.05,-0.07
2941446,27.00,0.08,-0.12,28.00,3.51,-0.32,27.00,-0.01,0.03
2941507,27.00,-0.07,-0.22,28.00,3.61,-0.43,27.00,-0.02,-0.07
2941567,27.00,-0.11,-0.22,28.00,3.55,0.18,27.00,-0.04,-0.04
2941627,27.00,-0.11,-0.38,28.00,3.07,0.40,27.00,-0.08,-0.03
2941687,27.00,-0.04,-0.17,28.00,2.66,0.02,27.00,0.04,0.03
2941747,27.00,-0.02,-0.01,28.00,2.37,0.22,27.00,0.07,-0.10
2941807,27.00,0.14,-0.09,28.00,1.94,0.14,27.00,-0.05,-0.05
2941867,27.00,-0.08,-0.33,28.00,1.34,0.04,27.00,0.01,0.00
2941928,27.00,-0.04,-0.28,28.00,0.81,-0.31,27.00,0.01,-0.10
2941988,27.00,0.04,0.09,28.00,0.11,-0.03,27.00,0.02,-0.03
2942048,27.00,-0.01,-0.13,28.00,-0.43,-0.15,27.00,-0.02,-0.06
2942108,27.00,-0.04,-0.25,28.00,-1.14,-0.31,27.00,-0.04,-0.12
2942168,27.00,0.05,-0.10,28.00,-1.52,-0.49,27.00,-0.04,-0.07
2942228,27.00,-0.05,-0.10,28.00,-2.04,0.02,27.00,0.01,-0.04
2942288,27.00,0.23,-0.21,28.00,-2.56,0.12,27.00,-0.04,-0.07
2942349,27.00,0.02,-0.30,28.00,-3.14,-0.26,27.00,0.01,-0.07
2942409,27.00,-0.08,-0.37,28.00,-3.51,-0.10,27.00,-0.01,-0.01
2942469,27.00,-0.04,-0.31,28.00,-3.63,-0.28,27.00,0.04,-0.07
2942529,27.00,0.12,-0.13,28.00,-3.86,0.02,27.00,-0.01,0.02
2942589,27.00,0.01,-0.26,28.00,-3.79,-0.28,27.00,-0.01,-0.01
2942649,27.00,-0.01,-0.35,28.00,-3.85,-0.14,27.00,-0.01,0.01
2942709,27.00,0.04,-0.25,28.00,-3.68,-0.83,27.00,-0.02,0.06
2942769,27.00,-0.08,-0.28,28.00,-3.52,-0.79,27.00,-0.07,-0.06
2942830,27.00,0.12,-0.24,28.00,-3.49,-0.56,27.00,0.04,-0.01
2942890,27.00,0.12,-0.33,28.00,-3.26,-0.55,27.00,0.02,-0.07
2942950,27.00,0.07,-0.11,28.00,-2.63,-1.00,27.00,-0.01,0.00
2943010,27.00,-0.15,-0.44,28.00,-2.42,-0.50,27.00,-0.01,-0.07
2943070,27.00,0.08,-0.14,28.00,-1.91,-1.29,27.00,0.02,-0.04
2943130,27.00,0.04,-0.27,28.00,-1.19,-0.54,27.00,0.01,0.04
2943190,27.00,-0.02,-0.15,28.00,-0.59,-0.36,27.00,-0.02,0.01
2943251,27.00,0.05,-0.32,28.00,-0.12,-0.49,27.00,0.04,0.01
2943311,27.00,-0.07,-0.07,28.00,0.61,-0.31,27.00,-0.02,0.00
2943371,27.00,-0.11,-0.40,28.00,0.84,0.13,27.00,0.07,-0.04
2943431,27.00,-0.04,-0.30,28.00,1.58,-0.13,27.00,-0.01,-0.01
2943491,27.00,-0.07,-0.16,28.00,2.15,-0.60,27.00,0.04,0.03
2943551,27.00,0.07,-0.33,28.00,2.56,-0.15,27.00,0.04,0.07
2943611,27.00,-0.05,-0.29,28.00,2.82,-0.47,27.00,-0.05,-0.07
2943671,27.00,-0.11,-0.17,28.00,3.36,-0.28,27.00,-0.04,-0.02
2943732,27.00,0.04,-0.15,28.00,3.44,0.05,27.00,0.02,-0.04
2943792,27.00,0.08,-0.18,28.00,3.83,0.04,27.00,-0.02,-0.02
2943852,27.00,-0.01,-0.18,28.00,3.92,0.39,27.00,-0.05,-0.03
2943912,27.00,-0.10,-0.22,28.00,3.80,-0.08,27.00,0.01,-0.03
2943972,27.00,-0.02,-0.24,28.00,3.70,0.00,27.00,-0.04,-0.01
2944032,27.00,0.04,-0.10,28.00,3.30,-0.08,27.00,0.05,-0.03
2944092,27.00,0.02,-0.44,28.00,3.38,0.18,27.00,-0.04,-0.11
2944153,27.00,-0.08,-0.23,28.00,2.86,0.13,27.00,0.02,-0.01
2944213,27.00,0.10,-0.14,28.00,2.38,-0.26,27.00,0.01,-0.05
2944273,27.00,0.12,-0.21,28.00,2.15,-0.33,27.00,0.04,-0.07
2944333,27.00,-0.04,-0.24,28.00,1.60,-0.09,27.00,-0.01,0.04
2944393,27.00,-0.07,-0.15,28.00,1.36,-0.28,27.00,0.04,0.00
2944453,27.00,0.08,-0.25,28.00,0.34,-0.22,27.00,-0.01,-0.05
2944513,27.00,0.04,-0.15,28.00,0.18,-0.22,27.00,0.01,0.07
2944573,27.00,-0.11,-0.29,28.00,-0.45,-0.15,27.00,0.01,-0.09
2944634,27.00,-0.05,-0.23,28.00,-1.28,-0.14,27.00,0.05,0.07
2944694,27.00,-0.05,-0.12,28.00,-1.99,0.35,27.00,-0.02,-0.02
2944754,27.00,0.05,-0.24,28.00,-2.16,0.04,27.00,-0.08,0.01
2944814,27.00,0.01,-0.15,28.00,-2.70,0.06,27.00,-0.04,-0.05
2944874,27.00,-0.01,-0.05,28.00,-3.26,0.00,27.00,0.01,-0.03
2944934,27.00,-0.04,-0.00,28.00,-3.44,0.02,27.00,-0.01,0.05
2944994,27.00,0.02,-0.09,28.00,-3.68,-0.18,27.00,-0.04,-0.07
2945055,27.00,0.02,-0.15,28.00,-3.79,-0.08,27.00,0.01,-0.02
2945115,27.00,0.08,-0.23,28.00,-4.15,-0.02,27.00,0.01,-0.04
2945175,27.00,-0.05,-0.11,28.00,-3.88,-0.23,27.00,-0.01,-0.07
2945235,27.00,-0.08,-0.42,28.00,-3.98,-0.26,27.00,-0.08,-0.07
2945295,27.00,0.08,-0.30,28.00,-3.67,-0.33,27.00,0.02,0.05
2945355,27.00,0.08,-0.33,28.00,-3.49,-0.18,27.00,0.01,0.02
2945415,27.00,0.01,-0.24,28.00,-3.10,-0.11,27.00,0.02,0.00
2945475,27.00,0.04,-0.06,28.00,-2.42,-0.82,27.00,0.05,-0.04
2945536,27.00,0.11,-0.24,28.00,-2.01,-0.75,27.00,-0.11,-0.00
2945596,27.00,-0.02,-0.18,28.00,-1.36,-0.38,27.00,0.01,-0.05
2945656,27.00,-0.12,-0.17,28.00,-1.02,-0.42,27.00,-0.07,-0.07
2945716,27.00,0.05,-0.04,28.00,-0.27,-1.00,27.00,0.02,-0.07
2945776,27.00,-0.01,-0.27,28.00,0.10,-0.34,27.00,0.04,-0.05
2945836,27.00,-0.14,-0.25,28.00,0.77,0.00,27.00,0.01,-0.01
2945896,27.00,-0.07,-0.20,28.00,1.33,-0.26,27.00,-0.01,-0.03
2945957,27.00,-0.01,-0.33,28.00,2.04,-0.44,27.00,0.04,0.01
2946017,27.00,0.08,-0.32,28.00,2.01,-0.24,27.00,-0.05,0.02
2946077,27.00,-0.07,-0.35,28.00,2.98,0.09,27.00,0.02,-0.03
2946137,27.00,-0.12,-0.14,28.00,3.17,0.02,27.00,0.08,-0.07
2946197,27.00,-0.02,-0.21,28.00,3.39,0.26,27.00,-0.07,-0.04
2946257,27.00,0.08,-0.23,28.00,3.73,-0.17,27.00,0.01,-0.07
2946317,27.00,0.08,-0.11,28.00,3.54,0.44,27.00,0.01,0.01
2946377,27.00,0.01,-0.45,28.00,3.83,0.06,27.00,0.04,0.01
2946438,27.00,-0.02,-0.25,28.00,3.95,0.46,27.00,0.02,-0.02
2946498,27.00,0.05,-0.17,28.00,3.74,0.39,27.00,0.04,-0.06
2946558,27.00,-0.04,-0.14,28.00,3.55,0.09,27.00,-0.02,0.00
2946618,27.00,-0.04,-0.31,28.00,3.17,-0.36,27.00,0.01,-0.02
2946678,27.00,-0.10,-0.18,28.00,2.63,0.06,27.00,0.04,-0.02
2946738,27.00,-0.01,-0.17,28.00,2.28,0.07,27.00,0.01,-0.02
2946798,27.00,-0.12,-0.19,28.00,1.78,-0.11,27.00,-0.05,0.00
2946859,27.00,0.11,-0.21,28.00,1.24,0.11,27.00,0.04,-0.05
2946919,27.00,-0.08,-0.20,28.00,0.55,0.32,27.00,-0.01,-0.00
2946979,27.00,-0.11,-0.17,28.00,0.17,-0.20,27.00,-0.02,-0.02
2947039,27.00,0.04,-0.25,28.00,-0.29,-0.29,27.00,-0.10,-0.05
2947099,27.00,-0.15,-0.23,28.00,-0.95,0.44,27.00,-0.02,-0.03
2947159,27.00,-0.04,-0.15,28.00,-1.43,-0.22,27.00,-0.02,-0.07
2947219,27.00,0.01,-0.26,28.00,-1.91,-0.47,27.00,0.01,-0.04
2947280,27.00,-0.02,-0.05,28.00,-2.22,-0.78,27.00,0.04,-0.11
2947340,27.00,0.11,-0.12,28.00,-2.41,-0.06,27.00,0.05,-0.05
2947400,27.00,-0.15,-0.12,28.00,-3.25,-0.17,27.00,0.08,-0.00
2947460,27.00,-0.12,-0.29,28.00,-3.47,-0.21,27.00,0.07,-0.06
2947520,27.00,-0.12,-0.32,28.00,-3.77,-0.49,27.00,-0.04,0.05
2947580,27.00,0.11,-0.09,28.00,-3.86,0.00,27.00,-0.05,-0.03
2947640,27.00,0.17,-0.25,28.00,-3.86,-0.44,27.00,-0.05,0.01
2947700,27.00,-0.07,-0.08,28.00,-3.74,0.22,27.00,-0.08,-0.04
2947761,27.00,-0.12,-0.39,28.00,-3.74,-0.26,27.00,-0.01,-0.00
2947821,27.00,-0.04,-0.31,28.00,-3.45,-0.18,27.00,-0.01,-0.02
2947881,27.00,-0.15,-0.37,28.00,-3.07,-0.82,27.00,0.01,-0.06
2947941,27.00,0.02,0.00,28.00,-2.91,0.08,27.00,-0.02,-0.04
2948001,27.00,-0.04,-0.22,28.00,-2.07,-0.84,27.00,0.02,0.01
2948061,27.00,0.05,-0.14,28.00,-2.00,-0.26,27.00,0.07,-0.03
2948121,27.00,0.02,-0.06,28.00,-1.24,-0.75,27.00,0.05,0.03
2948181,27.00,-0.18,-0.38,28.00,-0.77,-0.44,27.00,0.05,-0.02
2948242,27.00,0.10,-0.18,28.00,-0.24,-0.77,27.00,-0.02,0.00
2948302,27.00,-0.05,-0.17,28.00,0.40,-0.32,27.00,-0.02,-0.02
2948362,27.00,0.17,-0.22,28.00,0.78,-0.44,27.00,-0.02,-0.04
2948422,27.00,0.08,-0.24,28.00,1.60,0.21,27.00,0.01,0.03
2948482,27.00,-0.02,-0.20,28.00,2.19,0.29,27.00,-0.04,-0.05
2948542,27.00,-0.27,0.01,28.00,2.66,-0.36,27.00,-0.02,-0.04
2948602,27.00,-0.12,-0.07,28.00,2.88,-0.10,27.00,0.04,-0.05
2948663,27.00,-0.14,-0.19,28.00,3.27,-0.00,27.00,-0.08,-0.13
2948723,27.00,-0.07,-0.15,28.00,3.35,-0.32,27.00,-0.04,0.01
2948783,27.00,0.07,-0.24,28.00,3.45,-0.35,27.00,0.08,0.00
2948843,27.00,-0.02,-0.17,28.00,3.92,0.19,27.00,0.02,-0.01
2948903,27.00,-0.02,-0.12,28.00,3.77,0.32,27.00,-0.04,0.01
2948963,27.00,-0.02,-0.31,28.00,3.86,0.07,27.00,-0.01,-0.06
2949023,27.00,0.04,-0.22,28.00,3.66,0.25,27.00,-0.02,-0.01
2949084,27.00,0.01,-0.19,28.00,3.41,0.05,27.00,-0.02,-0.07
2949144,27.00,-0.17,-0.33,28.00,2.98,0.15,27.00,0.01,-0.00
2949204,27.00,0.01,-0.16,28.00,2.60,0.16,27.00,0.05,-0.03
2949264,27.00,0.04,-0.36,28.00,2.28,-0.04,27.00,-0.01,0.02
2949324,27.00,-0.01,-0.09,28.00,1.79,-0.17,27.00,0.01,-0.01
2949384,27.00,-0.11,-0.08,28.00,1.28,-0.31,27.00,-0.01,-0.04
2949444,27.00,-0.02,-0.13,28.00,0.71,0.22,27.00,0.01,-0.04
2949504,27.00,0.15,-0.22,28.00,0.07,-0.07,27.00,-0.01,-0.11
2949565,27.00,-0.11,-0.22,28.00,-0.70,0.07,27.00,-0.01,-0.00
2949625,27.00,-0.30,-0.25,28.00,-0.81,-0.56,27.00,-0.04,-0.03
2949685,27.00,-0.04,-0.29,28.00,-1.53,-0.03,27.00,-0.04,-0.00
2949745,27.00,0.07,-0.32,28.00,-2.18,-0.22,27.00,-0.04,-0.02
2949805,27.00,0.11,-0.23,28.00,-2.85,-0.34,27.00,-0.01,0.05
2949865,27.00,-0.05,0.06,28.00,-3.20,-0.35,27.00,-0.02,-0.04
2949925,27.00,0.01,-0.11,28.00,-3.35,0.17,27.00,0.04,-0.07
2949986,27.00,-0.21,-0.33,28.00,-3.63,-0.49,27.00,-0.08,-0.08
2950046,27.00,-0.12,-0.15,28.00,-3.63,-0.47,27.00,-0.01,0.07
2950106,27.00,0.02,-0.12,28.00,-4.08,-0.51,27.00,0.02,0.00
2950166,27.00,0.01,-0.14,28.00,-3.74,-0.03,27.00,-0.11,-0.06
2950226,27.00,-0.01,-0.22,28.00,-3.79,-0.67,27.00,-0.07,0.03
2950286,27.00,-0.05,-0.20,28.00,-3.45,-0.32,27.00,-0.02,-0.02
2950346,27.00,-0.01,-0.33,28.00,-3.29,-0.27,27.00,-0.01,-0.06
2950406,27.00,0.01,-0.20,28.00,-3.07,-0.22,27.00,-0.01,0.01
2950467,27.00,0.02,-0.22,28.00,-2.85,-0.22,27.00,-0.01,-0.04
2950527,27.00,-0.08,-0.09,28.00,-2.26,-0.50,27.00,0.01,-0.00
2950587,27.00,0.08,-0.26,28.00,-1.71,-0.70,27.00,-0.05,0.01
2950647,27.00,-0.17,-0.33,28.00,-1.31,-0.30,27.00,0.05,0.04
2950707,27.00,-0.14,-0.16,28.00,-0.43,-0.43,27.00,-0.01,-0.07
2950767,27.00,0.14,-0.20,28.00,0.11,-0.32,27.00,0.02,0.08
2950827,27.00,0.01,-0.27,28.00,0.78,-0.51,27.00,-0.02,-0.01
2950888,27.00,0.01,-0.15,28.00,1.15,-0.38,27.00,-0.01,-0.02
2950948,27.00,0.02,-0.09,28.00,1.75,-0.55,27.00,-0.01,0.00
2951008,27.00,-0.01,-0.16,28.00,2.25,-0.33,27.00,-0.07,0.00
2951068,27.00,-0.04,-0.37,28.00,2.60,-0.24,27.00,-0.01,-0.07
2951128,27.00,-0.15,-0.18,28.00,3.07,-0.22,27.00,-0.02,-0.02
2951188,27.00,0.15,-0.28,28.00,3.48,-0.00,27.00,-0.02,-0.09
2951248,27.00,-0.07,-0.26,28.00,3.42,0.17,27.00,-0.01,-0.03
2951308,27.00,0.04,-0.41,28.00,3.82,0.07,27.00,-0.04,-0.03
2951369,27.00,-0.02,-0.23,28.00,3.99,-0.03,27.00,0.05,0.02
2951429,27.00,0.17,-0.24,28.00,3.66,-0.18,27.00,0.07,0.06
2951489,27.00,0.04,-0.25,28.00,3.90,-0.40,27.00,0.05,-0.07
2951549,27.00,0.18,0.03,28.00,3.54,-0.04,27.00,0.01,-0.07
2951609,27.00,-0.11,-0.24,28.00,3.30,0.24,27.00,-0.01,-0.06
2951669,27.00,-0.23,-0.27,28.00,2.73,0.27,27.00,0.02,0.05
2951729,27.00,0.02,-0.22,28.00,2.45,-0.35,27.00,-0.05,-0.07
2951790,27.00,0.11,-0.16,28.00,2.18,-0.04,27.00,-0.02,-0.08
2951850,27.00,-0.05,-0.25,28.00,1.53,0.07,27.00,-0.02,0.01
2951910,27.00,0.01,-0.24,28.00,0.84,-0.45,27.00,-0.02,-0.05
2951970,27.00,-0.05,-0.25,28.00,0.49,0.24,27.00,0.01,-0.02
2952030,27.00,-0.05,-0.16,28.00,-0.14,-0.19,27.00,0.01,-0.05
2952090,27.00,0.10,-0.18,28.00,-0.56,-0.18,27.00,0.02,-0.02
2952150,27.00,0.11,-0.14,28.00,-1.25,-0.30,27.00,0.04,-0.08
2952210,27.00,-0.17,-0.38,28.00,-1.75,0.16,27.00,0.05,-0.02
2952271,27.00,-0.01,-0.31,28.00,-2.41,0.42,27.00,-0.04,0.06
2952331,27.00,-0.11,-0.21,28.00,-2.79,-0.16,27.00,-0.05,-0.11
2952391,27.00,-0.12,-0.28,28.00,-3.35,0.01,27.00,-0.04,-0.06
2952451,27.00,-0.02,-0.07,28.00,-3.66,0.00,27.00,0.05,-0.04
2952511,27.00,0.07,-0.29,28.00,-3.76,-0.02,27.00,-0.04,-0.10
2952571,27.00,-0.07,0.01,28.00,-4.07,-0.25,27.00,0.02,-0.07
2952631,27.00,0.10,-0.16,28.00,-3.73,-0.30,27.00,-0.04,0.01
2952692,27.00,-0.02,-0.25,28.00,-3.95,-0.73,27.00,-0.07,0.02
2952752,27.00,0.04,-0.00,28.00,-3.54,-0.48,27.00,-0.04,-0.02
2952812,27.00,0.01,-0.25,28.00,-3.61,-0.51,27.00,0.05,0.02
2952872,27.00,-0.14,-0.24,28.00,-2.98,-0.08,27.00,0.05,-0.02
2952932,27.00,-0.02,-0.22,28.00,-2.67,-0.73,27.00,-0.01,-0.02
2952992,27.00,0.04,-0.18,28.00,-2.41,-0.80,27.00,0.05,-0.05
2953052,27.00,-0.07,-0.25,28.00,-2.04,-0.08,27.00,0.04,0.02
2953112,27.00,-0.04,-0.35,28.00,-1.22,-0.09,27.00,0.01,-0.16
2953173,27.00,-0.11,-0.21,28.00,-1.00,-1.06,27.00,-0.08,-0.02
2953233,27.00,-0.04,-0.08,28.00,-0.26,-0.41,27.00,0.04,-0.05
2953293,27.00,-0.07,-0.19,28.00,0.36,-0.09,27.00,-0.02,-0.05
2953353,27.00,0.01,-0.22,28.00,1.00,0.07,27.00,0.01,-0.04
2953413,27.00,0.10,-0.23,28.00,1.68,0.29,27.00,-0.02,-0.12
2953473,27.00,-0.05,-0.05,28.00,1.85,-0.22,27.00,-0.01,-0.03
2953533,27.00,0.02,-0.10,28.00,2.64,-0.19,27.00,-0.04,-0.11
2953594,27.00,0.15,-0.23,28.00,2.86,0.02,27.00,0.02,-0.04
2953654,27.00,0.05,-0.27,28.00,3.19,-0.00,27.00,-0.04,-0.01
2953714,27.00,0.10,-0.28,28.00,3.66,0.04,27.00,-0.07,-0.02
2953774,27.00,-0.04,-0.17,28.00,3.58,-0.07,27.00,-0.04,-0.05
2953834,27.00,0.07,-0.15,28.00,3.77,0.31,27.00,-0.10,0.04
2953894,27.00,-0.01,-0.07,28.00,3.79,0.50,27.00,0.02,-0.02
2953954,27.00,-0.17,-0.20,28.00,3.67,0.12,27.00,-0.04,-0.07
2954015,27.00,-0.10,-0.27,28.00,3.55,-0.39,27.00,0.05,-0.03
2954075,27.00,-0.08,-0.15,28.00,3.44,-0.11,27.00,-0.01,-0.01
2954135,27.00,-0.07,-0.24,28.00,3.26,-0.11,27.00,-0.04,-0.06
2954195,27.00,0.08,-0.26,28.00,2.45,0.47,27.00,-0.01,-0.04
2954255,27.00,0.18,-0.19,28.00,2.19,-0.21,27.00,0.07,-0.07
2954315,27.00,-0.14,-0.15,28.00,1.69,-0.38,27.00,-0.02,-0.02
2954375,27.00,0.20,-0.22,28.00,1.22,0.04,27.00,-0.04,0.02
2954435,27.00,-0.08,-0.29,28.00,0.83,-0.74,27.00,-0.07,-0.07
2954496,27.00,-0.01,-0.26,28.00,0.24,-0.18,27.00,-0.02,0.00
2954556,27.00,0.07,-0.07,28.00,-0.48,-0.36,27.00,-0.04,-0.02
2954616,27.00,0.10,-0.36,28.00,-1.28,0.46,27.00,-0.04,-0.07
2954676,27.00,0.12,-0.23,28.00,-1.68,-0.41,27.00,0.02,-0.01
2954736,27.00,0.17,-0.19,28.00,-1.91,-0.10,27.00,-0.05,-0.04
2954796,27.00,-0.08,-0.23,28.00,-2.73,-0.17,27.00,0.07,-0.05
2954856,27.00,0.14,-0.13,28.00,-2.89,-0.48,27.00,0.02,-0.04
2954917,27.00,-0.01,-0.34,28.00,-3.22,-0.72,27.00,-0.08,0.03
2954977,27.00,-0.17,-0.18,28.00,-3.51,-0.42,27.00,0.01,-0.04
2955037,27.00,-0.07,-0.19,28.00,-3.60,0.15,27.00,-0.04,-0.04
2955097,27.00,-0.07,-0.30,28.00,-3.74,0.01,27.00,0.01,-0.05
2955157,27.00,-0.01,-0.31,28.00,-3.77,-0.35,27.00,0.01,-0.03
2955217,27.00,0.01,-0.31,28.00,-4.01,-0.27,27.00,-0.01,-0.01
2955277,27.00,0.04,-0.16,28.00,-3.68,-0.50,27.00,0.02,-0.05
2955337,27.00,0.02,-0.26,28.00,-3.48,-0.32,27.00,0.02,-0.06
2955398,27.00,-0.01,-0.14,28.00,-3.13,-0.44,27.00,0.01,-0.08
2955458,27.00,-0.15,-0.32,28.00,-2.70,-0.09,27.00,-0.02,-0.02
2955518,27.00,0.02,0.09,28.00,-2.37,-0.35,27.00,0.01,-0.02
2955578,27.00,0.05,-0.18,28.00,-1.78,-0.37,27.00,-0.02,-0.01
2955638,27.00,-0.14,-0.20,28.00,-1.11,-0.55,27.00,-0.01,-0.04
2955698,27.00,0.08,-0.19,28.00,-0.75,-0.62,27.00,-0.01,0.03
2955758,27.00,0.02,-0.34,28.00,0.10,-0.57,27.00,-0.07,-0.08
2955819,27.00,0.07,-0.32,28.00,0.59,-0.15,27.00,-0.02,-0.08
2955879,27.00,0.04,-0.04,28.00,1.30,-0.07,27.00,-0.04,-0.02
2955939,27.00,0.05,-0.51,28.00,1.60,0.29,27.00,-0.02,-0.02
2955999,27.00,0.18,-0.28,28.00,2.16,0.50,27.00,-0.07,-0.03
2956059,27.00,-0.04,-0.14,28.00,2.73,0.19,27.00,-0.05,0.03
2956119,27.00,-0.08,-0.26,28.00,3.17,0.17,27.00,-0.04,-0.03
2956179,27.00,-0.10,-0.10,28.00,3.20,0.02,27.00,-0.01,-0.06
2956239,27.00,0.10,-0.00,28.00,3.71,-0.31,27.00,0.04,-0.01
2956300,27.00,-0.12,-0.24,28.00,3.80,0.29,27.00,-0.01,-0.03
2956360,27.00,0.17,-0.26,28.00,3.86,0.23,27.00,-0.01,-0.01
2956420,27.00,0.18,-0.13,28.00,3.98,0.02,27.00,-0.04,-0.07
2956480,27.00,0.18,0.00,28.00,3.96,0.30,27.00,-0.01,-0.04
2956540,27.00,0.11,-0.21,28.00,3.35,-0.13,27.00,0.01,0.00
2956600,27.00,0.01,-0.11,28.00,3.30,-0.50,27.00,-0.01,0.03
2956660,27.00,-0.05,-0.10,28.00,2.72,-0.00,27.00,-0.02,-0.05
2956721,27.00,-0.01,-0.22,28.00,2.44,0.61,27.00,-0.01,0.00
2956781,27.00,0.08,-0.21,28.00,1.93,0.27,27.00,0.01,0.00
2956841,27.00,0.01,-0.22,28.00,1.63,-0.30,27.00,0.01,0.00
2956901,27.00,-0.12,-0.36,28.00,0.97,0.05,27.00,-0.08,-0.14
2956961,27.00,-0.05,-0.22,28.00,0.29,0.39,27.00,-0.02,-0.03
2957021,27.00,-0.10,-0.15,28.00,-0.11,-0.29,27.00,-0.01,0.02
2957081,27.00,-0.17,-0.27,28.00,-0.74,-0.08,27.00,0.02,-0.02
2957141,27.00,0.07,-0.29,28.00,-1.33,-0.08,27.00,0.02,-0.06
2957202,27.00,0.17,-0.04,28.00,-1.74,-0.00,27.00,0.04,0.03
2957262,27.00,0.01,-0.24,28.00,-2.04,-0.58,27.00,0.02,-0.11
2957322,27.00,0.14,-0.15,28.00,-2.92,0.28,27.00,0.02,-0.00
2957382,27.00,0.08,-0.24,28.00,-2.95,-0.11,27.00,0.01,-0.01
2957442,27.00,0.04,-0.31,28.00,-3.52,-0.57,27.00,-0.10,-0.08
2957502,27.00,0.01,-0.18,28.00,-3.76,-0.30,27.00,-0.04,-0.04
2957562,27.00,0.07,-0.20,28.00,-3.79,-0.15,27.00,0.04,-0.04
2957623,27.00,0.07,-0.13,28.00,-3.99,-0.48,27.00,-0.01,-0.07
2957683,27.00,0.15,-0.09,28.00,-3.86,-0.08,27.00,-0.01,-0.08
2957743,27.00,-0.08,-0.29,28.00,-3.63,-0.36,27.00,-0.02,-0.14
2957803,27.00,-0.02,-0.44,28.00,-3.58,0.05,27.00,-0.04,-0.09
2957863,27.00,0.05,-0.22,28.00,-3.23,-0.59,27.00,-0.01,-0.02
2957923,27.00,-0.07,-0.08,28.00,-2.57,-0.22,27.00,-0.04,-0.02
2957983,27.00,-0.10,-0.14,28.00,-2.34,-0.39,27.00,0.04,-0.05
2958043,27.00,-0.05,-0.10,28.00,-1.85,-0.70,27.00,0.04,-0.11
2958104,27.00,0.17,-0.07,28.00,-1.37,-0.39,27.00,0.01,0.05
2958164,27.00,0.07,-0.16,28.00,-0.46,-0.83,27.00,-0.02,-0.07
2958224,27.00,-0.01,-0.26,28.00,-0.24,-0.65,27.00,0.04,-0.00
2958284,27.00,0.02,-0.22,28.00,0.07,-0.39,27.00,0.01,0.03
2958344,27.00,0.10,-0.08,28.00,0.86,-0.12,27.00,-0.01,0.00
2958404,27.00,0.02,-0.07,28.00,1.36,-0.09,27.00,-0.02,-0.01
2958464,27.00,0.12,-0.20,28.00,1.79,-0.06,27.00,0.05,-0.04
2958525,27.00,-0.04,-0.40,28.00,2.44,0.06,27.00,0.07,-0.06
2958585,27.00,0.08,-0.18,28.00,3.13,-0.07,27.00,-0.04,-0.05
2958645,27.00,0.01,-0.09,28.00,3.03,0.18,27.00,-0.04,0.01
2958705,27.00,0.02,-0.26,28.00,3.32,0.22,27.00,0.02,-0.05
2958765,27.00,0.10,-0.18,28.00,3.95,-0.42,27.00,-0.02,-0.01
2958825,27.00,0.11,-0.14,28.00,3.77,-0.29,27.00,-0.05,-0.04
2958885,27.00,0.02,-0.22,28.00,4.05,0.09,27.00,-0.01,-0.03
2958945,27.00,0.04,-0.23,28.00,3.63,-0.27,27.00,0.01,-0.06
2959006,27.00,-0.07,-0.22,28.00,3.68,-0.23,27.00,0.01,0.10
2959066,27.00,-0.07,-0.11,28.00,3.48,0.30,27.00,-0.04,-0.08
2959126,27.00,-0.11,-0.23,28.00,3.07,0.13,27.00,-0.05,-0.01
2959186,27.00,0.12,-0.06,28.00,2.91,-0.35,27.00,-0.01,-0.06
2959246,27.00,0.01,-0.28,28.00,2.40,0.14,27.00,-0.05,-0.13
2959306,27.00,-0.11,-0.18,28.00,2.00,0.32,27.00,-0.02,0.00
2959366,27.00,-0.04,-0.29,28.00,1.37,0.19,27.00,-0.05,0.00
2959427,27.00,0.02,-0.32,28.00,1.02,0.38,27.00,-0.01,0.00
2959487,27.00,-0.02,-0.26,28.00,0.29,0.15,27.00,0.02,0.00
2959547,27.00,-0.01,-0.14,28.00,-0.42,-0.40,27.00,0.01,-0.03
2959607,27.00,0.12,-0.13,28.00,-0.68,0.10,27.00,0.02,-0.02
2959667,27.00,0.01,-0.23,28.00,-1.41,-0.35,27.00,-0.01,-0.06
2959727,27.00,-0.02,-0.16,28.00,-1.81,-0.51,27.00,0.01,0.05
2959787,27.00,-0.05,-0.30,28.00,-2.56,-0.17,27.00,0.02,0.04
2959848,27.00,0.10,-0.10,28.00,-2.84,-0.30,27.00,-0.04,-0.05
2959908,27.00,0.11,-0.14,28.00,-3.30,-0.06,27.00,0.02,-0.09
2959968,27.00,0.04,-0.10,28.00,-3.71,-0.22,27.00,0.02,0.03
2960028,27.00,-0.12,-0.19,28.00,-3.67,0.06,27.00,-0.01,-0.01
2960088,27.00,0.07,-0.41,28.00,-3.61,-0.41,27.00,-0.04,0.00
2960148,27.00,-0.08,-0.22,28.00,-3.79,0.25,27.00,0.01,-0.14
2960208,27.00,-0.08,-0.38,28.00,-3.49,-0.77,27.00,0.05,0.04
2960268,27.00,-0.12,-0.25,28.00,-3.33,-0.64,27.00,0.01,-0.00
2960329,27.00,0.05,-0.14,28.00,-3.48,-0.12,27.00,-0.04,-0.00
2960389,27.00,-0.14,-0.19,28.00,-3.23,-0.65,27.00,-0.04,-0.08
2960449,27.00,0.01,-0.26,28.00,-2.91,-1.00,27.00,0.02,-0.04
2960509,27.00,-0.04,-0.26,28.00,-2.25,-0.65,27.00,0.02,-0.08
2960569,27.00,0.08,-0.44,28.00,-1.69,-0.99,27.00,0.02,-0.06
2960629,27.00,-0.01,-0.12,28.00,-1.33,-0.59,27.00,0.05,0.01
2960689,27.00,-0.11,-0.10,28.00,-0.56,-0.83,27.00,-0.08,-0.06
2960750,27.00,0.08,-0.28,28.00,-0.01,-0.37,27.00,0.01,-0.06
2960810,27.00,-0.02,-0.17,28.00,0.43,-0.43,27.00,-0.02,-0.04
2960870,27.00,0.05,0.05,28.00,0.99,0.05,27.00,-0.02,-0.06
2960930,27.00,0.12,-0.14,28.00,1.55,-0.02,27.00,-0.01,-0.06
2960990,27.00,0.17,-0.19,28.00,2.12,-0.58,27.00,-0.07,-0.03
2961050,27.00,-0.11,-0.11,28.00,2.51,0.07,27.00,-0.07,-0.06
2961110,27.00,0.08,-0.15,28.00,2.95,-0.05,27.00,-0.02,-0.02
2961170,27.00,-0.15,-0.26,28.00,3.20,-0.26,27.00,0.05,-0.08
2961231,27.00,-0.10,-0.09,28.00,3.49,0.14,27.00,0.05,-0.01
2961291,27.00,0.12,-0.23,28.00,3.60,0.18,27.00,-0.02,0.00
2961351,27.00,0.02,-0.19,28.00,3.73,0.06,27.00,-0.04,-0.08
2961411,27.00,0.02,-0.22,28.00,3.61,0.02,27.00,-0.02,-0.07
2961471,27.00,-0.11,-0.24,28.00,3.70,-0.40,27.00,-0.05,0.02
2961531,27.00,0.10,-0.19,28.00,3.74,-0.21,27.00,0.04,-0.06
2961591,27.00,0.02,-0.25,28.00,3.44,0.15,27.00,0.04,-0.03
2961652,27.00,0.02,-0.15,28.00,3.16,0.09,27.00,-0.01,-0.07
2961712,27.00,-0.01,-0.22,28.00,2.53,-0.44,27.00,0.02,-0.04
2961772,27.00,0.11,-0.03,28.00,2.13,-0.20,27.00,0.02,-0.07
2961832,27.00,-0.01,-0.17,28.00,1.66,-0.22,27.00,0.01,0.00
2961892,27.00,-0.02,-0.15,28.00,1.19,-0.09,27.00,-0.02,0.01
2961952,27.00,-0.11,-0.25,28.00,0.77,-0.02,27.00,-0.05,-0.04
2962012,27.00,0.04,-0.20,28.00,-0.04,-0.01,27.00,0.01,-0.06
2962072,27.00,0.04,-0.19,28.00,-0.58,-0.17,27.00,-0.05,-0.02
2962133,27.00,-0.10,-0.12,28.00,-1.46,-0.42,27.00,0.01,-0.06
2962193,27.00,-0.02,0.00,28.00,-1.66,-0.42,27.00,-0.04,-0.05
2962253,27.00,0.15,-0.15,28.00,-2.34,0.37,27.00,0.01,-0.02
2962313,27.00,0.02,-0.07,28.00,-2.62,-0.38,27.00,-0.04,0.06
2962373,27.00,0.05,-0.15,28.00,-3.39,0.07,27.00,-0.02,-0.01
2962433,27.00,-0.02,-0.27,28.00,-3.54,0.08,27.00,-0.05,-0.04
2962493,27.00,-0.02,-0.19,28.00,-3.39,-0.31,27.00,-0.07,0.07
2962554,27.00,-0.11,-0.15,28.00,-3.77,0.02,27.00,0.01,-0.03
2962614,27.00,0.11,-0.17,28.00,-4.01,0.00,27.00,-0.01,-0.07
2962674,27.00,-0.02,-0.25,28.00,-4.04,-0.95,27.00,-0.02,-0.07
2962734,27.00,-0.11,-0.27,28.00,-3.74,-0.50,27.00,-0.05,-0.00
2962794,27.00,0.01,-0.11,28.00,-3.54,-0.55,27.00,-0.05,-0.09
2962854,27.00,-0.07,-0.22,28.00,-3.14,-0.69,27.00,0.01,-0.01
2962914,27.00,0.08,-0.36,28.00,-2.88,-0.11,27.00,-0.08,-0.07
2962974,27.00,-0.08,-0.10,28.00,-2.50,-1.16,27.00,-0.05,-0.01
2963035,27.00,0.05,-0.25,28.00,-2.09,-0.81,27.00,0.02,0.07
2963095,27.00,0.15,-0.09,28.00,-1.62,-0.33,27.00,-0.01,-0.04
2963155,27.00,-0.04,-0.26,28.00,-0.99,-0.26,27.00,-0.02,-0.06
2963215,27.00,-0.17,-0.31,28.00,-0.59,-0.72,27.00,-0.04,-0.04
2963275,27.00,-0.24,-0.20,28.00,0.10,-0.56,27.00,-0.01,0.05
2963335,27.00,-0.17,-0.19,28.00,0.68,-0.50,27.00,0.02,0.02
2963395,27.00,-0.07,-0.15,28.00,1.28,0.25,27.00,0.01,0.01
2963456,27.00,-0.20,-0.23,28.00,1.94,-0.42,27.00,0.01,0.06
2963516,27.00,-0.04,-0.14,28.00,2.35,-0.68,27.00,-0.02,-0.00
2963576,27.00,-0.07,-0.39,28.00,2.62,0.05,27.00,0.01,0.01
2963636,27.00,-0.14,-0.15,28.00,3.38,0.10,27.00,0.04,0.08
2963696,27.00,-0.07,-0.07,28.00,3.71,0.16,27.00,0.01,-0.05
2963756,27.00,0.11,-0.08,28.00,3.58,-0.05,27.00,-0.01,-0.07
2963816,27.00,0.12,-0.02,28.00,3.71,0.41,27.00,0.01,0.00
2963876,27.00,-0.07,-0.22,28.00,3.57,0.23,27.00,0.01,-0.03
2963937,27.00,0.14,0.08,28.00,3.66,-0.04,27.00,-0.01,-0.04
2963997,27.00,0.02,-0.15,28.00,3.58,0.22,27.00,-0.12,-0.02
2964057,27.00,0.14,-0.16,28.00,3.48,-0.06,27.00,0.01,0.04
2964117,27.00,-0.01,-0.22,28.00,3.11,0.13,27.00,0.05,-0.03
2964177,27.00,-0.17,-0.07,28.00,2.75,0.07,27.00,-0.11,-0.12
2964237,27.00,-0.10,-0.26,28.00,2.50,0.34,27.00,-0.02,-0.08
2964297,27.00,-0.08,-0.37,28.00,1.90,0.11,27.00,-0.01,-0.02
2964358,27.00,-0.02,-0.11,28.00,1.46,-0.06,27.00,0.01,-0.08
2964418,27.00,0.01,-0.17,28.00,0.70,0.26,27.00,0.01,-0.04
2964478,27.00,-0.15,-0.33,28.00,0.42,-0.14,27.00,-0.01,-0.05
2964538,27.00,-0.01,-0.20,28.00,-0.21,-0.15,27.00,-0.05,-0.07
2964598,27.00,0.08,-0.25,28.00,-0.89,-0.26,27.00,-0.02,-0.05
2964658,27.00,-0.14,-0.24,28.00,-1.59,0.02,27.00,-0.04,0.02
2964718,27.00,0.04,-0.25,28.00,-2.19,-0.11,27.00,-0.04,0.00
2964779,27.00,0.08,-0.31,28.00,-2.19,-0.45,27.00,0.01,-0.03
2964839,27.00,0.05,-0.20,28.00,-2.95,0.36,27.00,-0.02,-0.00
2964899,27.00,0.18,-0.20,28.00,-3.08,-0.58,27.00,0.01,0.02
2964959,27.00,0.05,-0.09,28.00,-3.83,-0.51,27.00,-0.05,-0.06
2965019,27.00,0.07,-0.18,28.00,-3.54,-0.42,27.00,0.01,-0.05
2965079,27.00,0.07,-0.13,28.00,-3.89,-0.21,27.00,0.05,-0.00
2965139,27.00,-0.07,-0.22,28.00,-3.80,-0.46,27.00,0.04,0.04
2965199,27.00,-0.04,-0.35,28.00,-3.52,-0.20,27.00,-0.07,-0.09
2965260,27.00,-0.01,-0.03,28.00,-3.88,-0.42,27.00,-0.02,-0.01
2965320,27.00,-0.01,-0.03,28.00,-3.26,-0.50,27.00,-0.05,0.00
2965380,27.00,-0.07,-0.22,28.00,-3.11,-0.58,27.00,0.04,-0.07
2965440,27.00,-0.01,-0.15,28.00,-2.73,-0.10,27.00,-0.04,-0.00
2965500,27.00,-0.10,0.13,28.00,-2.51,-0.33,27.00,0.05,-0.02
2965560,27.00,-0.01,0.02,28.00,-1.93,0.03,27.00,0.04,0.04
2965620,27.00,0.23,-0.08,28.00,-1.28,-0.38,27.00,0.04,0.02
2965681,27.00,-0.10,-0.12,28.00,-0.80,-0.43,27.00,0.02,0.02
2965741,27.00,0.12,-0.34,28.00,-0.08,-0.78,27.00,-0.01,0.03
2965801,27.00,-0.08,-0.19,28.00,0.18,-0.67,27.00,0.01,-0.03
2965861,27.00,0.17,-0.25,28.00,1.00,-0.56,27.00,0.01,-0.06
2965921,27.00,0.18,0.04,28.00,1.46,0.00,27.00,-0.04,-0.00
2965981,27.00,0.05,-0.13,28.00,2.10,-0.09,27.00,-0.01,-0.07
2966041,27.00,0.08,-0.16,28.00,2.40,-0.04,27.00,0.01,-0.07
2966101,27.00,-0.24,-0.24,28.00,2.98,0.49,27.00,-0.08,-0.06
2966162,27.00,-0.02,-0.14,28.00,3.16,-0.27,27.00,0.04,-0.09
2966222,27.00,-0.05,-0.13,28.00,3.30,-0.39,27.00,0.08,0.01
2966282,27.00,-0.01,-0.09,28.00,3.76,-0.27,27.00,-0.01,-0.03
2966342,27.00,0.10,-0.14,28.00,3.82,0.22,27.00,-0.04,0.02
2966402,27.00,-0.08,-0.17,28.00,3.95,-0.22,27.00,0.04,-0.11
2966462,27.00,-0.04,-0.21,28.00,3.88,0.14,27.00,-0.05,-0.09
2966522,27.00,0.02,-0.28,28.00,3.80,0.03,27.00,-0.01,-0.09
2966583,27.00,0.02,-0.17,28.00,3.17,-0.11,27.00,0.01,-0.01
2966643,27.00,-0.04,-0.11,28.00,2.84,-0.20,27.00,-0.04,-0.00
2966703,27.00,0.01,-0.18,28.00,2.62,0.51,27.00,0.02,-0.04
2966763,27.00,0.01,-0.30,28.00,2.12,0.30,27.00,-0.04,-0.08
2966823,27.00,-0.11,-0.14,28.00,1.79,0.15,27.00,0.01,-0.01
2966883,27.00,-0.01,-0.10,28.00,1.28,0.16,27.00,-0.01,-0.04
2966943,27.00,-0.10,-0.18,28.00,0.74,0.35,27.00,0.01,-0.08
2967003,27.00,-0.04,-0.23,28.00,0.14,-0.00,27.00,0.05,-0.02
2967064,27.00,-0.10,-0.12,28.00,-0.49,0.15,27.00,0.01,-0.03
2967124,27.00,-0.01,-0.25,28.00,-0.62,0.02,27.00,-0.02,-0.04
2967184,27.00,0.02,-0.11,28.00,-1.58,-0.27,27.00,0.01,-0.02
2967244,27.00,0.08,-0.06,28.00,-2.18,-0.37,27.00,0.05,-0.00
2967304,27.00,-0.08,-0.11,28.00,-2.41,-0.51,27.00,-0.02,-0.01
2967364,27.00,0.10,-0.12,28.00,-3.01,-0.32,27.00,0.02,-0.07
2967424,27.00,-0.07,-0.27,28.00,-3.39,-0.33,27.00,0.02,-0.07
2967485,27.00,0.08,-0.15,28.00,-3.51,-0.34,27.00,-0.02,-0.07
2967545,27.00,0.11,-0.07,28.00,-3.79,0.04,27.00,0.01,-0.10
2967605,27.00,-0.04,-0.28,28.00,-3.68,-0.16,27.00,-0.05,-0.06
2967665,27.00,-0.12,-0.16,28.00,-3.82,-0.20,27.00,0.04,-0.02
2967725,27.00,-0.11,-0.34,28.00,-3.51,-0.64,27.00,0.05,0.07
2967785,27.00,-0.02,-0.12,28.00,-3.52,-0.15,27.00,0.04,0.01
2967845,27.00,-0.10,-0.08,28.00,-3.48,-0.13,27.00,0.01,0.05
2967905,27.00,0.01,-0.27,28.00,-2.63,-0.58,27.00,-0.04,-0.06
2967966,27.00,0.14,-0.13,28.00,-2.79,-0.40,27.00,-0.02,0.01
2968026,27.00,0.05,-0.17,28.00,-2.16,-0.47,27.00,-0.05,-0.05
2968086,27.00,-0.10,-0.16,28.00,-1.69,-0.58,27.00,0.01,-0.06
2968146,27.00,0.02,-0.03,28.00,-1.30,-0.27,27.00,0.01,-0.06
2968206,27.00,-0.10,-0.43,28.00,-0.40,-0.43,27.00,0.01,-0.07
2968266,27.00,-0.07,-0.23,28.00,-0.01,-0.68,27.00,-0.02,-0.11
2968326,27.00,-0.01,-0.14,28.00,0.64,-0.54,27.00,-0.01,-0.11
2968387,27.00,0.05,-0.18,28.00,1.16,-0.61,27.00,0.02,-0.10
2968447,27.00,-0.05,-0.14,28.00,1.68,-0.22,27.00,-0.04,-0.04
2968507,27.00,0.02,-0.28,28.00,2.23,-0.20,27.00,-0.04,-0.08
2968567,27.00,-0.02,-0.17,28.00,2.76,-0.23,27.00,-0.07,-0.03
2968627,27.00,-0.01,-0.16,28.00,3.27,-0.48,27.00,0.05,0.00
2968687,27.00,-0.02,-0.28,28.00,3.58,-0.11,27.00,-0.02,-0.08
2968747,27.00,0.04,-0.26,28.00,3.68,-0.12,27.00,0.05,-0.07
2968807,27.00,0.02,-0.19,28.00,3.95,0.00,27.00,0.01,-0.08
2968868,27.00,-0.02,-0.31,28.00,3.57,-0.08,27.00,-0.04,-0.08
2968928,27.00,0.05,-0.23,28.00,3.68,-0.06,27.00,-0.02,-0.03
2968988,27.00,0.04,-0.22,28.00,3.88,-0.33,27.00,0.04,0.03
2969048,27.00,0.07,-0.27,28.00,3.71,0.14,27.00,0.04,-0.02
2969108,27.00,-0.07,-0.14,28.00,3.30,0.52,27.00,0.01,-0.05
2969168,27.00,-0.14,-0.32,28.00,3.01,-0.33,27.00,0.05,0.01
2969228,27.00,-0.04,-0.00,28.00,2.66,0.23,27.00,-0.04,-0.08
2969289,27.00,0.08,-0.14,28.00,2.03,-0.08,27.00,0.01,-0.08
2969349,27.00,0.14,-0.18,28.00,1.40,0.06,27.00,0.04,0.01
2969409,27.00,0.04,-0.19,28.00,1.22,-0.22,27.00,-0.02,-0.04
2969469,27.00,-0.05,-0.22,28.00,0.55,0.14,27.00,-0.04,-0.08
2969529,27.00,-0.04,-0.22,28.00,-0.29,-0.21,27.00,0.01,-0.08
2969589,27.00,-0.02,-0.18,28.00,-0.78,-0.27,27.00,-0.07,-0.06
2969649,27.00,0.05,-0.17,28.00,-1.11,-0.33,27.00,0.05,0.02
2969710,27.00,0.18,-0.24,28.00,-1.69,-0.13,27.00,-0.08,-0.05
2969770,27.00,0.04,-0.34,28.00,-2.66,0.02,27.00,-0.02,-0.07
2969830,27.00,0.02,-0.09,28.00,-2.94,-0.50,27.00,-0.07,0.00
2969890,27.00,-0.12,-0.12,28.00,-3.49,-0.12,27.00,-0.07,-0.09
2969950,27.00,0.08,-0.25,28.00,-3.23,-0.26,27.00,0.01,-0.07
2970010,27.00,0.10,-0.34,28.00,-3.74,-0.77,27.00,0.01,0.00
2970070,27.00,0.04,-0.22,28.00,-3.71,-0.29,27.00,-0.01,0.00
2970130,27.00,-0.20,-0.29,28.00,-3.98,-0.31,27.00,-0.01,0.01
2970191,27.00,-0.10,-0.23,28.00,-3.74,-0.55,27.00,-0.05,-0.00
2970251,27.00,0.04,-0.10,28.00,-3.64,-0.34,27.00,-0.01,-0.05
2970311,27.00,0.21,-0.10,28.00,-3.45,-0.46,27.00,-0.01,-0.05
2970371,27.00,-0.01,-0.15,28.00,-3.39,-0.34,27.00,-0.01,-0.11
2970431,27.00,-0.01,-0.15,28.00,-2.67,-0.47,27.00,-0.08,-0.07
2970491,27.00,0.01,-0.19,28.00,-2.29,-0.95,27.00,-0.04,0.02
2970551,27.00,-0.10,-0.28,28.00,-1.85,-1.11,27.00,0.05,-0.09
2970611,27.00,0.04,-0.21,28.00,-1.31,-0.65,27.00,0.02,-0.00
2970672,27.00,-0.10,-0.27,28.00,-0.55,-1.05,27.00,-0.01,-0.04
2970732,27.00,-0.05,-0.30,28.00,-0.21,-1.16,27.00,-0.02,-0.06
2970792,27.00,0.07,-0.24,28.00,0.51,-0.65,27.00,-0.04,-0.10
2970852,27.00,0.04,-0.04,28.00,0.84,-0.24,27.00,-0.01,0.00
2970912,27.00,-0.01,-0.23,28.00,1.37,0.02,27.00,-0.05,-0.03
2970972,27.00,0.05,-0.47,28.00,1.75,-0.36,27.00,0.01,-0.03
2971032,27.00,-0.04,-0.25,28.00,2.60,-0.07,27.00,-0.07,0.02
2971093,27.00,-0.01,-0.16,28.00,3.07,-0.26,27.00,-0.02,0.03
2971153,27.00,-0.11,-0.31,28.00,3.25,0.02,27.00,0.02,-0.07
2971213,27.00,0.02,-0.13,28.00,3.74,-0.43,27.00,0.02,-0.07
2971273,27.00,0.05,-0.35,28.00,3.41,0.20,27.00,0.01,-0.05
2971333,27.00,-0.04,-0.19,28.00,3.48,0.56,27.00,0.04,-0.04
2971393,27.00,0.14,-0.42,28.00,3.64,-0.22,27.00,0.01,-0.07
2971453,27.00,-0.08,-0.16,28.00,3.68,-0.23,27.00,-0.02,-0.02
2971514,27.00,-0.08,-0.19,28.00,3.67,-0.23,27.00,-0.07,0.04
2971574,27.00,0.10,-0.15,28.00,3.45,0.25,27.00,0.07,0.03
2971634,27.00,-0.04,-0.14,28.00,3.11,0.40,27.00,-0.01,-0.08
2971694,27.00,0.02,-0.22,28.00,2.88,0.13,27.00,0.08,0.03
2971754,27.00,0.01,-0.12,28.00,2.19,0.10,27.00,-0.01,0.03
2971814,27.00,-0.05,-0.18,28.00,1.74,0.11,27.00,0.02,-0.21
2971874,27.00,0.02,-0.30,28.00,1.38,-0.12,27.00,-0.11,-0.05
2971934,27.00,-0.14,-0.24,28.00,0.89,-0.17,27.00,-0.02,-0.03
2971995,27.00,0.07,-0.17,28.00,0.12,-0.07,27.00,-0.07,-0.10
2972055,27.00,0.02,-0.33,28.00,-0.39,-0.31,27.00,-0.07,-0.09
2972115,27.00,-0.04,-0.28,28.00,-1.28,-0.24,27.00,-0.01,-0.04
2972175,27.00,-0.01,-0.17,28.00,-1.50,-0.29,27.00,0.04,-0.07
2972235,27.00,-0.07,-0.20,28.00,-2.00,-0.43,27.00,-0.10,-0.15
2972295,27.00,-0.10,-0.41,28.00,-2.67,-0.06,27.00,0.01,-0.10
2972355,27.00,0.11,-0.28,28.00,-3.01,-0.51,27.00,0.02,0.04
2972416,27.00,-0.04,-0.13,28.00,-3.22,-0.23,27.00,-0.02,-0.02
2972476,27.00,-0.07,-0.06,28.00,-3.70,-0.37,27.00,-0.05,-0.09
2972536,27.00,0.02,-0.23,28.00,-3.67,-0.30,27.00,-0.01,-0.09
2972596,27.00,0.10,-0.26,28.00,-4.08,0.07,27.00,0.02,-0.04
2972656,27.00,0.10,-0.01,28.00,-3.61,-0.52,27.00,-0.04,0.02
2972716,27.00,-0.07,-0.19,28.00,-3.86,-0.52,27.00,-0.02,-0.03
2972776,27.00,0.07,-0.01,28.00,-3.58,-0.13,27.00,-0.02,-0.04
2972836,27.00,-0.10,-0.14,28.00,-3.55,-0.17,27.00,-0.01,0.03
2972897,27.00,-0.05,-0.09,28.00,-3.27,-0.52,27.00,-0.02,-0.00
2972957,27.00,-0.05,-0.23,28.00,-2.86,-0.32,27.00,-0.02,0.01
2973017,27.00,0.04,-0.22,28.00,-2.29,-0.65,27.00,0.02,-0.00
2973077,27.00,-0.02,-0.24,28.00,-1.93,-0.36,27.00,-0.02,-0.05
2973137,27.00,-0.11,-0.26,28.00,-1.14,-0.85,27.00,-0.05,0.00
2973197,27.00,-0.15,-0.29,28.00,-0.59,-0.95,27.00,0.02,0.07
2973257,27.00,0.01,-0.19,28.00,-0.04,-0.51,27.00,0.01,-0.01
2973318,27.00,0.08,-0.39,28.00,0.48,-0.44,27.00,-0.01,-0.01
2973378,27.00,-0.04,-0.02,28.00,1.08,0.49,27.00,-0.01,0.00
2973438,27.00,0.02,-0.09,28.00,1.59,-0.06,27.00,0.04,-0.05
2973498,27.00,-0.15,-0.26,28.00,1.97,-0.24,27.00,-0.01,-0.06
2973558,27.00,-0.05,-0.17,28.00,2.70,0.22,27.00,-0.02,0.00
2973618,27.00,0.05,0.04,28.00,3.20,-0.07,27.00,-0.07,-0.00
2973678,27.00,-0.07,-0.23,28.00,3.20,0.16,27.00,-0.05,-0.06
2973738,27.00,0.02,-0.13,28.00,3.66,-0.00,27.00,-0.02,0.00
2973799,27.00,-0.07,-0.24,28.00,3.60,0.41,27.00,-0.05,0.00
2973859,27.00,-0.17,-0.37,28.00,3.61,0.36,27.00,-0.04,-0.03
2973919,27.00,0.04,-0.08,28.00,3.96,-0.27,27.00,-0.04,-0.06
2973979,27.00,0.04,-0.26,28.00,3.61,-0.47,27.00,-0.04,-0.06
2974039,27.00,0.02,-0.23,28.00,3.76,0.22,27.00,-0.04,-0.01
2974099,27.00,-0.02,-0.25,28.00,3.35,-0.36,27.00,-0.01,-0.04
2974159,27.00,0.14,-0.14,28.00,2.95,0.09,27.00,0.01,-0.05
2974220,27.00,-0.10,-0.02,28.00,2.35,0.56,27.00,-0.04,-0.07
2974280,27.00,-0.05,-0.17,28.00,1.96,0.35,27.00,-0.04,-0.06
2974340,27.00,-0.20,-0.27,28.00,1.72,-0.24,27.00,-0.05,-0.02
2974400,27.00,-0.08,-0.09,28.00,0.86,0.32,27.00,-0.05,0.06
2974460,27.00,0.01,-0.24,28.00,0.29,0.07,27.00,-0.02,-0.05
2974520,27.00,-0.04,-0.26,28.00,-0.10,-0.01,27.00,-0.02,-0.02
2974580,27.00,-0.02,-0.25,28.00,-0.56,-0.15,27.00,-0.04,-0.01
2974641,27.00,0.10,-0.08,28.00,-1.14,-0.11,27.00,-0.07,-0.03
2974701,27.00,-0.08,-0.23,28.00,-1.82,0.06,27.00,-0.01,-0.01
2974761,27.00,0.07,-0.21,28.00,-2.23,-0.23,27.00,-0.01,-0.02
2974821,27.00,0.04,-0.23,28.00,-2.79,0.12,27.00,-0.01,-0.05
2974881,27.00,-0.04,-0.21,28.00,-2.94,-0.09,27.00,0.02,-0.04
2974941,27.00,-0.10,-0.35,28.00,-3.22,-0.02,27.00,-0.01,-0.07
2975001,27.00,-0.01,-0.22,28.00,-3.63,-0.23,27.00,0.01,0.02
2975061,27.00,0.01,-0.05,28.00,-3.63,-0.31,27.00,-0.01,-0.02
2975122,27.00,-0.05,-0.05,28.00,-3.79,-0.39,27.00,-0.02,-0.08
2975182,27.00,0.12,-0.25,28.00,-3.52,-0.33,27.00,0.05,0.01
2975242,27.00,-0.21,-0.10,28.00,-3.85,-0.03,27.00,-0.02,-0.04
2975302,27.00,0.04,-0.24,28.00,-3.79,-0.29,27.00,0.01,-0.00
2975362,27.00,0.07,-0.20,28.00,-3.38,-0.50,27.00,-0.01,0.01
2975422,27.00,-0.14,-0.20,28.00,-2.97,-0.44,27.00,0.04,-0.04
2975482,27.00,-0.05,-0.23,28.00,-2.47,-0.36,27.00,-0.10,-0.02
2975542,27.00,0.05,-0.07,28.00,-1.79,-0.44,27.00,-0.02,-0.08
2975603,27.00,-0.11,-0.04,28.00,-1.31,-0.37,27.00,0.07,-0.02
2975663,27.00,-0.02,-0.12,28.00,-0.93,-0.52,27.00,-0.04,-0.07
2975723,27.00,0.05,-0.06,28.00,-0.49,-0.57,27.00,-0.01,-0.04
2975783,27.00,-0.02,-0.17,28.00,0.20,-0.34,27.00,-0.04,0.00
2975843,27.00,-0.10,-0.20,28.00,0.65,-0.44,27.00,-0.02,-0.02
2975903,27.00,0.02,-0.45,28.00,1.34,-0.41,27.00,0.02,-0.01
2975963,27.00,-0.04,-0.09,28.00,1.94,0.06,27.00,0.07,0.03
2976024,27.00,0.10,-0.13,28.00,2.41,0.30,27.00,-0.01,-0.00
2976084,27.00,-0.04,-0.16,28.00,2.81,0.10,27.00,-0.07,-0.05
2976144,27.00,-0.11,-0.23,28.00,3.01,0.10,27.00,-0.02,-0.01
2976204,27.00,0.14,-0.12,28.00,3.26,0.22,27.00,-0.02,-0.07
2976264,27.00,-0.21,-0.24,28.00,3.80,-0.13,27.00,0.02,-0.00
2976324,27.00,-0.08,0.07,28.00,3.86,-0.00,27.00,-0.05,-0.06
2976384,27.00,0.10,-0.29,28.00,3.82,0.37,27.00,-0.01,0.02
2976445,27.00,-0.02,-0.22,28.00,3.82,0.19,27.00,-0.01,-0.06
2976505,27.00,-0.11,-0.10,28.00,3.55,0.26,27.00,-0.07,0.00
2976565,27.00,0.12,-0.03,28.00,3.47,0.30,27.00,0.02,-0.00
2976625,27.00,0.01,-0.15,28.00,3.10,0.01,27.00,-0.02,-0.14
2976685,27.00,0.08,-0.32,28.00,2.84,-0.24,27.00,-0.07,-0.07
2976745,27.00,-0.11,-0.02,28.00,2.32,-0.15,27.00,0.01,-0.07
2976805,27.00,0.07,-0.09,28.00,1.93,0.27,27.00,-0.04,-0.08
2976865,27.00,0.12,-0.09,28.00,1.34,-0.07,27.00,0.01,-0.02
2976926,27.00,-0.07,-0.30,28.00,0.86,0.60,27.00,0.01,-0.06
2976986,27.00,0.02,-0.27,28.00,0.24,-0.15,27.00,-0.05,-0.02
2977046,27.00,0.05,-0.24,28.00,-0.32,-0.47,27.00,0.02,-0.06
2977106,27.00,-0.07,-0.20,28.00,-0.65,-0.34,27.00,-0.01,-0.00
2977166,27.00,-0.07,-0.19,28.00,-1.31,0.30,27.00,-0.01,-0.02
2977226,27.00,-0.05,-0.19,28.00,-1.99,-0.24,27.00,0.02,0.00
2977286,27.00,-0.02,-0.26,28.00,-2.45,0.21,27.00,-0.01,-0.06
2977347,27.00,0.26,-0.01,28.00,-2.89,0.28,27.00,-0.05,0.04
2977407,27.00,-0.12,-0.22,28.00,-3.35,0.05,27.00,0.08,0.03
2977467,27.00,-0.01,-0.34,28.00,-3.55,-0.16,27.00,-0.01,-0.01
2977527,27.00,0.01,-0.22,28.00,-3.83,-0.12,27.00,-0.04,0.02
2977587,27.00,0.04,0.14,28.00,-3.68,-0.44,27.00,-0.01,-0.01
2977647,27.00,0.20,-0.19,28.00,-4.08,-0.38,27.00,0.01,-0.12
2977707,27.00,-0.14,-0.21,28.00,-3.74,-0.06,27.00,-0.05,-0.12
2977767,27.00,-0.10,-0.22,28.00,-3.61,-0.15,27.00,-0.05,-0.06
2977828,27.00,0.01,-0.05,28.00,-3.45,-0.16,27.00,-0.01,-0.00
2977888,27.00,-0.05,-0.15,28.00,-2.94,-0.12,27.00,-0.04,-0.10
2977948,27.00,-0.02,0.00,28.00,-2.82,-0.91,27.00,-0.04,-0.15
2978008,27.00,-0.08,-0.31,28.00,-2.18,-0.36,27.00,-0.07,-0.03
2978068,27.00,0.18,-0.09,28.00,-1.33,-0.88,27.00,0.04,0.02
2978128,27.00,0.02,-0.24,28.00,-1.05,-0.44,27.00,0.05,-0.04
2978188,27.00,-0.02,-0.21,28.00,-0.74,-0.91,27.00,0.02,0.08
2978249,27.00,0.08,-0.17,28.00,-0.27,-0.57,27.00,-0.04,-0.08
2978309,27.00,-0.05,-0.51,28.00,0.26,-0.19,27.00,0.01,-0.05
2978369,27.00,-0.15,-0.23,28.00,0.83,-0.20,27.00,0.01,-0.01
2978429,27.00,0.04,-0.16,28.00,1.62,-0.31,27.00,0.01,-0.03
2978489,27.00,-0.02,-0.13,28.00,2.28,-0.36,27.00,-0.02,0.01
2978549,27.00,0.07,-0.20,28.00,2.56,0.07,27.00,-0.08,0.07
2978609,27.00,0.02,0.01,28.00,2.86,-0.31,27.00,-0.04,-0.04
2978669,27.00,0.08,-0.34,28.00,3.47,-0.34,27.00,-0.04,0.02
2978730,27.00,0.04,-0.25,28.00,3.45,0.22,27.00,-0.05,-0.04
2978790,27.00,-0.11,0.00,28.00,3.63,-0.46,27.00,0.04,-0.05
2978850,27.00,-0.07,-0.22,28.00,3.82,-0.11,27.00,-0.02,-0.09
2978910,27.00,0.05,-0.20,28.00,3.98,-0.24,27.00,0.01,-0.02
2978970,27.00,-0.14,-0.18,28.00,3.96,-0.19,27.00,-0.01,0.03
2979030,27.00,0.02,-0.15,28.00,3.67,-0.47,27.00,-0.08,-0.02
2979090,27.00,-0.07,-0.18,28.00,3.39,0.12,27.00,0.02,-0.03
2979151,27.00,0.10,-0.05,28.00,2.85,0.36,27.00,-0.08,0.00
2979211,27.00,-0.10,-0.15,28.00,2.63,-0.36,27.00,0.02,0.02
2979271,27.00,-0.10,-0.37,28.00,2.54,0.05,27.00,-0.07,-0.09
2979331,27.00,-0.01,-0.16,28.00,1.85,0.05,27.00,0.02,-0.03
2979391,27.00,0.04,-0.18,28.00,1.12,-0.28,27.00,-0.01,0.07
2979451,27.00,0.10,-0.09,28.00,0.73,-0.00,27.00,-0.01,-0.02
2979511,27.00,-0.02,-0.15,28.00,0.11,-0.25,27.00,-0.04,-0.03
2979571,27.00,-0.01,-0.25,28.00,-0.46,0.08,27.00,-0.05,-0.04
2979632,27.00,-0.15,-0.13,28.00,-1.02,-0.41,27.00,0.05,-0.00
2979692,27.00,-0.15,-0.25,28.00,-1.78,-0.32,27.00,-0.04,-0.02
2979752,27.00,0.04,-0.05,28.00,-2.22,-0.17,27.00,-0.05,-0.09
2979812,27.00,-0.04,-0.26,28.00,-2.66,0.10,27.00,0.02,-0.03
2979872,27.00,-0.01,-0.22,28.00,-3.10,-0.07,27.00,-0.01,-0.02
2979932,27.00,-0.02,-0.09,28.00,-3.57,0.12,27.00,0.01,-0.07
2979992,27.00,0.12,-0.16,28.00,-3.58,-0.17,27.00,-0.02,-0.06
2980053,27.00,0.04,-0.10,28.00,-3.83,-0.54,27.00,-0.05,-0.01
2980113,27.00,0.01,-0.23,28.00,-4.12,-0.65,27.00,-0.05,-0.07
2980173,27.00,0.02,0.06,28.00,-4.01,-0.36,27.00,0.04,-0.00
2980233,27.00,-0.11,-0.15,28.00,-4.07,-0.27,27.00,0.02,0.02
2980293,27.00,0.07,-0.23,28.00,-3.58,-0.20,27.00,-0.01,-0.05
2980353,27.00,-0.07,-0.27,28.00,-3.03,-0.38,27.00,-0.02,-0.00
2980413,27.00,0.04,-0.35,28.00,-3.01,-0.44,27.00,0.01,-0.03
2980473,27.00,0.15,-0.21,28.00,-2.32,-0.55,27.00,-0.01,0.04
2980534,27.00,0.04,-0.31,28.00,-2.06,-0.37,27.00,0.01,-0.10
2980594,27.00,0.07,-0.24,28.00,-1.78,-0.78,27.00,-0.04,-0.00
2980654,27.00,0.02,-0.06,28.00,-1.02,-0.29,27.00,0.02,-0.02
2980714,27.00,-0.08,-0.34,28.00,-0.33,-0.29,27.00,-0.04,-0.01
2980774,27.00,0.11,-0.42,28.00,0.02,-0.29,27.00,-0.02,-0.05
2980834,27.00,0.08,-0.16,28.00,0.68,-0.50,27.00,-0.05,-0.03
2980894,27.00,0.04,-0.13,28.00,1.19,-0.00,27.00,-0.01,-0.07
2980955,27.00,0.04,-0.57,28.00,1.93,-0.39,27.00,-0.04,0.00
2981015,27.00,-0.05,-0.25,28.00,2.28,-0.01,27.00,-0.01,-0.05
2981075,27.00,0.05,-0.23,28.00,2.57,-0.09,27.00,-0.02,-0.01
2981135,27.00,-0.15,-0.10,28.00,3.05,-0.05,27.00,0.04,-0.11
2981195,27.00,-0.12,-0.04,28.00,3.36,-0.20,27.00,0.01,-0.04
2981255,27.00,0.12,-0.22,28.00,3.76,0.02,27.00,0.04,-0.08
2981315,27.00,0.04,-0.48,28.00,3.68,0.12,27.00,0.02,-0.10
2981375,27.00,0.05,-0.19,28.00,4.05,-0.00,27.00,-0.05,-0.01
2981436,27.00,0.21,-0.20,28.00,3.57,-0.07,27.00,0.04,-0.00
2981496,27.00,0.04,-0.15,28.00,3.71,0.12,27.00,-0.07,-0.02
2981556,27.00,-0.08,-0.29,28.00,3.22,-0.15,27.00,0.01,-0.11
2981616,27.00,-0.05,-0.31,28.00,3.10,-0.26,27.00,-0.02,0.03
2981676,27.00,0.05,-0.22,28.00,2.84,0.01,27.00,-0.01,-0.06
2981736,27.00,0.07,-0.22,28.00,2.40,-0.11,27.00,0.02,-0.02
2981796,27.00,0.05,-0.07,28.00,2.21,0.22,27.00,0.05,-0.05
2981857,27.00,0.08,-0.10,28.00,1.46,-0.01,27.00,-0.02,0.02
2981917,27.00,0.07,-0.17,28.00,0.71,0.05,27.00,0.05,-0.01
2981977,27.00,-0.02,-0.25,28.00,0.39,-0.06,27.00,-0.02,-0.07
2982037,27.00,-0.02,-0.09,28.00,-0.08,-0.21,27.00,0.04,0.00
2982097,27.00,-0.10,-0.18,28.00,-0.96,-0.41,27.00,-0.02,-0.11
2982157,27.00,-0.08,-0.23,28.00,-1.72,-0.58,27.00,-0.01,0.01
2982217,27.00,-0.18,-0.14,28.00,-2.12,-0.08,27.00,0.02,-0.00
2982278,27.00,0.08,-0.18,28.00,-2.56,0.07,27.00,0.08,0.00
2982338,27.00,-0.08,-0.05,28.00,-3.04,0.06,27.00,-0.08,-0.03
2982398,27.00,0.08,0.18,28.00,-3.25,-0.49,27.00,0.01,-0.02
2982458,27.00,-0.01,-0.26,28.00,-3.36,-0.65,27.00,-0.04,-0.04
2982518,27.00,-0.12,-0.24,28.00,-3.73,0.15,27.00,-0.01,-0.06
2982578,27.00,0.17,-0.05,28.00,-3.88,-0.29,27.00,-0.02,-0.04
2982638,27.00,-0.17,-0.24,28.00,-3.88,-0.75,27.00,-0.02,-0.04
2982698,27.00,0.04,-0.02,28.00,-3.77,-0.68,27.00,-0.01,-0.01
2982759,27.00,-0.01,-0.17,28.00,-4.04,-0.06,27.00,-0.02,-0.08
2982819,27.00,-0.05,-0.07,28.00,-3.55,-1.23,27.00,0.01,0.01
2982879,27.00,-0.23,-0.27,28.00,-3.30,-0.93,27.00,-0.05,-0.07
2982939,27.00,-0.02,-0.16,28.00,-2.92,-0.36,27.00,0.02,0.01
2982999,27.00,-0.11,-0.17,28.00,-2.22,-0.52,27.00,0.07,-0.03
2983059,27.00,0.02,-0.15,28.00,-1.87,-0.42,27.00,0.04,0.01
2983119,27.00,-0.07,-0.15,28.00,-1.19,-0.76,27.00,0.02,-0.07
2983180,27.00,-0.04,-0.16,28.00,-0.80,-0.84,27.00,-0.04,0.06
2983240,27.00,-0.18,-0.14,28.00,-0.17,-0.92,27.00,0.01,-0.00
2983300,27.00,-0.02,-0.13,28.00,0.37,-0.58,27.00,-0.07,-0.06
2983360,27.00,0.01,-0.23,28.00,1.03,-0.13,27.00,0.01,-0.06
2983420,27.00,-0.02,-0.17,28.00,1.36,0.18,27.00,0.05,-0.01
2983480,27.00,-0.08,-0.05,28.00,1.84,0.17,27.00,0.02,0.02
2983540,27.00,-0.12,-0.24,28.00,2.60,-0.32,27.00,0.01,-0.02
2983600,27.00,-0.05,-0.16,28.00,2.78,0.13,27.00,-0.02,0.03
2983661,27.00,-0.02,-0.12,28.00,3.25,-0.51,27.00,-0.04,-0.09
2983721,27.00,0.10,-0.16,28.00,3.66,-0.36,27.00,0.01,-0.03
2983781,27.00,0.01,-0.36,28.00,4.05,0.38,27.00,0.07,-0.02
2983841,27.00,0.12,-0.16,28.00,3.73,0.31,27.00,-0.04,-0.01
2983901,27.00,0.08,-0.20,28.00,3.68,0.45,27.00,0.01,-0.01
2983961,27.00,0.07,-0.15,28.00,3.47,0.02,27.00,0.02,-0.01
2984021,27.00,-0.01,-0.31,28.00,3.66,-0.33,27.00,0.04,-0.09
2984082,27.00,0.10,-0.21,28.00,3.47,-0.44,27.00,-0.04,0.01
2984142,27.00,0.04,-0.16,28.00,3.01,-0.27,27.00,-0.04,-0.03
2984202,27.00,-0.24,-0.23,28.00,2.81,0.34,27.00,-0.05,-0.01
2984262,27.00,0.02,-0.13,28.00,1.90,0.49,27.00,-0.07,-0.01
2984322,27.00,0.01,-0.14,28.00,1.74,0.20,27.00,0.04,-0.09
2984382,27.00,-0.05,-0.16,28.00,1.19,0.51,27.00,0.01,-0.03
2984442,27.00,0.02,-0.35,28.00,0.61,0.21,27.00,-0.02,-0.00
2984502,27.00,-0.17,-0.16,28.00,-0.04,-0.28,27.00,0.05,-0.03
2984563,27.00,0.05,-0.14,28.00,-0.53,0.07,27.00,0.02,-0.01
2984623,27.00,0.10,-0.17,28.00,-0.86,0.58,27.00,0.04,-0.01
2984683,27.00,0.05,-0.32,28.00,-1.49,-0.02,27.00,0.05,-0.04
2984743,27.00,0.02,-0.18,28.00,-2.31,0.43,27.00,-0.02,-0.04
2984803,27.00,0.07,-0.17,28.00,-2.42,-0.37,27.00,0.02,-0.05
2984863,27.00,0.07,-0.31,28.00,-3.00,-0.08,27.00,-0.04,-0.02
2984923,27.00,-0.04,-0.14,28.00,-3.47,-0.51,27.00,0.01,-0.11
2984984,27.00,-0.14,-0.29,28.00,-3.77,-0.07,27.00,0.04,-0.11
2985044,27.00,0.01,-0.22,28.00,-3.85,-0.05,27.00,-0.02,-0.07
2985104,27.00,0.02,-0.18,28.00,-3.52,-0.56,27.00,0.02,-0.02
2985164,27.00,-0.10,-0.22,28.00,-4.23,-0.15,27.00,-0.02,-0.05
2985224,27.00,-0.12,-0.24,28.00,-3.64,-0.44,27.00,-0.08,-0.09
2985284,27.00,0.18,-0.33,28.00,-3.57,-0.15,27.00,0.04,0.02
2985344,27.00,-0.27,-0.15,28.00,-3.27,-0.39,27.00,-0.05,-0.15
2985404,27.00,-0.04,-0.21,28.00,-3.00,-0.34,27.00,-0.04,-0.11
2985465,27.00,0.01,-0.22,28.00,-2.75,-0.01,27.00,0.04,-0.02
2985525,27.00,0.14,-0.15,28.00,-2.34,-0.31,27.00,-0.04,-0.09
2985585,27.00,-0.04,-0.14,28.00,-1.84,-0.51,27.00,-0.04,-0.11
2985645,27.00,0.01,-0.19,28.00,-1.16,-0.71,27.00,-0.01,0.01
2985705,27.00,0.01,-0.30,28.00,-0.56,-0.49,27.00,-0.02,-0.03
2985765,27.00,0.08,-0.05,28.00,-0.02,-0.55,27.00,-0.04,-0.03
2985825,27.00,-0.04,-0.24,28.00,0.52,-0.29,27.00,-0.07,-0.05
2985886,27.00,-0.05,-0.25,28.00,1.30,-0.39,27.00,0.01,0.00
2985946,27.00,-0.07,-0.38,28.00,1.81,0.07,27.00,0.01,-0.01
2986006,27.00,-0.11,-0.26,28.00,2.13,0.16,27.00,-0.05,0.01
2986066,27.00,-0.02,-0.22,28.00,2.91,0.08,27.00,-0.05,-0.00
2986126,27.00,-0.04,-0.10,28.00,3.03,0.06,27.00,-0.01,-0.03
2986186,27.00,-0.18,-0.13,28.00,3.30,0.36,27.00,-0.02,-0.00
2986246,27.00,0.08,-0.24,28.00,3.79,-0.19,27.00,-0.01,0.00
2986306,27.00,0.01,-0.03,28.00,3.61,-0.15,27.00,-0.01,-0.00
2986367,27.00,-0.07,-0.21,28.00,3.89,0.01,27.00,0.05,-0.07
2986427,27.00,-0.15,-0.25,28.00,3.85,-0.32,27.00,-0.05,-0.04
2986487,27.00,0.02,-0.23,28.00,3.83,0.20,27.00,-0.04,0.03
2986547,27.00,-0.07,-0.13,28.00,3.29,0.35,27.00,-0.01,0.02
2986607,27.00,-0.04,-0.26,28.00,3.08,0.06,27.00,-0.07,-0.07
2986667,27.00,0.05,-0.33,28.00,3.00,-0.05,27.00,-0.04,-0.00
2986727,27.00,-0.18,-0.15,28.00,2.56,0.24,27.00,0.05,-0.07
2986788,27.00,-0.17,-0.26,28.00,1.97,0.45,27.00,0.05,-0.05
2986848,27.00,0.21,-0.29,28.00,1.31,-0.27,27.00,0.01,-0.11
2986908,27.00,0.14,-0.15,28.00,0.96,0.58,27.00,-0.11,-0.07
2986968,27.00,-0.08,-0.22,28.00,0.49,0.39,27.00,0.04,-0.07
2987028,27.00,-0.12,-0.34,28.00,-0.18,-0.02,27.00,-0.04,-0.08
2987088,27.00,0.07,-0.22,28.00,-0.62,-0.29,27.00,-0.01,-0.06
2987148,27.00,-0.14,-0.22,28.00,-1.18,-0.12,27.00,0.01,-0.03
2987209,27.00,0.20,-0.12,28.00,-1.79,-0.18,27.00,0.02,-0.03
2987269,27.00,0.08,-0.13,28.00,-2.35,0.03,27.00,-0.01,-0.07
2987329,27.00,-0.02,-0.44,28.00,-2.84,-0.67,27.00,0.05,0.00
2987389,27.00,-0.10,-0.21,28.00,-3.14,-0.37,27.00,-0.02,-0.12
2987449,27.00,-0.01,-0.24,28.00,-3.57,-0.16,27.00,-0.02,-0.00
2987509,27.00,0.02,-0.28,28.00,-3.66,-0.47,27.00,-0.04,-0.09
2987569,27.00,0.01,-0.04,28.00,-3.41,-0.90,27.00,0.01,-0.06
2987629,27.00,0.08,-0.22,28.00,-3.83,-0.20,27.00,0.01,-0.02
2987690,27.00,-0.02,-0.20,28.00,-3.66,-0.48,27.00,0.07,0.02
2987750,27.00,-0.04,-0.22,28.00,-3.73,-0.13,27.00,-0.02,-0.07
2987810,27.00,-0.08,-0.22,28.00,-3.63,0.06,27.00,-0.02,0.03
2987870,27.00,0.15,-0.20,28.00,-3.20,-0.53,27.00,0.01,0.01
2987930,27.00,0.15,-0.29,28.00,-2.70,-0.58,27.00,-0.01,-0.05
2987990,27.00,-0.10,-0.22,28.00,-2.38,-0.29,27.00,-0.02,-0.13
2988050,27.00,-0.08,-0.26,28.00,-1.87,-0.64,27.00,-0.01,-0.00
2988111,27.00,0.18,-0.16,28.00,-1.19,-0.64,27.00,0.02,0.01
2988171,27.00,-0.01,-0.33,28.00,-0.70,-0.79,27.00,0.02,-0.08
2988231,27.00,-0.01,-0.17,28.00,-0.29,-0.36,27.00,0.01,-0.04
2988291,27.00,-0.07,-0.16,28.00,0.08,-0.17,27.00,-0.10,-0.10
2988351,27.00,-0.14,-0.20,28.00,0.92,-0.57,27.00,0.04,-0.03
2988411,27.00,-0.08,-0.19,28.00,1.36,-0.61,27.00,0.01,0.00
2988471,27.00,-0.04,-0.29,28.00,1.93,-0.20,27.00,-0.01,-0.02
2988531,27.00,-0.05,-0.24,28.00,2.47,0.38,27.00,0.05,-0.09
2988592,27.00,-0.04,-0.15,28.00,2.84,-0.22,27.00,-0.01,-0.05
2988652,27.00,-0.01,-0.08,28.00,3.07,0.15,27.00,-0.01,-0.07
2988712,27.00,-0.07,-0.16,28.00,3.68,-0.30,27.00,0.02,-0.00
2988772,27.00,0.17,-0.24,28.00,3.57,-0.11,27.00,0.10,-0.03
2988832,27.00,0.02,-0.21,28.00,3.74,-0.22,27.00,-0.05,0.02
2988892,27.00,0.14,-0.20,28.00,3.68,-0.13,27.00,0.01,-0.06
2988952,27.00,0.04,-0.22,28.00,3.83,-0.30,27.00,-0.05,-0.06
2989013,27.00,-0.02,-0.29,28.00,3.82,-0.37,27.00,0.04,0.00
2989073,27.00,-0.01,-0.29,28.00,3.27,0.28,27.00,-0.05,0.03
2989133,27.00,-0.12,-0.27,28.00,3.30,-0.04,27.00,-0.04,-0.07
2989193,27.00,0.04,-0.25,28.00,2.78,-0.27,27.00,-0.05,-0.04
2989253,27.00,0.07,-0.21,28.00,2.13,0.10,27.00,0.02,-0.08
2989313,27.00,-0.04,-0.20,28.00,1.69,0.31,27.00,-0.01,0.04
2989373,27.00,-0.01,-0.19,28.00,1.25,-0.16,27.00,0.05,-0.01
2989433,27.00,-0.12,-0.24,28.00,0.95,-0.04,27.00,-0.04,0.03
2989494,27.00,0.05,-0.20,28.00,0.34,-0.12,27.00,0.04,-0.01
2989554,27.00,0.04,-0.11,28.00,-0.29,-0.55,27.00,0.02,-0.07
2989614,27.00,-0.17,-0.25,28.00,-1.14,-0.20,27.00,-0.10,-0.04
2989674,27.00,-0.05,-0.20,28.00,-1.60,-0.29,27.00,-0.01,-0.00
2989734,27.00,0.12,-0.17,28.00,-2.16,-0.17,27.00,-0.07,-0.06
2989794,27.00,-0.05,-0.11,28.00,-2.82,-0.33,27.00,0.02,-0.05
2989854,27.00,0.04,-0.09,28.00,-2.84,-0.48,27.00,-0.02,-0.00
2989915,27.00,-0.11,-0.17,28.00,-3.32,0.11,27.00,0.02,-0.01
2989975,27.00,-0.27,-0.14,28.00,-3.49,-0.03,27.00,0.01,0.02
2990035,27.00,0.02,-0.15,28.00,-3.98,-0.22,27.00,0.02,-0.08
2990095,27.00,-0.23,-0.21,28.00,-3.79,-0.44,27.00,-0.01,-0.06
2990155,27.00,-0.02,-0.15,28.00,-3.80,-0.47,27.00,0.02,-0.07
2990215,27.00,0.02,-0.45,28.00,-3.96,-0.65,27.00,-0.01,-0.06
2990275,27.00,-0.18,-0.33,28.00,-3.64,-0.52,27.00,-0.01,-0.15
2990335,27.00,0.07,-0.25,28.00,-3.52,-0.24,27.00,0.01,-0.06
2990396,27.00,-0.07,-0.24,28.00,-2.95,-0.40,27.00,-0.01,-0.13
2990456,27.00,0.05,-0.12,28.00,-2.89,-0.58,27.00,0.01,-0.08
2990516,27.00,0.01,-0.16,28.00,-2.21,-0.48,27.00,0.05,0.01
2990576,27.00,0.18,-0.20,28.00,-1.81,-0.57,27.00,-0.08,-0.02
2990636,27.00,-0.01,-0.28,28.00,-1.31,-0.62,27.00,-0.05,-0.07
2990696,27.00,-0.15,-0.33,28.00,-0.61,-0.71,27.00,-0.04,0.01
2990756,27.00,0.02,-0.22,28.00,-0.08,-0.52,27.00,-0.05,-0.07
2990817,27.00,-0.08,-0.04,28.00,0.48,-0.50,27.00,-0.02,-0.04
2990877,27.00,-0.05,-0.34,28.00,1.06,-0.23,27.00,-0.02,-0.00
2990937,27.00,-0.02,-0.21,28.00,1.52,-0.35,27.00,-0.02,-0.05
2990997,27.00,-0.11,-0.23,28.00,1.87,-0.23,27.00,-0.01,-0.03
2991057,27.00,0.15,-0.28,28.00,2.67,-0.57,27.00,-0.01,-0.01
2991117,27.00,-0.04,-0.23,28.00,2.98,-0.44,27.00,-0.02,-0.01
2991177,27.00,0.12,-0.22,28.00,3.48,-0.73,27.00,0.01,0.01
2991237,27.00,0.10,-0.19,28.00,3.48,-0.08,27.00,-0.05,-0.03
2991298,27.00,0.07,-0.24,28.00,3.82,-0.12,27.00,0.04,-0.01
2991358,27.00,0.02,-0.22,28.00,3.88,-0.10,27.00,0.04,-0.00
2991418,27.00,0.07,-0.16,28.00,3.83,0.03,27.00,0.02,-0.03
2991478,27.00,0.05,-0.13,28.00,3.47,-0.22,27.00,0.04,-0.10
2991538,27.00,0.04,-0.25,28.00,3.61,-0.31,27.00,0.01,0.00
2991598,27.00,0.05,0.00,28.00,3.35,0.06,27.00,-0.01,-0.08
2991658,27.00,0.15,-0.17,28.00,2.72,0.09,27.00,0.05,-0.06
2991719,27.00,0.05,-0.19,28.00,2.70,-0.04,27.00,-0.08,-0.04
2991779,27.00,0.02,-0.23,28.00,2.18,0.21,27.00,-0.04,-0.09
2991839,27.00,0.02,-0.17,28.00,1.62,-0.21,27.00,0.05,0.02
2991899,27.00,0.11,0.02,28.00,0.87,-0.02,27.00,0.05,-0.00
2991959,27.00,0.05,-0.18,28.00,0.40,-0.08,27.00,-0.02,-0.04
2992019,27.00,-0.05,-0.36,28.00,0.05,-0.27,27.00,-0.01,-0.08
2992079,27.00,-0.02,-0.09,28.00,-0.56,-0.05,27.00,0.02,0.05
2992140,27.00,0.01,-0.07,28.00,-1.47,-0.44,27.00,-0.01,0.04
2992200,27.00,-0.07,-0.22,28.00,-1.75,-0.18,27.00,0.02,-0.06
2992260,27.00,-0.07,-0.26,28.00,-2.21,-0.15,27.00,0.04,-0.06
2992320,27.00,-0.10,-0.29,28.00,-2.69,-0.09,27.00,-0.07,-0.03
2992380,27.00,-0.05,-0.27,28.00,-3.33,-0.04,27.00,-0.02,0.00
2992440,27.00,-0.01,-0.25,28.00,-3.61,-0.12,27.00,-0.02,-0.02
2992500,27.00,0.05,-0.20,28.00,-3.66,0.07,27.00,-0.01,-0.00
2992560,27.00,0.01,-0.24,28.00,-4.05,0.18,27.00,0.02,-0.00
2992621,27.00,0.04,-0.27,28.00,-3.79,-0.53,27.00,0.02,-0.08
2992681,27.00,0.07,-0.25,28.00,-3.73,-0.75,27.00,0.01,-0.00
2992741,27.00,-0.12,-0.21,28.00,-3.73,-0.41,27.00,-0.04,-0.01
2992801,27.00,0.05,-0.26,28.00,-3.73,-0.36,27.00,-0.01,-0.05
2992861,27.00,0.05,-0.04,28.00,-3.19,-0.75,27.00,-0.07,-0.04
2992921,27.00,0.08,-0.24,28.00,-2.79,-0.29,27.00,-0.01,-0.03
2992981,27.00,-0.17,-0.26,28.00,-2.42,-0.40,27.00,0.01,0.00
2993042,27.00,0.05,-0.24,28.00,-2.19,-0.40,27.00,0.05,0.02
2993102,27.00,-0.07,-0.14,28.00,-1.49,-0.44,27.00,-0.02,-0.01
2993162,27.00,-0.05,-0.15,28.00,-1.02,-0.85,27.00,0.05,-0.07
2993222,27.00,0.02,-0.24,28.00,-0.12,-1.03,27.00,-0.04,-0.04
2993282,27.00,-0.07,-0.26,28.00,0.15,-0.48,27.00,-0.04,0.00
2993342,27.00,0.11,-0.03,28.00,0.74,-0.32,27.00,-0.02,-0.03
2993402,27.00,0.27,-0.24,28.00,1.43,-0.04,27.00,0.02,-0.06
2993462,27.00,-0.02,-0.29,28.00,2.10,0.65,27.00,0.02,-0.11
2993523,27.00,0.01,-0.17,28.00,2.03,0.44,27.00,-0.02,-0.02
2993583,27.00,-0.04,-0.24,28.00,2.72,-0.01,27.00,0.04,-0.01
2993643,27.00,-0.15,-0.14,28.00,3.14,-0.43,27.00,-0.02,-0.01
2993703,27.00,-0.01,-0.33,28.00,3.39,-0.22,27.00,0.01,-0.07
2993763,27.00,-0.17,-0.36,28.00,3.89,0.29,27.00,-0.02,-0.07
2993823,27.00,-0.10,-0.13,28.00,4.07,0.37,27.00,0.01,0.01
2993883,27.00,0.08,-0.13,28.00,3.60,0.03,27.00,-0.04,0.00
2993944,27.00,0.01,-0.15,28.00,3.57,0.16,27.00,0.07,-0.07
2994004,27.00,-0.02,-0.15,28.00,3.68,-0.09,27.00,-0.04,-0.02
2994064,27.00,-0.08,-0.32,28.00,3.22,-0.10,27.00,-0.05,0.03
2994124,27.00,-0.05,-0.32,28.00,3.25,-0.25,27.00,-0.01,0.00
2994184,27.00,-0.02,-0.04,28.00,2.81,0.22,27.00,0.02,-0.04
2994244,27.00,0.02,-0.18,28.00,2.13,-0.12,27.00,-0.07,-0.04
2994304,27.00,0.04,-0.32,28.00,1.69,0.06,27.00,-0.07,-0.03
2994364,27.00,-0.10,-0.12,28.00,1.36,-0.24,27.00,0.04,-0.07
2994425,27.00,0.08,-0.22,28.00,0.78,0.87,27.00,0.07,-0.01
2994485,27.00,0.11,-0.12,28.00,0.32,-0.23,27.00,0.04,-0.07
2994545,27.00,-0.05,-0.15,28.00,-0.33,-0.45,27.00,0.02,-0.00
2994605,27.00,-0.07,-0.17,28.00,-0.95,0.58,27.00,-0.02,-0.00
2994665,27.00,-0.04,-0.29,28.00,-1.62,0.07,27.00,-0.02,0.01
2994725,27.00,-0.02,-0.29,28.00,-2.07,-0.09,27.00,0.04,-0.05
2994785,27.00,-0.10,-0.16,28.00,-2.88,-0.24,27.00,0.01,0.01
2994846,27.00,0.02,-0.19,28.00,-2.82,-0.09,27.00,0.07,0.07
2994906,27.00,-0.12,-0.29,28.00,-3.38,-0.44,27.00,0.01,-0.07
2994966,27.00,0.05,-0.11,28.00,-3.38,-0.04,27.00,-0.01,-0.02
2995026,27.00,0.05,-0.15,28.00,-3.58,-0.27,27.00,0.02,-0.08
2995086,27.00,-0.05,-0.41,28.00,-3.68,-0.36,27.00,-0.02,-0.07
2995146,27.00,-0.05,-0.17,28.00,-3.89,-0.73,27.00,-0.02,0.01
2995206,27.00,-0.08,-0.14,28.00,-3.80,-0.75,27.00,-0.08,-0.00
2995266,27.00,0.05,0.07,28.00,-3.73,-0.39,27.00,-0.01,-0.04
2995327,27.00,0.11,-0.16,28.00,-3.48,-0.50,27.00,-0.10,-0.07
2995387,27.00,0.07,-0.12,28.00,-2.94,-0.50,27.00,0.01,-0.07
2995447,27.00,0.01,-0.21,28.00,-2.67,-0.45,27.00,-0.01,-0.07
2995507,27.00,-0.20,-0.18,28.00,-2.06,-0.38,27.00,0.01,-0.05
2995567,27.00,0.08,-0.15,28.00,-1.71,-0.47,27.00,-0.05,-0.00
2995627,27.00,0.01,-0.07,28.00,-1.12,-0.35,27.00,0.01,-0.02
2995687,27.00,0.18,-0.05,28.00,-0.65,-0.92,27.00,0.08,-0.00
2995748,27.00,0.01,-0.24,28.00,0.02,-0.51,27.00,0.01,-0.12
2995808,27.00,0.02,-0.42,28.00,0.48,-0.34,27.00,-0.02,-0.06
2995868,27.00,0.04,-0.18,28.00,1.03,-0.28,27.00,-0.02,-0.04
2995928,27.00,-0.10,-0.47,28.00,1.49,-0.15,27.00,-0.01,-0.03
2995988,27.00,-0.02,-0.21,28.00,2.07,-0.00,27.00,0.01,0.03
2996048,27.00,-0.08,-0.17,28.00,2.51,-0.47,27.00,-0.05,-0.06
2996108,27.00,-0.14,-0.12,28.00,2.94,0.16,27.00,-0.04,-0.03
2996168,27.00,-0.10,-0.21,28.00,3.32,0.43,27.00,-0.04,0.02
2996229,27.00,-0.11,-0.08,28.00,3.55,0.02,27.00,-0.01,-0.01
2996289,27.00,-0.02,-0.13,28.00,3.74,-0.06,27.00,0.05,-0.07
2996349,27.00,-0.11,-0.29,28.00,3.79,-0.42,27.00,-0.01,-0.04
2996409,27.00,-0.04,-0.22,28.00,4.17,0.39,27.00,0.02,-0.14
2996469,27.00,-0.07,-0.17,28.00,3.64,-0.08,27.00,-0.07,-0.05
2996529,27.00,0.08,-0.26,28.00,3.48,0.23,27.00,-0.08,-0.10
2996589,27.00,0.11,-0.22,28.00,3.36,0.32,27.00,0.02,-0.07
2996650,27.00,0.04,-0.22,28.00,2.73,0.39,27.00,0.05,-0.06
2996710,27.00,-0.01,0.03,28.00,2.79,0.25,27.00,-0.08,-0.01
2996770,27.00,-0.01,-0.13,28.00,2.10,0.07,27.00,-0.01,-0.05
2996830,27.00,-0.04,-0.22,28.00,1.78,0.20,27.00,0.02,-0.09
2996890,27.00,-0.10,-0.23,28.00,1.34,-0.22,27.00,-0.02,0.03
2996950,27.00,-0.05,-0.46,28.00,0.62,0.04,27.00,-0.04,-0.05
2997010,27.00,0.08,-0.17,28.00,-0.12,-0.23,27.00,0.02,-0.01
2997070,27.00,-0.04,-0.25,28.00,-0.55,0.16,27.00,-0.07,-0.07
2997131,27.00,0.04,-0.26,28.00,-1.06,-0.49,27.00,-0.05,-0.06
2997191,27.00,0.05,-0.28,28.00,-1.63,-0.42,27.00,0.05,-0.04
2997251,27.00,0.10,-0.09,28.00,-2.37,-0.40,27.00,-0.04,-0.01
2997311,27.00,0.07,-0.17,28.00,-2.69,-0.44,27.00,0.02,-0.05
2997371,27.00,-0.04,-0.19,28.00,-3.13,-0.15,27.00,0.02,0.02
2997431,27.00,-0.02,-0.22,28.00,-3.38,0.24,27.00,-0.07,-0.05
2997491,27.00,-0.02,-0.49,28.00,-3.80,0.26,27.00,0.02,-0.09
2997552,27.00,-0.02,-0.23,28.00,-3.76,-0.67,27.00,-0.08,-0.00
2997612,27.00,0.07,-0.13,28.00,-3.82,-0.80,27.00,-0.01,-0.00
2997672,27.00,-0.02,-0.28,28.00,-3.73,-0.76,27.00,-0.04,-0.04
2997732,27.00,0.02,-0.21,28.00,-3.49,-0.65,27.00,0.02,-0.00
2997792,27.00,0.07,-0.10,28.00,-3.73,-0.26,27.00,-0.02,-0.05
2997852,27.00,0.11,-0.16,28.00,-3.36,-0.00,27.00,-0.02,-0.07
2997912,27.00,-0.07,-0.31,28.00,-2.94,-0.68,27.00,-0.04,-0.03
2997972,27.00,-0.18,-0.27,28.00,-2.82,-0.49,27.00,-0.02,-0.00
2998033,27.00,0.04,-0.38,28.00,-2.04,-0.64,27.00,-0.04,-0.04
2998093,27.00,-0.01,-0.16,28.00,-1.72,-0.44,27.00,-0.01,-0.09
2998153,27.00,-0.08,0.02,28.00,-1.09,-0.52,27.00,-0.02,-0.04
2998213,27.00,-0.04,-0.26,28.00,-0.39,-0.73,27.00,0.04,0.04
2998273,27.00,0.18,-0.17,28.00,-0.02,-0.34,27.00,-0.08,-0.08
2998333,27.00,0.05,-0.08,28.00,0.73,-0.29,27.00,0.01,0.02
2998393,27.00,-0.05,-0.27,28.00,1.24,0.08,27.00,-0.05,-0.05
2998454,27.00,0.08,-0.23,28.00,1.79,-0.18,27.00,0.04,-0.01
2998514,27.00,0.02,-0.36,28.00,2.60,-0.21,27.00,0.05,-0.01
2998574,27.00,-0.23,-0.29,28.00,2.79,-0.14,27.00,-0.04,-0.07
2998634,27.00,-0.10,-0.18,28.00,3.08,0.09,27.00,0.02,-0.03
2998694,27.00,0.15,-0.24,28.00,3.39,-0.21,27.00,-0.04,-0.00
2998754,27.00,0.12,-0.00,28.00,3.80,-0.09,27.00,0.02,0.00
2998814,27.00,0.12,-0.07,28.00,3.80,-0.15,27.00,0.04,0.00
2998875,27.00,-0.01,-0.33,28.00,3.88,-0.04,27.00,0.04,-0.02
2998935,27.00,0.07,-0.26,28.00,3.98,-0.31,27.00,0.02,-0.01
2998995,27.00,-0.11,-0.15,28.00,3.85,-0.16,27.00,-0.07,-0.04
2999055,27.00,-0.05,-0.20,28.00,3.70,-0.04,27.00,0.02,-0.11
2999115,27.00,0.04,-0.14,28.00,3.26,0.36,27.00,0.04,-0.05
2999175,27.00,0.11,-0.14,28.00,2.81,0.15,27.00,-0.01,-0.10
2999235,27.00,0.02,-0.26,28.00,2.41,-0.06,27.00,-0.05,-0.00
2999295,27.00,0.02,-0.15,28.00,2.06,-0.07,27.00,-0.04,-0.07
2999356,27.00,-0.12,-0.11,28.00,1.38,0.46,27.00,-0.08,-0.05
2999416,27.00,0.07,-0.23,28.00,1.06,-0.34,27.00,0.04,0.03
2999476,27.00,-0.02,-0.33,28.00,0.42,0.08,27.00,-0.01,-0.05
2999536,27.00,-0.07,0.02,28.00,-0.21,-0.15,27.00,0.01,-0.01
2999596,27.00,-0.08,-0.28,28.00,-0.97,-0.31,27.00,-0.08,-0.11
2999656,27.00,-0.08,-0.20,28.00,-1.37,-0.45,27.00,0.02,-0.07
2999716,27.00,0.02,-0.15,28.00,-2.04,-0.43,27.00,-0.05,-0.07
2999777,27.00,0.04,-0.22,28.00,-2.48,0.22,27.00,-0.04,-0.15
2999837,27.00,0.07,-0.28,28.00,-2.91,-0.28,27.00,-0.01,-0.00
2999897,27.00,0.18,-0.06,28.00,-3.10,-0.67,27.00,0.01,-0.06
2999957,27.00,-0.10,-0.22,28.00,-3.27,-0.41,27.00,0.02,-0.00
3000017,27.00,0.01,-0.07,28.00,-3.71,-0.15,27.00,-0.05,-0.00
3000077,27.00,-0.01,-0.37,28.00,-3.76,0.04,27.00,-0.04,-0.06
3000137,27.00,-0.17,-0.32,28.00,-3.73,-0.82,27.00,-0.07,-0.02
3000197,27.00,-0.04,-0.36,28.00,-3.89,-0.51,27.00,-0.04,0.00
3000258,27.00,-0.04,-0.23,28.00,-3.82,-0.22,27.00,-0.02,0.07
3000318,27.00,0.02,-0.21,28.00,-3.42,-0.40,27.00,-0.01,-0.05
3000378,27.00,0.12,-0.24,28.00,-3.17,-0.49,27.00,-0.01,-0.10
3000438,27.00,-0.04,-0.19,28.00,-2.78,-0.32,27.00,0.02,-0.01
3000498,27.00,-0.12,-0.30,28.00,-2.29,-0.47,27.00,0.05,-0.02
3000558,27.00,0.08,-0.34,28.00,-1.87,-0.38,27.00,-0.02,-0.10
3000618,27.00,-0.12,-0.18,28.00,-1.34,-0.77,27.00,-0.04,-0.00
3000679,27.00,-0.14,-0.22,28.00,-0.67,-0.98,27.00,-0.01,-0.06
3000739,27.00,0.02,-0.07,28.00,-0.17,-0.80,27.00,-0.07,-0.07
3000799,27.00,-0.04,-0.26,28.00,0.34,-0.24,27.00,0.04,-0.09
3000859,27.00,0.02,-0.22,28.00,0.96,0.35,27.00,0.05,0.01
3000919,27.00,0.08,-0.25,28.00,1.40,0.07,27.00,-0.01,0.00
3000979,27.00,0.04,-0.06,28.00,1.74,-0.26,27.00,0.01,-0.04
3001039,27.00,0.11,-0.24,28.00,2.44,-0.68,27.00,0.04,-0.04
3001099,27.00,-0.05,-0.02,28.00,3.04,0.29,27.00,0.02,-0.01
3001160,27.00,0.02,-0.28,28.00,3.20,-0.48,27.00,0.10,0.04
3001220,27.00,0.20,-0.07,28.00,3.79,-0.36,27.00,0.01,-0.01
3001280,27.00,-0.01,-0.14,28.00,3.60,0.38,27.00,0.05,-0.01
3001340,27.00,-0.02,-0.28,28.00,3.82,0.29,27.00,-0.04,-0.07
3001400,27.00,0.01,-0.26,28.00,3.80,-0.36,27.00,-0.01,-0.04
3001460,27.00,-0.04,-0.24,28.00,3.95,-0.36,27.00,-0.02,-0.07
3001520,27.00,-0.07,-0.34,28.00,3.57,-0.14,27.00,0.02,0.00
3001581,27.00,0.01,-0.35,28.00,3.70,-0.38,27.00,-0.02,-0.07
3001641,27.00,-0.14,-0.11,28.00,3.01,-0.10,27.00,-0.02,-0.02
3001701,27.00,-0.12,-0.24,28.00,2.66,0.24,27.00,-0.02,0.04
3001761,27.00,-0.12,-0.15,28.00,2.40,-0.34,27.00,0.08,-0.06
3001821,27.00,-0.04,-0.19,28.00,1.87,0.41,27.00,-0.04,0.02
3001881,27.00,0.05,-0.31,28.00,1.16,0.30,27.00,0.05,0.03
3001941,27.00,0.23,-0.18,28.00,0.73,-0.01,27.00,-0.01,-0.07
3002001,27.00,0.05,-0.22,28.00,0.05,0.15,27.00,-0.04,-0.07
3002062,27.00,-0.07,-0.19,28.00,-0.55,0.05,27.00,0.05,-0.07
3002122,27.00,-0.01,-0.15,28.00,-1.36,0.24,27.00,0.05,-0.03
3002182,27.00,0.12,-0.30,28.00,-1.71,-0.03,27.00,0.04,-0.05
3002242,27.00,0.01,-0.14,28.00,-2.44,0.15,27.00,-0.01,0.07
3002302,27.00,-0.12,-0.29,28.00,-2.85,-0.37,27.00,-0.05,-0.00
3002362,27.00,0.04,-0.16,28.00,-3.04,0.17,27.00,0.05,0.03
3002422,27.00,-0.04,-0.14,28.00,-3.25,-0.17,27.00,-0.02,-0.08
3002483,27.00,0.02,-0.33,28.00,-3.88,-0.32,27.00,-0.01,0.05
3002543,27.00,-0.11,-0.28,28.00,-3.57,0.01,27.00,-0.04,-0.04
3002603,27.00,-0.04,-0.17,28.00,-3.71,-0.59,27.00,-0.01,-0.10
3002663,27.00,0.05,-0.32,28.00,-3.64,-0.26,27.00,-0.01,0.00
3002723,27.00,-0.07,-0.11,28.00,-3.80,-0.44,27.00,0.07,-0.10
3002783,27.00,-0.23,-0.15,28.00,-3.63,-0.16,27.00,-0.02,-0.07
3002843,27.00,-0.01,-0.14,28.00,-3.17,-0.63,27.00,-0.02,0.04
3002903,27.00,-0.01,-0.01,28.00,-3.05,-0.78,27.00,0.11,-0.04
3002964,27.00,0.12,-0.15,28.00,-2.76,-0.45,27.00,-0.02,0.07
3003024,27.00,0.04,-0.29,28.00,-2.18,-0.37,27.00,0.02,-0.04
3003084,27.00,0.08,-0.26,28.00,-1.60,0.16,27.00,0.02,-0.05
3003144,27.00,-0.15,-0.22,28.00,-1.02,-0.65,27.00,-0.01,-0.06
3003204,27.00,0.01,-0.30,28.00,-0.55,-0.48,27.00,-0.04,-0.02
3003264,27.00,0.18,-0.22,28.00,0.05,-0.64,27.00,0.04,0.03
3003324,27.00,0.08,-0.15,28.00,0.59,-0.11,27.00,-0.10,0.00
3003385,27.00,0.15,-0.17,28.00,1.22,-0.22,27.00,-0.07,-0.07
3003445,27.00,-0.10,-0.12,28.00,1.72,-0.09,27.00,-0.01,-0.06
3003505,27.00,-0.02,-0.29,28.00,2.45,-0.31,27.00,-0.10,0.00
3003565,27.00,-0.02,-0.22,28.00,2.78,0.15,27.00,0.02,-0.12
3003625,27.00,0.01,-0.25,28.00,3.19,0.22,27.00,0.05,0.02
3003685,27.00,0.20,-0.35,28.00,3.27,0.24,27.00,-0.01,-0.07
3003745,27.00,0.04,-0.21,28.00,3.58,0.07,27.00,0.01,-0.01
3003806,27.00,-0.14,-0.20,28.00,3.82,0.13,27.00,0.08,-0.03
3003866,27.00,-0.11,-0.07,28.00,3.95,-0.07,27.00,-0.02,-0.06
3003926,27.00,-0.07,-0.05,28.00,4.02,-0.07,27.00,-0.01,0.01
3003986,27.00,0.12,-0.24,28.00,3.76,0.21,27.00,-0.01,-0.11
3004046,27.00,0.01,-0.23,28.00,3.52,0.18,27.00,-0.08,-0.05
3004106,27.00,0.05,-0.15,28.00,3.07,0.02,27.00,-0.02,-0.09
3004166,27.00,-0.07,-0.12,28.00,2.82,-0.15,27.00,0.01,0.05
3004226,27.00,-0.14,-0.29,28.00,2.34,0.71,27.00,-0.01,0.02
3004287,27.00,-0.01,-0.06,28.00,1.94,-0.07,27.00,-0.05,-0.03
3004347,27.00,-0.11,-0.30,28.00,1.58,0.26,27.00,-0.05,-0.11
3004407,27.00,0.08,-0.15,28.00,0.71,0.90,27.00,-0.01,-0.02
3004467,27.00,-0.10,-0.33,28.00,0.33,0.07,27.00,-0.02,-0.13
3004527,27.00,0.14,0.02,28.00,-0.27,0.00,27.00,-0.05,-0.01
3004587,27.00,0.05,-0.36,28.00,-0.64,-0.31,27.00,0.08,0.01
3004647,27.00,0.07,-0.18,28.00,-1.21,0.14,27.00,-0.04,-0.08
3004708,27.00,0.15,-0.15,28.00,-1.72,0.26,27.00,-0.02,0.00
3004768,27.00,0.04,-0.18,28.00,-2.41,-0.40,27.00,0.02,-0.01
3004828,27.00,-0.08,-0.15,28.00,-2.75,-0.85,27.00,-0.04,-0.15
3004888,27.00,0.04,-0.21,28.00,-3.23,0.17,27.00,-0.07,-0.04
3004948,27.00,-0.07,-0.30,28.00,-3.64,-0.05,27.00,0.05,-0.03
3005008,27.00,0.33,-0.10,28.00,-3.68,-0.08,27.00,-0.04,-0.03
3005068,27.00,-0.14,-0.37,28.00,-3.89,-0.72,27.00,0.01,-0.05
3005128,27.00,-0.02,0.00,28.00,-3.85,-0.26,27.00,-0.05,0.02
3005189,27.00,-0.02,-0.22,28.00,-3.68,-0.29,27.00,0.01,0.03
3005249,27.00,-0.05,-0.36,28.00,-3.88,0.07,27.00,0.02,-0.05
3005309,27.00,-0.07,-0.09,28.00,-3.55,-0.15,27.00,-0.05,-0.07
3005369,27.00,0.02,-0.10,28.00,-3.22,-1.00,27.00,-0.01,-0.01
3005429,27.00,0.23,-0.22,28.00,-2.76,-0.23,27.00,-0.04,-0.04
3005489,27.00,-0.08,-0.21,28.00,-2.56,-0.62,27.00,0.01,0.02
3005549,27.00,-0.08,-0.35,28.00,-1.96,-0.49,27.00,-0.02,-0.02
3005610,27.00,-0.08,-0.29,28.00,-1.37,-0.80,27.00,0.01,-0.04
3005670,27.00,-0.05,-0.15,28.00,-0.87,-0.89,27.00,0.02,-0.05
3005730,27.00,-0.08,-0.06,28.00,-0.18,-0.64,27.00,0.01,-0.02
3005790,27.00,-0.02,-0.12,28.00,0.14,-0.26,27.00,0.01,-0.03
3005850,27.00,0.02,-0.34,28.00,0.73,-0.32,27.00,-0.08,0.01
3005910,27.00,-0.15,-0.15,28.00,1.22,-0.36,27.00,-0.04,-0.06
3005970,27.00,-0.07,-0.39,28.00,2.07,-0.07,27.00,-0.01,0.01
3006030,27.00,0.07,-0.25,28.00,2.41,0.29,27.00,-0.01,-0.07
3006091,27.00,-0.08,-0.17,28.00,2.94,-0.04,27.00,0.01,-0.03
3006151,27.00,0.08,-0.08,28.00,3.45,-0.36,27.00,-0.01,0.04
3006211,27.00,-0.07,-0.30,28.00,3.90,-0.20,27.00,-0.01,-0.07
3006271,27.00,0.05,-0.16,28.00,3.45,-0.05,27.00,-0.01,-0.01
3006331,27.00,0.01,-0.28,28.00,4.02,-0.51,27.00,-0.02,-0.03
3006391,27.00,-0.15,-0.19,28.00,3.63,-0.16,27.00,-0.04,0.00
3006451,27.00,-0.08,-0.20,28.00,3.68,-0.17,27.00,0.01,-0.03
3006512,27.00,-0.04,-0.32,28.00,3.85,-0.01,27.00,0.01,-0.10
3006572,27.00,0.01,-0.35,28.00,3.38,0.17,27.00,-0.04,-0.01
3006632,27.00,0.02,-0.18,28.00,3.07,0.51,27.00,-0.02,-0.01
3006692,27.00,0.02,-0.22,28.00,2.89,-0.08,27.00,-0.04,-0.08
3006752,27.00,-0.04,-0.21,28.00,2.40,0.40,27.00,-0.01,-0.07
3006812,27.00,0.18,-0.24,28.00,1.94,0.22,27.00,0.04,-0.04
3006872,27.00,0.02,-0.29,28.00,1.28,0.00,27.00,-0.01,-0.02
3006932,27.00,-0.05,-0.19,28.00,0.71,0.47,27.00,-0.01,0.02
3006993,27.00,-0.14,-0.21,28.00,0.21,0.18,27.00,0.02,-0.01
3007053,27.00,-0.04,-0.27,28.00,-0.26,-0.62,27.00,0.01,-0.02
3007113,27.00,0.04,-0.18,28.00,-0.80,-0.43,27.00,0.04,0.03
3007173,27.00,0.23,-0.02,28.00,-1.66,-0.65,27.00,-0.01,-0.09
3007233,27.00,-0.01,-0.23,28.00,-2.18,-0.27,27.00,0.07,-0.09
3007293,27.00,-0.05,-0.15,28.00,-2.86,-0.19,27.00,0.01,-0.10
3007353,27.00,0.02,-0.22,28.00,-2.86,-0.45,27.00,0.02,-0.07
3007414,27.00,-0.07,-0.12,28.00,-3.16,-0.15,27.00,0.02,0.01
3007474,27.00,-0.07,-0.17,28.00,-3.33,0.17,27.00,0.04,-0.13
3007534,27.00,0.04,-0.36,28.00,-3.76,-0.14,27.00,-0.02,-0.06
3007594,27.00,0.10,-0.30,28.00,-3.96,-0.15,27.00,-0.04,-0.05
3007654,27.00,0.02,-0.21,28.00,-3.85,-0.38,27.00,0.07,-0.01
3007714,27.00,0.07,-0.30,28.00,-3.86,-0.22,27.00,-0.05,-0.08
3007774,27.00,-0.04,-0.29,28.00,-3.52,0.08,27.00,0.04,-0.01
3007834,27.00,0.04,-0.16,28.00,-3.38,-0.27,27.00,-0.04,0.09
3007895,27.00,0.02,-0.22,28.00,-3.04,-0.65,27.00,-0.02,-0.06
3007955,27.00,-0.05,-0.35,28.00,-2.73,-0.58,27.00,-0.11,-0.06
3008015,27.00,-0.05,-0.32,28.00,-2.18,-0.87,27.00,0.01,-0.08
3008075,27.00,0.04,-0.27,28.00,-1.62,-1.22,27.00,0.01,0.02
3008135,27.00,-0.01,-0.20,28.00,-1.11,-0.62,27.00,0.02,-0.02
3008195,27.00,0.12,-0.17,28.00,-0.53,-0.64,27.00,0.01,-0.07
3008255,27.00,-0.05,-0.24,28.00,0.02,-0.58,27.00,0.01,0.01
3008316,27.00,-0.01,-0.30,28.00,0.55,-0.31,27.00,0.02,-0.03
3008376,27.00,-0.01,-0.18,28.00,0.83,-0.31,27.00,-0.07,0.02
3008436,27.00,0.01,-0.12,28.00,1.66,-0.07,27.00,0.01,-0.07
3008496,27.00,-0.04,-0.09,28.00,2.26,-0.17,27.00,0.02,-0.04
3008556,27.00,-0.07,-0.22,28.00,2.62,-0.21,27.00,-0.04,-0.00
3008616,27.00,-0.08,-0.36,28.00,3.13,-0.52,27.00,-0.07,-0.07
3008676,27.00,-0.04,-0.20,28.00,3.35,-0.38,27.00,0.01,-0.06
3008736,27.00,0.08,0.08,28.00,3.49,0.18,27.00,0.02,-0.06
3008797,27.00,-0.18,-0.16,28.00,3.52,-0.15,27.00,0.02,0.04
3008857,27.00,0.05,-0.14,28.00,3.67,-0.15,27.00,0.04,-0.07
3008917,27.00,0.01,-0.15,28.00,3.55,-0.25,27.00,0.04,-0.09
3008977,27.00,-0.05,-0.08,28.00,3.68,-0.15,27.00,0.01,-0.03
3009037,27.00,0.01,0.00,28.00,3.44,-0.57,27.00,-0.02,0.00
3009097,27.00,-0.08,-0.28,28.00,3.35,0.07,27.00,-0.04,-0.07
3009157,27.00,-0.12,-0.13,28.00,2.85,-0.18,27.00,-0.04,-0.08
3009218,27.00,0.02,-0.18,28.00,2.81,-0.12,27.00,0.02,-0.07
3009278,27.00,0.10,-0.11,28.00,2.16,0.13,27.00,-0.04,-0.07
3009338,27.00,-0.01,-0.14,28.00,1.59,0.18,27.00,-0.05,-0.00
3009398,27.00,0.08,-0.00,28.00,1.14,-0.23,27.00,-0.01,-0.03
3009458,27.00,0.01,-0.10,28.00,0.53,-0.62,27.00,-0.04,-0.01
3009518,27.00,0.01,-0.27,28.00,-0.08,0.01,27.00,0.07,0.04
3009578,27.00,0.05,-0.13,28.00,-0.55,-0.35,27.00,-0.04,-0.01
3009639,27.00,-0.05,-0.14,28.00,-1.40,-0.40,27.00,0.01,0.03
3009699,27.00,0.04,-0.18,28.00,-1.79,-0.17,27.00,-0.05,-0.07
3009759,27.00,0.05,-0.29,28.00,-2.34,0.24,27.00,-0.05,-0.05
3009819,27.00,0.05,-0.28,28.00,-2.76,-0.20,27.00,-0.08,-0.03
3009879,27.00,-0.02,-0.14,28.00,-3.03,-0.08,27.00,0.05,-0.07
3009939,27.00,0.04,-0.15,28.00,-3.39,-0.52,27.00,0.01,-0.03
3009999,27.00,-0.01,-0.00,28.00,-3.89,-0.04,27.00,-0.01,-0.01
3010059,27.00,-0.08,-0.20,28.00,-3.64,-0.15,27.00,-0.01,-0.02
3010120,27.00,-0.01,-0.26,28.00,-3.79,-0.81,27.00,0.02,-0.07
3010180,27.00,0.07,-0.18,28.00,-3.86,-0.64,27.00,-0.02,-0.01
3010240,27.00,-0.02,-0.28,28.00,-3.90,-0.30,27.00,-0.10,-0.03
3010300,27.00,0.02,-0.31,28.00,-3.64,-0.64,27.00,-0.02,0.06
3010360,27.00,-0.10,-0.19,28.00,-3.16,-0.44,27.00,-0.04,-0.03
3010420,27.00,-0.01,-0.23,28.00,-3.04,-0.57,27.00,0.04,-0.08
3010480,27.00,0.17,-0.07,28.00,-2.62,-0.70,27.00,-0.08,0.01
3010541,27.00,0.10,-0.44,28.00,-2.06,-0.70,27.00,-0.05,-0.03
3010601,27.00,-0.14,-0.37,28.00,-1.77,-0.37,27.00,0.02,-0.07
3010661,27.00,0.10,-0.15,28.00,-0.96,-0.35,27.00,-0.07,-0.13
3010721,27.00,0.07,-0.13,28.00,-0.27,-0.73,27.00,-0.04,-0.05
3010781,27.00,0.17,-0.12,28.00,0.27,-0.34,27.00,0.07,0.00
3010841,27.00,-0.15,-0.20,28.00,0.73,-0.43,27.00,0.08,-0.05
3010901,27.00,-0.01,-0.15,28.00,1.46,-0.06,27.00,-0.02,-0.07
3010961,27.00,-0.01,-0.12,28.00,1.72,0.49,27.00,0.07,-0.05
3011022,27.00,0.14,-0.14,28.00,2.29,-0.54,27.00,0.02,-0.05
3011082,27.00,-0.05,-0.13,28.00,2.89,0.10,27.00,-0.07,0.02
3011142,27.00,-0.02,-0.17,28.00,3.36,-0.00,27.00,0.02,-0.08
3011202,27.00,-0.05,-0.19,28.00,3.71,-0.16,27.00,-0.12,-0.03
3011262,27.00,-0.07,0.08,28.00,3.76,0.30,27.00,0.04,-0.05
3011322,27.00,-0.11,-0.32,28.00,3.60,0.16,27.00,-0.02,-0.06
3011382,27.00,-0.05,-0.22,28.00,3.54,-0.14,27.00,-0.04,0.00
3011443,27.00,-0.10,-0.21,28.00,3.70,-0.05,27.00,-0.04,-0.09
3011503,27.00,0.02,-0.26,28.00,3.79,-0.33,27.00,-0.02,-0.10
3011563,27.00,-0.07,-0.10,28.00,3.64,-0.19,27.00,-0.01,-0.04
3011623,27.00,-0.07,-0.40,28.00,2.98,-0.16,27.00,-0.01,-0.02
3011683,27.00,0.04,-0.23,28.00,2.75,0.37,27.00,0.04,-0.01
3011743,27.00,0.02,-0.19,28.00,2.28,-0.24,27.00,-0.04,-0.07
3011803,27.00,0.04,0.00,28.00,1.78,-0.24,27.00,0.01,-0.04
3011863,27.00,0.02,-0.34,28.00,1.34,0.36,27.00,-0.01,-0.07
3011924,27.00,0.05,-0.20,28.00,0.56,0.12,27.00,0.04,-0.08
3011984,27.00,0.04,-0.15,28.00,0.20,-0.16,27.00,-0.07,-0.05
3012044,27.00,-0.07,-0.27,28.00,-0.29,-0.59,27.00,-0.02,-0.06
3012104,27.00,-0.07,-0.22,28.00,-0.86,0.45,27.00,0.04,0.01
3012164,27.00,-0.07,-0.23,28.00,-1.44,-0.56,27.00,0.01,-0.03
3012224,27.00,-0.01,-0.22,28.00,-1.71,-0.27,27.00,-0.01,-0.07
3012284,27.00,-0.02,-0.22,28.00,-2.42,-0.44,27.00,-0.04,-0.07
3012345,27.00,-0.05,-0.10,28.00,-2.81,0.25,27.00,0.05,0.06
3012405,27.00,0.08,-0.38,28.00,-3.42,-0.44,27.00,0.05,0.03
3012465,27.00,-0.04,-0.18,28.00,-3.57,-0.38,27.00,0.02,0.00
3012525,27.00,0.01,-0.29,28.00,-3.95,-0.36,27.00,0.02,-0.02
3012585,27.00,0.04,-0.19,28.00,-3.77,-0.80,27.00,0.04,-0.02
3012645,27.00,0.02,-0.15,28.00,-4.07,-0.24,27.00,-0.02,-0.02
3012705,27.00,0.04,-0.38,28.00,-3.66,-0.05,27.00,-0.04,-0.07
3012765,27.00,0.11,-0.27,28.00,-3.67,-0.16,27.00,-0.02,-0.05
3012826,27.00,0.02,-0.22,28.00,-3.51,-0.28,27.00,0.01,0.01
3012886,27.00,0.08,0.01,28.00,-3.22,-0.21,27.00,0.02,0.00
3012946,27.00,-0.08,-0.36,28.00,-3.04,-0.15,27.00,0.04,-0.01
3013006,27.00,0.15,-0.16,28.00,-2.38,-0.80,27.00,-0.01,0.00
3013066,27.00,0.10,-0.15,28.00,-1.82,-0.58,27.00,-0.04,-0.02
3013126,27.00,0.24,-0.03,28.00,-1.16,-0.13,27.00,-0.04,-0.03
3013186,27.00,0.18,-0.25,28.00,-0.74,-0.73,27.00,0.02,-0.07
3013247,27.00,0.01,-0.36,28.00,-0.17,-0.57,27.00,-0.01,-0.00
3013307,27.00,0.01,0.07,28.00,0.43,-0.04,27.00,0.01,0.00
3013367,27.00,0.12,-0.13,28.00,1.03,0.01,27.00,-0.01,0.02
3013427,27.00,0.07,-0.35,28.00,1.55,0.04,27.00,-0.01,-0.01
3013487,27.00,0.07,-0.27,28.00,2.04,-0.01,27.00,0.05,-0.07
3013547,27.00,0.08,-0.22,28.00,2.53,0.13,27.00,-0.04,-0.01
3013607,27.00,-0.11,-0.21,28.00,2.92,0.17,27.00,-0.05,-0.07
3013667,27.00,-0.12,-0.32,28.00,3.10,0.36,27.00,-0.02,0.08
3013728,27.00,0.02,-0.23,28.00,3.67,-0.06,27.00,-0.02,-0.01
3013788,27.00,-0.01,-0.33,28.00,3.71,-0.01,27.00,0.04,-0.08
3013848,27.00,0.08,-0.11,28.00,3.85,-0.12,27.00,-0.05,-0.07
3013908,27.00,0.07,-0.24,28.00,3.79,-0.08,27.00,-0.02,-0.11
3013968,27.00,0.10,-0.09,28.00,3.83,0.04,27.00,0.04,-0.06
3014028,27.00,-0.05,-0.33,28.00,3.60,0.20,27.00,-0.01,-0.08
3014088,27.00,0.02,-0.33,28.00,3.22,-0.08,27.00,0.07,0.01
3014149,27.00,-0.05,-0.22,28.00,2.78,-0.21,27.00,0.01,0.02
3014209,27.00,-0.02,-0.22,28.00,2.73,-0.10,27.00,-0.02,-0.04
3014269,27.00,0.08,-0.22,28.00,2.23,0.10,27.00,-0.01,0.01
3014329,27.00,-0.14,-0.18,28.00,1.71,-0.00,27.00,-0.07,-0.03
3014389,27.00,0.27,-0.07,28.00,1.00,0.09,27.00,-0.04,-0.07
3014449,27.00,-0.04,-0.17,28.00,0.37,0.51,27.00,-0.01,0.02
3014509,27.00,-0.08,-0.27,28.00,0.15,-0.19,27.00,-0.01,-0.01
3014570,27.00,-0.05,-0.14,28.00,-0.59,-0.31,27.00,0.05,-0.03
3014630,27.00,0.07,-0.21,28.00,-0.89,-0.35,27.00,-0.01,-0.06
3014690,27.00,-0.11,-0.35,28.00,-1.75,-0.03,27.00,-0.01,-0.01
3014750,27.00,0.02,-0.00,28.00,-2.18,-0.79,27.00,0.02,-0.07
3014810,27.00,-0.05,-0.08,28.00,-2.75,-0.45,27.00,0.01,0.00
3014870,27.00,-0.01,-0.17,28.00,-2.89,-0.48,27.00,-0.04,-0.07
3014930,27.00,0.01,0.01,28.00,-3.36,-0.05,27.00,-0.04,-0.00
3014990,27.00,0.01,-0.17,28.00,-3.41,-0.22,27.00,-0.01,-0.02
3015051,27.00,-0.18,-0.15,28.00,-3.61,-0.85,27.00,-0.04,0.01
3015111,27.00,-0.04,-0.22,28.00,-3.64,-0.60,27.00,-0.01,-0.03
3015171,27.00,0.05,-0.07,28.00,-3.76,-0.27,27.00,0.04,0.07
3015231,27.00,-0.17,-0.08,28.00,-3.90,-0.39,27.00,-0.02,-0.00
3015291,27.00,-0.08,-0.19,28.00,-3.57,-0.17,27.00,0.04,-0.08
3015351,27.00,-0.07,-0.04,28.00,-3.29,0.06,27.00,0.01,-0.03
3015411,27.00,-0.10,-0.07,28.00,-3.16,0.01,27.00,-0.02,0.02
3015472,27.00,0.11,-0.06,28.00,-2.60,-0.15,27.00,0.01,-0.03
3015532,27.00,0.04,-0.26,28.00,-2.04,-0.95,27.00,-0.05,-0.04
3015592,27.00,0.05,-0.00,28.00,-1.75,-0.56,27.00,-0.01,0.01
3015652,27.00,-0.05,-0.24,28.00,-0.89,-0.57,27.00,0.01,-0.06
3015712,27.00,0.07,-0.15,28.00,-0.51,-0.47,27.00,0.01,-0.14
3015772,27.00,-0.08,-0.36,28.00,0.07,-0.36,27.00,0.02,0.00
3015832,27.00,0.08,-0.27,28.00,0.59,-0.22,27.00,0.01,-0.00
3015892,27.00,-0.08,-0.25,28.00,1.16,0.19,27.00,-0.02,-0.04
3015953,27.00,-0.01,-0.20,28.00,1.97,-0.57,27.00,-0.01,-0.00
3016013,27.00,0.04,-0.27,28.00,2.67,0.02,27.00,0.04,-0.04
3016073,27.00,-0.05,0.07,28.00,2.70,-0.42,27.00,0.02,-0.03
3016133,27.00,0.07,-0.22,28.00,2.91,-0.00,27.00,-0.02,-0.09
3016193,27.00,0.14,-0.28,28.00,3.36,0.26,27.00,0.01,-0.01
3016253,27.00,-0.17,-0.34,28.00,3.49,0.27,27.00,0.04,-0.01
3016313,27.00,0.02,-0.20,28.00,3.64,-0.13,27.00,0.05,0.03
3016374,27.00,-0.02,-0.32,28.00,3.98,0.04,27.00,0.01,-0.02
3016434,27.00,0.04,-0.19,28.00,3.85,-0.37,27.00,-0.04,-0.01
3016494,27.00,0.02,-0.15,28.00,3.64,0.10,27.00,0.07,-0.03
3016554,27.00,0.01,-0.21,28.00,3.30,0.28,27.00,0.02,-0.08
3016614,27.00,-0.05,-0.17,28.00,2.95,0.16,27.00,-0.01,0.00
3016674,27.00,-0.05,-0.12,28.00,2.98,0.13,27.00,-0.04,-0.03
3016734,27.00,-0.07,-0.27,28.00,2.44,0.08,27.00,0.02,-0.05
3016794,27.00,-0.11,-0.26,28.00,2.22,0.62,27.00,0.02,-0.06
3016855,27.00,-0.08,-0.24,28.00,1.44,0.34,27.00,-0.02,0.01
3016915,27.00,-0.01,-0.15,28.00,0.87,-0.24,27.00,0.01,-0.07
3016975,27.00,-0.17,-0.21,28.00,0.23,0.16,27.00,-0.04,-0.02
3017035,27.00,-0.04,-0.29,28.00,-0.32,-0.16,27.00,0.08,-0.06
3017095,27.00,0.01,-0.16,28.00,-0.71,-0.36,27.00,0.02,-0.09
3017155,27.00,-0.17,-0.28,28.00,-1.33,-0.30,27.00,-0.02,-0.03
3017215,27.00,0.07,-0.18,28.00,-1.81,-0.72,27.00,0.01,0.00
3017276,27.00,0.11,-0.17,28.00,-2.59,-0.30,27.00,-0.04,-0.05
3017336,27.00,-0.07,-0.26,28.00,-2.79,-0.36,27.00,0.01,0.00
3017396,27.00,-0.18,-0.20,28.00,-3.05,-0.41,27.00,-0.04,-0.09
3017456,27.00,0.02,-0.30,28.00,-3.74,0.24,27.00,0.02,-0.11
3017516,27.00,-0.04,-0.14,28.00,-3.88,-0.54,27.00,0.04,-0.05
3017576,27.00,0.07,-0.25,28.00,-3.64,-0.79,27.00,-0.04,-0.02
3017636,27.00,-0.02,-0.15,28.00,-3.98,-0.15,27.00,0.01,-0.03
3017696,27.00,-0.05,-0.29,28.00,-3.68,-0.56,27.00,-0.02,-0.00
3017757,27.00,-0.08,-0.08,28.00,-3.80,0.14,27.00,-0.02,0.04
3017817,27.00,0.17,-0.24,28.00,-3.13,-0.15,27.00,-0.07,-0.07
3017877,27.00,-0.10,-0.26,28.00,-3.25,-0.36,27.00,-0.05,0.02
3017937,27.00,-0.01,-0.27,28.00,-2.73,-0.10,27.00,-0.01,0.03
3017997,27.00,0.07,-0.27,28.00,-2.28,-0.26,27.00,-0.02,0.04
3018057,27.00,0.05,-0.16,28.00,-2.00,-0.18,27.00,-0.02,-0.05
3018117,27.00,-0.07,-0.22,28.00,-1.30,-0.62,27.00,-0.01,-0.08
3018178,27.00,-0.04,-0.18,28.00,-0.67,-0.94,27.00,0.04,-0.07
3018238,27.00,0.07,-0.20,28.00,-0.12,-0.58,27.00,-0.05,-0.01
3018298,27.00,0.10,-0.15,28.00,0.36,-0.53,27.00,0.01,-0.02
3018358,27.00,-0.02,-0.11,28.00,0.61,0.10,27.00,0.01,0.06
3018418,27.00,-0.07,-0.39,28.00,1.40,-0.03,27.00,-0.01,-0.02
3018478,27.00,-0.05,-0.13,28.00,1.88,-0.26,27.00,-0.02,-0.06
3018538,27.00,0.11,-0.09,28.00,2.44,-0.20,27.00,-0.04,-0.04
3018598,27.00,0.07,-0.07,28.00,2.86,-0.46,27.00,-0.05,0.02
3018659,27.00,-0.12,-0.16,28.00,3.35,-0.22,27.00,-0.07,0.01
3018719,27.00,0.17,-0.13,28.00,3.30,-0.12,27.00,-0.04,-0.10
3018779,27.00,0.01,-0.15,28.00,3.52,0.40,27.00,0.02,-0.00
3018839,27.00,-0.01,-0.22,28.00,3.90,-0.05,27.00,0.01,-0.02
3018899,27.00,-0.11,-0.32,28.00,3.96,-0.39,27.00,-0.01,-0.07
3018959,27.00,-0.10,-0.07,28.00,3.82,-0.32,27.00,0.07,-0.01
3019019,27.00,-0.05,-0.23,28.00,3.55,-0.14,27.00,-0.07,-0.05
3019080,27.00,-0.08,-0.24,28.00,3.44,-0.07,27.00,-0.01,-0.01
3019140,27.00,-0.11,-0.27,28.00,3.05,0.05,27.00,-0.02,0.01
3019200,27.00,-0.08,-0.02,28.00,2.69,-0.00,27.00,0.01,-0.04
3019260,27.00,-0.10,-0.15,28.00,2.25,0.28,27.00,0.04,-0.00
3019320,27.00,0.04,-0.07,28.00,1.88,-0.00,27.00,0.02,-0.06
3019380,27.00,0.11,-0.15,28.00,1.18,-0.08,27.00,0.07,-0.03
3019440,27.00,-0.08,-0.18,28.00,0.71,-0.20,27.00,0.04,-0.00
3019500,27.00,0.11,-0.22,28.00,0.24,0.07,27.00,0.05,-0.10
3019561,27.00,-0.01,-0.24,28.00,-0.40,0.07,27.00,0.01,-0.07
3019621,27.00,-0.04,-0.14,28.00,-1.24,-0.53,27.00,-0.01,-0.06
3019681,27.00,-0.02,-0.15,28.00,-1.30,-0.58,27.00,-0.04,-0.05
3019741,27.00,-0.04,-0.16,28.00,-2.18,0.11,27.00,0.04,-0.05
3019801,27.00,-0.04,-0.34,28.00,-2.64,0.11,27.00,-0.02,-0.01
3019861,27.00,-0.08,-0.36,28.00,-3.03,0.08,27.00,-0.01,0.05
3019921,27.00,-0.02,0.05,28.00,-3.42,-0.24,27.00,-0.02,0.06
3019982,27.00,0.04,-0.13,28.00,-3.60,-0.21,27.00,-0.08,-0.06
3020042,27.00,-0.05,-0.18,28.00,-4.10,-0.15,27.00,-0.07,0.02
3020102,27.00,-0.08,-0.35,28.00,-3.83,-0.49,27.00,-0.07,0.05
3020162,27.00,-0.08,-0.15,28.00,-3.63,-0.28,27.00,-0.05,-0.01
3020222,27.00,-0.05,0.10,28.00,-3.61,-0.19,27.00,0.05,-0.00
3020282,27.00,0.08,-0.13,28.00,-3.67,-0.47,27.00,0.04,-0.01
3020342,27.00,0.05,-0.07,28.00,-3.26,-0.52,27.00,0.01,-0.12
3020402,27.00,-0.01,-0.25,28.00,-2.88,-0.88,27.00,0.04,-0.04
3020463,27.00,0.04,-0.09,28.00,-2.67,-0.58,27.00,-0.02,-0.00
3020523,27.00,-0.02,-0.14,28.00,-2.25,-0.22,27.00,0.04,-0.05
3020583,27.00,-0.12,-0.22,28.00,-1.87,-0.38,27.00,-0.05,-0.00
3020643,27.00,0.08,-0.29,28.00,-1.06,-0.50,27.00,-0.05,0.02
3020703,27.00,0.01,-0.22,28.00,-0.48,-0.49,27.00,0.04,-0.06
3020763,27.00,-0.08,-0.29,28.00,0.23,-0.39,27.00,-0.01,-0.04
3020823,27.00,0.18,-0.24,28.00,0.56,-0.26,27.00,-0.04,-0.03
3020884,27.00,-0.04,0.10,28.00,1.25,-0.11,27.00,0.08,0.02
3020944,27.00,0.02,-0.17,28.00,1.60,-0.19,27.00,-0.02,-0.06
3021004,27.00,-0.11,-0.08,28.00,2.29,-0.54,27.00,-0.02,-0.03
3021064,27.00,-0.04,-0.23,28.00,2.79,0.28,27.00,0.04,-0.01
3021124,27.00,-0.01,-0.12,28.00,3.10,0.00,27.00,-0.05,-0.05
3021184,27.00,0.02,-0.11,28.00,3.27,-0.07,27.00,0.01,-0.07
3021244,27.00,-0.15,-0.22,28.00,3.96,0.03,27.00,0.02,0.00
3021305,27.00,0.02,-0.17,28.00,3.58,0.25,27.00,-0.01,-0.01
3021365,27.00,-0.23,-0.28,28.00,3.73,0.01,27.00,-0.02,-0.02
3021425,27.00,0.01,-0.07,28.00,3.60,0.53,27.00,-0.04,-0.06
3021485,27.00,-0.10,-0.18,28.00,3.70,0.29,27.00,-0.01,0.00
3021545,27.00,-0.07,-0.17,28.00,3.48,-0.01,27.00,0.04,0.01
3021605,27.00,-0.08,-0.13,28.00,3.64,0.10,27.00,-0.05,-0.11
3021665,27.00,-0.08,-0.13,28.00,3.05,-0.50,27.00,0.02,0.00
3021725,27.00,-0.01,-0.08,28.00,2.67,0.27,27.00,-0.05,-0.01
3021786,27.00,0.05,-0.29,28.00,1.97,-0.03,27.00,-0.01,-0.02
3021846,27.00,-0.14,-0.31,28.00,1.63,-0.04,27.00,0.04,-0.07
3021906,27.00,-0.11,-0.33,28.00,0.74,0.48,27.00,-0.01,-0.09
3021966,27.00,0.08,-0.24,28.00,0.40,-0.36,27.00,0.07,0.01
3022026,27.00,0.04,-0.22,28.00,-0.21,-0.10,27.00,-0.02,-0.08
3022086,27.00,-0.01,-0.22,28.00,-0.81,-0.20,27.00,0.02,0.00
3022146,27.00,-0.07,-0.27,28.00,-1.49,0.09,27.00,0.01,-0.09
3022207,27.00,0.10,-0.34,28.00,-1.93,-0.08,27.00,0.04,0.02
3022267,27.00,-0.05,-0.27,28.00,-2.09,-0.22,27.00,0.02,0.01
3022327,27.00,-0.07,-0.24,28.00,-2.56,-0.07,27.00,0.05,0.04
3022387,27.00,0.10,-0.24,28.00,-3.22,-0.32,27.00,0.02,-0.09
3022447,27.00,0.01,-0.16,28.00,-3.30,-0.03,27.00,-0.05,-0.04
3022507,27.00,0.04,-0.20,28.00,-3.45,0.05,27.00,-0.01,-0.03
3022567,27.00,0.12,-0.23,28.00,-3.98,-0.29,27.00,0.07,-0.15
3022627,27.00,0.01,-0.20,28.00,-3.90,-0.26,27.00,0.02,-0.06
3022688,27.00,-0.27,-0.23,28.00,-3.99,-0.28,27.00,-0.01,-0.08
3022748,27.00,0.11,-0.22,28.00,-3.96,-0.31,27.00,-0.01,-0.01
3022808,27.00,-0.05,-0.32,28.00,-3.57,-0.36,27.00,0.04,-0.10
3022868,27.00,0.05,-0.17,28.00,-3.17,-0.07,27.00,-0.01,0.00
3022928,27.00,-0.05,-0.31,28.00,-2.72,-0.17,27.00,-0.04,0.03
3022988,27.00,-0.01,-0.31,28.00,-2.62,0.15,27.00,-0.01,0.00
3023048,27.00,-0.07,-0.24,28.00,-1.99,-0.73,27.00,0.01,0.00
3023109,27.00,0.01,-0.37,28.00,-1.49,-0.74,27.00,-0.02,0.02
3023169,27.00,-0.21,-0.13,28.00,-0.80,-0.32,27.00,0.01,0.04
3023229,27.00,-0.02,-0.07,28.00,-0.26,-0.65,27.00,0.01,-0.00
3023289,27.00,0.04,-0.19,28.00,0.27,-0.51,27.00,0.01,0.01
3023349,27.00,-0.05,-0.15,28.00,1.00,-0.53,27.00,0.01,-0.05
3023409,27.00,-0.10,-0.24,28.00,1.58,-0.51,27.00,0.04,0.00
3023469,27.00,-0.18,-0.21,28.00,2.12,0.33,27.00,0.02,-0.07
3023529,27.00,0.10,-0.36,28.00,2.31,-0.03,27.00,0.02,-0.09
3023590,27.00,0.15,-0.16,28.00,2.95,0.26,27.00,0.04,-0.02
3023650,27.00,0.01,-0.24,28.00,3.08,-0.33,27.00,0.04,-0.03
3023710,27.00,0.01,-0.32,28.00,3.48,-0.16,27.00,-0.04,-0.02
3023770,27.00,-0.05,-0.22,28.00,3.92,-0.28,27.00,0.02,0.00
3023830,27.00,-0.04,-0.19,28.00,4.08,-0.50,27.00,0.01,-0.03
3023890,27.00,0.10,-0.06,28.00,4.05,0.21,27.00,0.05,0.00
3023950,27.00,0.01,-0.24,28.00,3.86,-0.10,27.00,0.05,-0.02
3024011,27.00,0.14,-0.28,28.00,3.60,-0.06,27.00,0.02,-0.07
3024071,27.00,0.12,-0.17,28.00,3.41,-0.13,27.00,0.01,-0.07
3024131,27.00,0.05,-0.44,28.00,3.05,-0.05,27.00,0.01,0.02
3024191,27.00,-0.01,-0.20,28.00,3.25,-0.06,27.00,0.01,-0.04
3024251,27.00,-0.17,-0.22,28.00,2.32,0.54,27.00,0.01,-0.05
3024311,27.00,0.11,-0.25,28.00,1.60,0.41,27.00,-0.02,-0.03
3024371,27.00,-0.04,-0.36,28.00,1.27,0.25,27.00,0.04,-0.04
3024431,27.00,-0.02,-0.17,28.00,0.78,0.44,27.00,-0.05,-0.12
3024492,27.00,-0.01,-0.27,28.00,0.20,-0.13,27.00,-0.05,0.05
3024552,27.00,0.12,-0.09,28.00,-0.53,-0.40,27.00,-0.02,-0.09
3024612,27.00,0.04,-0.12,28.00,-0.92,-0.22,27.00,-0.01,-0.07
3024672,27.00,0.01,-0.22,28.00,-1.37,-0.30,27.00,0.05,-0.07
3024732,27.00,0.11,-0.10,28.00,-2.00,-0.07,27.00,0.02,-0.00
3024792,27.00,0.12,-0.22,28.00,-2.72,0.05,27.00,-0.02,-0.01
3024852,27.00,-0.11,-0.23,28.00,-2.82,-0.33,27.00,-0.05,-0.00
3024913,27.00,-0.05,-0.09,28.00,-3.30,0.03,27.00,-0.02,-0.08
3024973,27.00,-0.05,-0.26,28.00,-3.47,-0.49,27.00,0.01,0.00
3025033,27.00,0.07,-0.17,28.00,-3.82,-0.64,27.00,-0.07,-0.06
3025093,27.00,0.05,-0.21,28.00,-3.67,-0.32,27.00,0.02,-0.05
3025153,27.00,-0.04,-0.22,28.00,-3.83,-0.46,27.00,0.02,-0.01
3025213,27.00,0.05,-0.18,28.00,-3.54,-0.48,27.00,0.02,-0.13
3025273,27.00,-0.11,-0.27,28.00,-3.71,-0.14,27.00,-0.02,-0.06
3025333,27.00,-0.11,-0.29,28.00,-3.44,0.00,27.00,-0.04,-0.03
3025394,27.00,-0.07,-0.09,28.00,-3.10,-0.10,27.00,0.02,-0.07
3025454,27.00,-0.14,-0.32,28.00,-2.57,-0.72,27.00,-0.05,-0.08
3025514,27.00,0.11,-0.21,28.00,-2.21,-0.78,27.00,-0.07,-0.07
3025574,27.00,-0.04,-0.10,28.00,-1.74,-0.69,27.00,-0.01,-0.02
3025634,27.00,-0.01,-0.29,28.00,-1.11,-0.88,27.00,0.02,-0.02
3025694,27.00,0.02,-0.20,28.00,-0.49,-0.71,27.00,0.07,-0.07
3025754,27.00,-0.05,-0.24,28.00,-0.01,-0.64,27.00,-0.07,-0.04
3025815,27.00,-0.01,0.00,28.00,0.56,-0.29,27.00,-0.02,-0.04
3025875,27.00,-0.01,-0.23,28.00,1.06,0.01,27.00,-0.02,-0.11
3025935,27.00,0.15,-0.15,28.00,1.62,-0.40,27.00,-0.04,0.08
3025995,27.00,0.14,0.00,28.00,2.16,0.33,27.00,0.01,0.09
3026055,27.00,-0.10,-0.27,28.00,2.76,0.14,27.00,-0.02,-0.00
3026115,27.00,-0.12,-0.42,28.00,3.14,-1.18,27.00,0.01,-0.03
3026175,27.00,-0.01,-0.36,28.00,3.44,-0.16,27.00,-0.04,-0.05
3026235,27.00,0.01,-0.24,28.00,3.66,0.00,27.00,-0.01,-0.04
3026296,27.00,-0.23,-0.26,28.00,3.93,-0.55,27.00,-0.04,-0.02
3026356,27.00,-0.05,-0.19,28.00,4.07,-0.27,27.00,0.04,-0.04
3026416,27.00,0.11,-0.14,28.00,3.90,-0.15,27.00,-0.08,-0.03
3026476,27.00,-0.11,-0.18,28.00,3.63,0.18,27.00,-0.01,-0.01
3026536,27.00,0.14,-0.07,28.00,3.73,-0.12,27.00,-0.02,-0.03
3026596,27.00,0.08,-0.23,28.00,3.22,0.24,27.00,0.04,-0.00
3026656,27.00,0.01,-0.09,28.00,3.14,0.02,27.00,-0.04,-0.04
3026717,27.00,-0.02,-0.16,28.00,2.64,0.00,27.00,-0.01,-0.03
3026777,27.00,0.05,-0.23,28.00,2.06,0.49,27.00,0.04,-0.09
3026837,27.00,-0.01,-0.34,28.00,1.66,0.24,27.00,-0.01,-0.05
3026897,27.00,0.05,-0.17,28.00,1.03,-0.08,27.00,-0.02,-0.05
3026957,27.00,-0.14,-0.29,28.00,0.43,0.06,27.00,0.01,0.02
3027017,27.00,0.07,-0.16,28.00,0.04,0.05,27.00,-0.02,0.03
3027077,27.00,0.12,-0.23,28.00,-0.70,-0.05,27.00,0.01,-0.07
3027138,27.00,0.12,-0.13,28.00,-1.02,-0.67,27.00,0.01,-0.04
3027198,27.00,0.11,-0.13,28.00,-1.58,-0.29,27.00,-0.02,-0.04
3027258,27.00,0.05,-0.12,28.00,-2.31,0.14,27.00,-0.04,-0.09
3027318,27.00,-0.04,-0.26,28.00,-2.62,-0.21,27.00,-0.07,-0.00
3027378,27.00,-0.07,-0.16,28.00,-3.07,-0.65,27.00,0.07,-0.09
3027438,27.00,-0.07,-0.25,28.00,-3.55,-0.53,27.00,-0.02,0.01
3027498,27.00,-0.01,-0.10,28.00,-3.63,-0.02,27.00,-0.01,-0.03
3027558,27.00,-0.11,-0.44,28.00,-3.71,-0.16,27.00,0.01,-0.00
3027619,27.00,-0.05,-0.16,28.00,-3.89,-0.68,27.00,0.02,-0.05
3027679,27.00,-0.11,-0.23,28.00,-3.68,-0.36,27.00,-0.04,-0.05
3027739,27.00,0.10,-0.28,28.00,-3.98,0.02,27.00,-0.08,-0.01
3027799,27.00,-0.08,-0.31,28.00,-3.63,-0.64,27.00,-0.11,-0.11
3027859,27.00,0.05,-0.21,28.00,-3.54,-0.42,27.00,-0.02,-0.05
3027919,27.00,-0.02,-0.11,28.00,-2.91,-0.28,27.00,-0.08,0.01
3027979,27.00,0.10,-0.15,28.00,-2.38,-0.31,27.00,-0.04,-0.07
3028040,27.00,-0.02,-0.28,28.00,-2.13,-0.44,27.00,0.01,-0.05
3028100,27.00,0.12,-0.15,28.00,-1.46,-0.48,27.00,0.01,-0.07
3028160,27.00,-0.15,-0.22,28.00,-0.83,-1.19,27.00,-0.04,-0.00
3028220,27.00,0.05,-0.15,28.00,-0.26,-0.74,27.00,-0.04,-0.06
3028280,27.00,0.12,-0.15,28.00,0.20,-0.54,27.00,-0.04,-0.00
3028340,27.00,0.07,-0.20,28.00,0.70,-0.31,27.00,0.05,-0.03
3028400,27.00,0.02,-0.23,28.00,1.18,-0.26,27.00,0.01,-0.00
3028460,27.00,-0.07,-0.10,28.00,1.65,-0.05,27.00,0.01,-0.04
3028521,27.00,0.08,-0.12,28.00,2.56,-0.19,27.00,-0.01,-0.05
3028581,27.00,0.01,-0.29,28.00,2.66,0.03,27.00,0.01,0.05
3028641,27.00,-0.07,-0.34,28.00,3.17,-0.35,27.00,-0.01,0.02
3028701,27.00,-0.04,-0.26,28.00,3.60,-0.53,27.00,0.04,0.00
3028761,27.00,-0.07,-0.30,28.00,3.49,0.23,27.00,-0.02,-0.01
3028821,27.00,-0.10,-0.07,28.00,3.76,0.21,27.00,-0.02,-0.02
3028881,27.00,0.04,-0.25,28.00,3.80,-0.11,27.00,-0.04,-0.01
3028942,27.00,0.08,-0.02,28.00,3.67,-0.32,27.00,-0.08,-0.11
3029002,27.00,0.14,-0.19,28.00,4.01,-0.62,27.00,-0.10,-0.03
3029062,27.00,-0.10,-0.18,28.00,3.71,-0.47,27.00,0.04,0.01
3029122,27.00,0.05,-0.19,28.00,3.44,-0.04,27.00,0.04,-0.04
3029182,27.00,0.07,-0.18,28.00,2.48,0.30,27.00,0.05,-0.04
3029242,27.00,0.02,-0.24,28.00,2.28,-0.51,27.00,0.05,-0.07
3029302,27.00,-0.04,-0.33,28.00,2.12,-0.87,27.00,-0.02,-0.07
3029362,27.00,0.05,-0.30,28.00,1.71,-0.45,27.00,0.02,-0.04
3029423,27.00,0.08,-0.04,28.00,0.81,-0.55,27.00,-0.02,-0.00
3029483,27.00,0.05,-0.32,28.00,0.37,-0.09,27.00,0.04,-0.04
3029543,27.00,-0.08,-0.22,28.00,-0.24,-0.28,27.00,-0.02,0.00
3029603,27.00,-0.17,-0.21,28.00,-1.03,-0.34,27.00,-0.05,-0.03
3029663,27.00,0.02,-0.23,28.00,-1.60,-0.29,27.00,0.01,-0.06
3029723,27.00,-0.07,-0.20,28.00,-2.09,-0.38,27.00,0.04,-0.03
3029783,27.00,-0.01,-0.20,28.00,-2.41,-0.22,27.00,-0.04,-0.07
3029844,27.00,0.02,-0.15,28.00,-3.29,0.04,27.00,-0.02,-0.05
3029904,27.00,-0.05,-0.19,28.00,-3.30,-0.14,27.00,-0.05,-0.04
3029964,27.00,-0.07,-0.21,28.00,-3.68,-0.19,27.00,0.01,0.04
3030024,27.00,-0.04,-0.44,28.00,-3.61,-0.12,27.00,-0.04,0.00
3030084,27.00,-0.01,-0.18,28.00,-3.71,-0.18,27.00,0.01,-0.07
3030144,27.00,0.01,-0.22,28.00,-3.88,-0.25,27.00,-0.02,-0.01
3030204,27.00,-0.07,-0.27,28.00,-3.98,-0.24,27.00,0.02,0.02
3030264,27.00,0.20,-0.01,28.00,-3.92,-0.56,27.00,0.04,-0.06
3030325,27.00,-0.17,-0.10,28.00,-3.60,-0.51,27.00,-0.04,-0.08
3030385,27.00,-0.12,-0.15,28.00,-3.08,-0.75,27.00,-0.04,-0.06
3030445,27.00,-0.01,-0.22,28.00,-2.88,-0.50,27.00,-0.02,-0.06
3030505,27.00,0.01,-0.03,28.00,-2.21,-0.59,27.00,-0.02,-0.10
3030565,27.00,0.04,-0.17,28.00,-1.84,-0.30,27.00,0.02,-0.01
3030625,27.00,0.01,-0.14,28.00,-1.28,-0.10,27.00,-0.07,-0.07
3030685,27.00,0.10,-0.08,28.00,-0.68,-0.65,27.00,-0.02,0.07
3030746,27.00,0.04,-0.27,28.00,-0.02,-0.61,27.00,-0.02,0.08
3030806,27.00,0.01,-0.40,28.00,0.34,-0.22,27.00,-0.02,-0.01
3030866,27.00,0.04,-0.13,28.00,0.99,-0.08,27.00,0.01,0.03
3030926,27.00,-0.14,-0.15,28.00,1.55,-0.07,27.00,-0.05,-0.02
3030986,27.00,-0.08,-0.32,28.00,1.87,-0.36,27.00,-0.02,0.00
3031046,27.00,-0.07,-0.21,28.00,2.67,-0.18,27.00,0.02,0.04
3031106,27.00,0.08,-0.22,28.00,2.97,0.55,27.00,0.02,-0.12
3031166,27.00,-0.21,-0.08,28.00,3.17,0.38,27.00,0.01,0.02
3031227,27.00,0.01,-0.29,28.00,3.57,0.30,27.00,0.01,-0.04
3031287,27.00,0.01,-0.17,28.00,3.54,0.07,27.00,-0.05,-0.07
3031347,27.00,0.02,-0.20,28.00,3.92,-0.15,27.00,-0.01,-0.04
3031407,27.00,-0.17,-0.29,28.00,3.67,0.01,27.00,-0.08,-0.06
3031467,27.00,-0.02,-0.30,28.00,3.90,0.03,27.00,0.01,0.05
3031527,27.00,-0.05,-0.27,28.00,3.51,0.36,27.00,-0.05,-0.07
3031587,27.00,-0.18,-0.21,28.00,3.22,-0.01,27.00,0.01,-0.07
3031648,27.00,0.04,-0.29,28.00,3.10,-0.01,27.00,-0.05,-0.01
3031708,27.00,-0.11,-0.41,28.00,2.28,0.36,27.00,0.01,-0.00
3031768,27.00,0.18,-0.08,28.00,2.12,-0.16,27.00,0.04,-0.12
3031828,27.00,-0.08,-0.12,28.00,1.71,-0.20,27.00,-0.05,0.04
3031888,27.00,0.02,-0.24,28.00,1.44,-0.40,27.00,-0.04,-0.02
3031948,27.00,-0.11,-0.05,28.00,0.45,-0.06,27.00,0.01,0.02
3032008,27.00,-0.11,-0.04,28.00,-0.05,-0.03,27.00,-0.01,-0.08
3032069,27.00,-0.05,-0.14,28.00,-0.59,-0.25,27.00,-0.01,-0.07
3032129,27.00,0.10,-0.09,28.00,-1.09,-0.00,27.00,-0.04,-0.02
3032189,27.00,-0.04,-0.25,28.00,-1.71,-0.04,27.00,-0.04,-0.04
3032249,27.00,0.01,-0.19,28.00,-2.03,-0.65,27.00,0.02,-0.01
3032309,27.00,-0.05,-0.14,28.00,-2.79,-0.05,27.00,-0.01,-0.12
3032369,27.00,0.14,-0.01,28.00,-3.38,-0.03,27.00,-0.01,-0.02
3032429,27.00,0.04,-0.18,28.00,-3.30,-0.24,27.00,0.01,0.01
3032489,27.00,0.07,-0.13,28.00,-3.90,0.00,27.00,0.01,-0.02
3032550,27.00,0.07,-0.13,28.00,-3.57,-0.32,27.00,0.05,0.01
3032610,27.00,0.14,-0.25,28.00,-3.74,-0.09,27.00,0.04,-0.08
3032670,27.00,-0.10,-0.27,28.00,-3.74,-0.37,27.00,0.04,-0.03
3032730,27.00,-0.07,-0.07,28.00,-3.82,-0.14,27.00,0.01,-0.01
3032790,27.00,0.24,-0.29,28.00,-3.80,-0.47,27.00,-0.07,0.02
3032850,27.00,-0.01,-0.13,28.00,-3.54,-0.29,27.00,0.02,-0.02
3032910,27.00,0.14,-0.15,28.00,-3.16,-0.29,27.00,0.01,0.01
3032971,27.00,-0.02,-0.15,28.00,-2.48,-0.42,27.00,0.01,0.00
3033031,27.00,0.08,-0.26,28.00,-1.99,-0.87,27.00,-0.02,-0.06
3033091,27.00,-0.08,-0.11,28.00,-1.60,-0.27,27.00,-0.02,-0.06
3033151,27.00,0.10,-0.29,28.00,-0.92,-0.48,27.00,0.04,-0.02
3033211,27.00,-0.12,-0.34,28.00,-0.55,-0.63,27.00,0.07,-0.01
3033271,27.00,-0.01,-0.27,28.00,0.01,-0.27,27.00,0.01,-0.04
3033331,27.00,0.04,-0.24,28.00,0.77,0.06,27.00,-0.02,-0.06
3033391,27.00,-0.14,-0.23,28.00,1.25,-0.08,27.00,0.01,-0.03
3033452,27.00,0.02,-0.14,28.00,1.78,-0.71,27.00,-0.02,-0.09
3033512,27.00,0.29,-0.00,28.00,2.21,-0.10,27.00,0.02,-0.05
3033572,27.00,-0.05,-0.12,28.00,2.64,-0.20,27.00,0.02,0.00
3033632,27.00,-0.02,-0.15,28.00,3.08,-0.11,27.00,0.02,-0.01
3033692,27.00,-0.04,-0.03,28.00,3.29,0.07,27.00,0.04,-0.01
3033752,27.00,0.05,-0.22,28.00,3.71,0.02,27.00,-0.07,-0.10
3033812,27.00,-0.05,-0.25,28.00,4.02,0.15,27.00,0.05,-0.07
3033873,27.00,0.08,-0.19,28.00,3.70,0.18,27.00,0.01,-0.03
3033933,27.00,0.05,-0.36,28.00,3.89,-0.29,27.00,-0.04,0.02
3033993,27.00,-0.04,-0.21,28.00,3.60,0.22,27.00,0.05,-0.03
3034053,27.00,-0.10,-0.20,28.00,3.36,0.45,27.00,0.05,-0.05
3034113,27.00,0.02,-0.17,28.00,3.25,-0.05,27.00,0.01,-0.03
3034173,27.00,-0.10,-0.12,28.00,3.00,0.41,27.00,-0.01,-0.05
3034233,27.00,0.11,-0.28,28.00,2.47,0.23,27.00,0.04,-0.15
3034293,27.00,-0.08,-0.23,28.00,2.13,0.00,27.00,0.04,0.00
3034354,27.00,0.02,-0.08,28.00,1.46,0.03,27.00,0.08,-0.04
3034414,27.00,-0.08,-0.25,28.00,0.67,0.55,27.00,0.01,0.08
3034474,27.00,0.02,-0.27,28.00,0.26,0.14,27.00,-0.05,-0.03
3034534,27.00,0.02,-0.15,28.00,-0.17,0.07,27.00,0.05,0.07
3034594,27.00,-0.11,-0.18,28.00,-0.81,-0.28,27.00,0.04,0.03
3034654,27.00,-0.07,-0.24,28.00,-1.31,0.08,27.00,-0.02,-0.05
3034714,27.00,0.11,-0.20,28.00,-1.96,0.00,27.00,0.07,-0.02
3034775,27.00,-0.01,-0.22,28.00,-2.25,-0.19,27.00,-0.02,0.02
3034835,27.00,-0.07,-0.29,28.00,-2.91,0.17,27.00,0.01,0.00
3034895,27.00,-0.11,-0.25,28.00,-3.16,0.29,27.00,-0.08,-0.07
3034955,27.00,-0.04,-0.21,28.00,-3.54,-0.04,27.00,0.02,-0.10
3035015,27.00,0.04,-0.07,28.00,-3.73,-0.66,27.00,0.01,-0.01
3035075,27.00,0.14,-0.20,28.00,-3.68,-0.31,27.00,-0.04,-0.01
3035135,27.00,-0.12,-0.28,28.00,-3.83,-0.32,27.00,-0.05,-0.04
3035195,27.00,0.14,-0.20,28.00,-3.57,-0.05,27.00,0.02,-0.01
3035256,27.00,0.08,-0.29,28.00,-3.82,-0.17,27.00,0.05,0.01
3035316,27.00,0.14,0.08,28.00,-3.61,-0.03,27.00,0.04,-0.01
3035376,27.00,0.05,-0.10,28.00,-3.29,-0.43,27.00,-0.02,-0.02
3035436,27.00,-0.05,-0.23,28.00,-2.56,-0.43,27.00,-0.01,-0.07
3035496,27.00,-0.04,-0.24,28.00,-2.42,-0.18,27.00,-0.01,0.03
3035556,27.00,0.04,-0.14,28.00,-1.68,-0.51,27.00,-0.01,-0.02
3035616,27.00,0.12,-0.30,28.00,-1.41,-0.73,27.00,-0.02,0.02
3035677,27.00,-0.08,0.13,28.00,-0.84,-0.45,27.00,-0.05,-0.02
3035737,27.00,0.14,-0.20,28.00,-0.23,-0.84,27.00,-0.02,-0.01
3035797,27.00,0.07,-0.18,28.00,0.37,-0.29,27.00,-0.02,0.01
3035857,27.00,0.02,-0.22,28.00,0.81,-0.32,27.00,0.01,0.04
3035917,27.00,-0.01,-0.10,28.00,1.34,-0.21,27.00,0.08,0.02
3035977,27.00,0.01,-0.34,28.00,2.04,-0.24,27.00,-0.02,0.00
3036037,27.00,0.07,-0.05,28.00,2.56,0.01,27.00,-0.01,-0.07
3036097,27.00,-0.05,-0.21,28.00,3.04,-0.18,27.00,0.02,-0.01
3036158,27.00,0.05,-0.27,28.00,3.45,-0.50,27.00,-0.02,0.03
3036218,27.00,0.07,-0.14,28.00,3.67,-0.21,27.00,-0.01,-0.05
3036278,27.00,0.05,-0.12,28.00,3.33,-0.63,27.00,-0.07,-0.06
3036338,27.00,-0.18,-0.24,28.00,3.67,-0.34,27.00,-0.04,-0.02
3036398,27.00,0.04,-0.24,28.00,3.95,-0.59,27.00,-0.01,-0.05
3036458,27.00,0.05,-0.05,28.00,3.83,0.02,27.00,0.04,0.00
3036518,27.00,0.07,-0.12,28.00,3.77,-0.36,27.00,-0.04,0.02
3036579,27.00,0.11,-0.14,28.00,3.32,0.04,27.00,-0.04,-0.04
3036639,27.00,-0.02,-0.12,28.00,3.22,0.15,27.00,-0.02,-0.05
3036699,27.00,-0.01,-0.38,28.00,2.54,-0.09,27.00,0.05,-0.03
3036759,27.00,0.07,-0.25,28.00,2.19,0.21,27.00,-0.05,0.01
3036819,27.00,-0.07,-0.17,28.00,1.85,0.07,27.00,0.05,-0.00
3036879,27.00,-0.11,-0.23,28.00,1.19,-0.15,27.00,-0.04,-0.09
3036939,27.00,-0.01,-0.14,28.00,0.59,0.15,27.00,-0.07,-0.09
3037000,27.00,-0.11,-0.15,28.00,0.10,0.07,27.00,-0.08,-0.08
3037060,27.00,0.02,-0.14,28.00,-0.49,-0.19,27.00,0.05,-0.04
3037120,27.00,-0.10,-0.12,28.00,-1.00,-0.49,27.00,0.02,-0.02
3037180,27.00,-0.07,-0.19,28.00,-1.66,-0.16,27.00,0.04,-0.06
3037240,27.00,0.07,-0.11,28.00,-2.16,-0.21,27.00,-0.02,0.04
3037300,27.00,-0.08,-0.19,28.00,-2.62,-0.14,27.00,0.04,-0.00
3037360,27.00,0.11,-0.15,28.00,-3.13,-0.42,27.00,0.02,-0.14
3037420,27.00,0.04,-0.24,28.00,-3.27,-0.23,27.00,0.02,-0.07
3037481,27.00,-0.14,-0.12,28.00,-3.44,-0.24,27.00,-0.01,-0.03
3037541,27.00,-0.07,-0.20,28.00,-3.70,-0.56,27.00,-0.04,0.01
3037601,27.00,0.04,-0.19,28.00,-3.89,-0.22,27.00,-0.01,-0.02
3037661,27.00,0.12,-0.21,28.00,-3.83,-0.37,27.00,-0.02,-0.05
3037721,27.00,0.05,-0.22,28.00,-3.93,-0.26,27.00,-0.05,-0.01
3037781,27.00,-0.02,-0.13,28.00,-3.70,-0.36,27.00,0.08,-0.05
3037841,27.00,0.02,-0.17,28.00,-3.52,-0.45,27.00,0.08,-0.05
3037902,27.00,-0.04,-0.24,28.00,-2.97,-0.80,27.00,-0.01,-0.03
3037962,27.00,-0.04,-0.13,28.00,-2.63,-0.50,27.00,0.04,0.03
3038022,27.00,-0.05,-0.17,28.00,-2.10,-0.19,27.00,0.01,-0.05
3038082,27.00,-0.11,-0.22,28.00,-1.63,-0.70,27.00,0.02,-0.06
3038142,27.00,-0.04,-0.40,28.00,-1.21,-0.50,27.00,0.05,-0.00
3038202,27.00,0.07,-0.15,28.00,-0.51,-0.66,27.00,0.04,0.04
3038262,27.00,-0.24,-0.31,28.00,0.14,-0.62,27.00,0.02,0.02
3038322,27.00,0.04,-0.36,28.00,0.51,-0.29,27.00,-0.01,-0.02
3038383,27.00,0.05,-0.07,28.00,1.03,-0.07,27.00,0.04,-0.00
3038443,27.00,-0.04,-0.26,28.00,1.63,-0.23,27.00,0.01,-0.05
3038503,27.00,0.02,-0.22,28.00,2.19,-0.32,27.00,0.07,-0.05
3038563,27.00,-0.08,-0.36,28.00,2.60,-0.17,27.00,-0.02,-0.06
3038623,27.00,0.12,-0.02,28.00,3.05,0.15,27.00,-0.01,-0.01
3038683,27.00,0.20,-0.22,28.00,3.42,-0.21,27.00,-0.05,-0.01
3038743,27.00,-0.04,-0.22,28.00,3.45,0.18,27.00,0.01,0.02
3038804,27.00,0.12,-0.23,28.00,3.80,0.19,27.00,0.02,-0.05
3038864,27.00,0.05,-0.07,28.00,3.79,-0.31,27.00,0.05,-0.01
3038924,27.00,-0.04,-0.17,28.00,3.86,0.36,27.00,0.02,-0.11
3038984,27.00,0.23,-0.09,28.00,3.51,-0.24,27.00,0.05,0.00
3039044,27.00,0.08,-0.12,28.00,3.54,-0.36,27.00,-0.02,-0.05
3039104,27.00,0.02,-0.15,28.00,3.45,-0.70,27.00,-0.02,-0.02
3039164,27.00,-0.14,-0.34,28.00,3.04,-0.45,27.00,-0.01,0.06
3039224,27.00,0.04,-0.10,28.00,2.40,0.18,27.00,-0.02,0.07
3039285,27.00,0.20,-0.18,28.00,2.13,-0.27,27.00,-0.02,-0.06
3039345,27.00,-0.08,-0.26,28.00,1.43,0.14,27.00,-0.01,-0.06
3039405,27.00,-0.23,-0.02,28.00,0.95,0.12,27.00,-0.01,-0.05
3039465,27.00,-0.11,-0.23,28.00,0.53,-0.28,27.00,0.04,-0.06
3039525,27.00,0.02,-0.17,28.00,-0.26,-0.02,27.00,-0.07,0.02
3039585,27.00,0.04,-0.15,28.00,-0.75,-0.29,27.00,-0.01,-0.10
3039645,27.00,-0.10,-0.29,28.00,-1.46,-0.44,27.00,-0.08,-0.08
3039706,27.00,0.01,-0.14,28.00,-1.96,0.17,27.00,-0.04,-0.07
3039766,27.00,0.07,-0.11,28.00,-2.23,0.25,27.00,-0.05,-0.08
3039826,27.00,-0.12,-0.15,28.00,-2.76,-0.36,27.00,-0.04,-0.13
3039886,27.00,-0.08,-0.23,28.00,-3.03,0.02,27.00,-0.02,0.01
3039946,27.00,0.15,-0.17,28.00,-3.48,-0.07,27.00,-0.04,-0.03
3040006,27.00,-0.01,-0.13,28.00,-3.79,0.05,27.00,-0.01,-0.11
3040066,27.00,0.04,-0.14,28.00,-3.57,-0.31,27.00,-0.04,-0.04
3040126,27.00,0.04,-0.17,28.00,-4.05,-0.22,27.00,-0.02,0.02
3040187,27.00,0.01,-0.28,28.00,-3.79,-0.45,27.00,-0.08,-0.02
3040247,27.00,0.11,-0.15,28.00,-3.83,-0.52,27.00,-0.01,-0.04
3040307,27.00,-0.02,-0.12,28.00,-3.41,-0.65,27.00,-0.02,0.07
3040367,27.00,0.02,-0.18,28.00,-3.35,-0.02,27.00,-0.02,0.00
3040427,27.00,0.04,-0.08,28.00,-2.98,-0.52,27.00,-0.04,0.00
3040487,27.00,0.01,-0.11,28.00,-2.40,-0.93,27.00,-0.05,-0.11
3040547,27.00,0.04,0.10,28.00,-1.81,-0.15,27.00,-0.02,-0.02
3040608,27.00,-0.10,-0.25,28.00,-1.53,-0.27,27.00,0.01,-0.07
3040668,27.00,-0.15,-0.26,28.00,-1.02,-0.47,27.00,0.02,0.04
3040728,27.00,0.04,-0.22,28.00,-0.30,-0.61,27.00,0.07,-0.06
3040788,27.00,-0.01,-0.17,28.00,0.26,-0.31,27.00,0.02,0.00
3040848,27.00,0.01,-0.30,28.00,0.68,-0.36,27.00,0.02,-0.00
3040908,27.00,-0.01,-0.12,28.00,1.30,-0.22,27.00,-0.02,0.07
3040968,27.00,0.01,-0.26,28.00,1.55,-0.04,27.00,-0.02,-0.02
3041028,27.00,0.10,-0.21,28.00,2.32,-0.23,27.00,-0.02,-0.06
3041089,27.00,-0.07,-0.07,28.00,2.91,0.18,27.00,0.04,0.00
3041149,27.00,0.02,-0.30,28.00,3.16,0.09,27.00,-0.02,-0.07
3041209,27.00,0.07,-0.25,28.00,3.52,-0.17,27.00,0.04,0.05
3041269,27.00,-0.14,-0.11,28.00,3.51,0.27,27.00,0.02,-0.11
3041329,27.00,0.05,-0.03,28.00,3.85,-0.19,27.00,-0.02,-0.07
3041389,27.00,-0.11,-0.48,28.00,3.68,-0.00,27.00,-0.01,-0.03
3041449,27.00,-0.04,-0.17,28.00,3.86,-0.42,27.00,-0.01,-0.03
3041510,27.00,-0.21,-0.29,28.00,3.61,0.20,27.00,-0.08,-0.11
3041570,27.00,0.02,-0.22,28.00,3.45,-0.09,27.00,0.01,-0.08
3041630,27.00,0.07,-0.13,28.00,3.16,0.07,27.00,0.01,-0.09
3041690,27.00,0.01,-0.29,28.00,2.47,-0.19,27.00,0.01,-0.11
3041750,27.00,-0.14,-0.13,28.00,2.50,-0.09,27.00,-0.05,-0.13
3041810,27.00,-0.01,-0.24,28.00,1.88,0.02,27.00,-0.07,0.01
3041870,27.00,0.10,-0.19,28.00,1.43,0.02,27.00,0.02,-0.03
3041930,27.00,-0.08,0.01,28.00,0.62,0.48,27.00,0.04,-0.07
3041991,27.00,0.01,-0.08,28.00,0.14,0.07,27.00,0.02,-0.08
3042051,27.00,0.05,-0.22,28.00,-0.62,-0.07,27.00,0.04,-0.03
3042111,27.00,-0.05,-0.15,28.00,-0.96,0.31,27.00,0.07,-0.13
3042171,27.00,0.04,-0.16,28.00,-1.40,-0.27,27.00,0.04,-0.06
3042231,27.00,-0.01,-0.19,28.00,-1.97,-0.22,27.00,-0.04,-0.01
3042291,27.00,0.05,-0.26,28.00,-2.51,-0.01,27.00,0.04,-0.05
3042351,27.00,0.12,-0.11,28.00,-2.92,-0.06,27.00,0.04,-0.06
3042412,27.00,0.12,-0.12,28.00,-3.51,0.19,27.00,-0.02,-0.07
3042472,27.00,0.04,-0.25,28.00,-3.61,0.15,27.00,0.01,0.01
3042532,27.00,-0.04,-0.00,28.00,-3.86,-0.40,27.00,-0.04,-0.11
3042592,27.00,0.15,-0.24,28.00,-3.85,-0.30,27.00,0.01,-0.00
3042652,27.00,-0.01,-0.23,28.00,-3.57,-0.80,27.00,0.01,-0.04
3042712,27.00,0.08,-0.19,28.00,-3.61,0.01,27.00,0.01,0.00
3042772,27.00,-0.05,-0.22,28.00,-3.64,-0.22,27.00,-0.02,-0.06
3042832,27.00,-0.10,-0.23,28.00,-3.42,0.07,27.00,0.01,-0.01
3042893,27.00,-0.01,-0.14,28.00,-3.23,-0.27,27.00,-0.05,-0.03
3042953,27.00,-0.14,-0.25,28.00,-2.78,-0.13,27.00,0.01,-0.01
3043013,27.00,-0.04,-0.29,28.00,-2.10,-0.51,27.00,0.01,0.03
3043073,27.00,-0.23,-0.22,28.00,-1.34,-0.53,27.00,0.01,0.04
3043133,27.00,0.21,-0.22,28.00,-1.18,-0.78,27.00,-0.07,-0.01
3043193,27.00,0.11,-0.12,28.00,-0.58,-0.63,27.00,-0.04,0.00
3043253,27.00,-0.07,-0.44,28.00,-0.20,-0.48,27.00,-0.05,0.00
3043314,27.00,-0.07,-0.37,28.00,0.58,-0.29,27.00,0.01,-0.05
3043374,27.00,-0.07,-0.25,28.00,1.03,-0.10,27.00,-0.01,-0.00
3043434,27.00,-0.12,-0.21,28.00,1.77,-0.16,27.00,0.02,-0.02
3043494,27.00,0.01,-0.08,28.00,2.21,0.16,27.00,0.02,-0.07
3043554,27.00,0.10,-0.22,28.00,2.63,0.04,27.00,-0.01,0.01
3043614,27.00,0.12,0.03,28.00,3.22,-0.36,27.00,-0.01,0.01
3043674,27.00,0.08,-0.28,28.00,3.23,0.25,27.00,-0.05,-0.09
3043734,27.00,-0.11,-0.28,28.00,3.85,-0.13,27.00,-0.04,-0.03
3043795,27.00,0.01,-0.21,28.00,3.76,-0.41,27.00,0.02,-0.12
3043855,27.00,0.02,-0.26,28.00,4.02,-0.11,27.00,0.01,-0.05
3043915,27.00,-0.17,-0.22,28.00,3.89,-0.32,27.00,0.01,0.01
3043975,27.00,0.02,-0.10,28.00,3.82,0.56,27.00,0.02,0.00
3044035,27.00,0.05,-0.08,28.00,3.79,0.09,27.00,0.01,-0.02
3044095,27.00,0.04,-0.21,28.00,3.44,0.06,27.00,-0.05,-0.07
3044155,27.00,0.14,-0.24,28.00,2.88,0.01,27.00,0.08,0.01
3044216,27.00,-0.02,-0.28,28.00,2.70,-0.33,27.00,-0.08,-0.05
3044276,27.00,0.07,-0.19,28.00,2.07,0.38,27.00,-0.01,-0.05
3044336,27.00,-0.05,-0.16,28.00,1.71,0.10,27.00,0.01,-0.05
3044396,27.00,0.10,-0.17,28.00,0.99,0.33,27.00,0.08,-0.03
3044456,27.00,0.02,-0.18,28.00,0.49,0.25,27.00,-0.02,-0.01
3044516,27.00,-0.08,-0.11,28.00,-0.15,0.00,27.00,-0.02,-0.04
3044576,27.00,-0.05,-0.13,28.00,-0.71,0.31,27.00,-0.01,0.02
3044637,27.00,-0.01,-0.32,28.00,-1.09,-0.26,27.00,-0.04,-0.02
3044697,27.00,0.07,-0.14,28.00,-1.75,0.03,27.00,-0.02,-0.00
3044757,27.00,-0.04,-0.21,28.00,-2.09,-0.33,27.00,0.02,0.02
3044817,27.00,-0.08,-0.37,28.00,-2.67,-0.36,27.00,-0.01,-0.07
3044877,27.00,-0.02,-0.13,28.00,-2.97,-0.56,27.00,0.02,0.00
3044937,27.00,-0.02,-0.17,28.00,-3.38,-0.58,27.00,0.04,-0.11
3044997,27.00,-0.04,-0.22,28.00,-3.74,-1.05,27.00,-0.04,-0.03
3045057,27.00,-0.15,-0.08,28.00,-3.92,-0.60,27.00,0.01,-0.07
3045118,27.00,0.14,-0.07,28.00,-3.57,-0.29,27.00,-0.07,0.01
3045178,27.00,0.01,-0.24,28.00,-3.82,-0.62,27.00,-0.01,-0.06
3045238,27.00,0.20,0.05,28.00,-3.61,0.07,27.00,0.02,-0.07
3045298,27.00,0.11,-0.32,28.00,-3.25,-0.67,27.00,-0.01,-0.05
3045358,27.00,0.02,-0.06,28.00,-3.04,-0.75,27.00,0.02,0.04
3045418,27.00,0.15,-0.23,28.00,-2.84,-0.24,27.00,0.04,-0.01
3045478,27.00,-0.04,-0.15,28.00,-2.41,-0.44,27.00,-0.01,-0.01
3045539,27.00,0.07,-0.19,28.00,-2.12,-0.74,27.00,0.04,-0.06
3045599,27.00,0.02,-0.22,28.00,-1.71,-0.35,27.00,-0.02,-0.00
3045659,27.00,-0.21,-0.30,28.00,-0.92,-0.69,27.00,0.05,0.05
3045719,27.00,-0.07,-0.18,28.00,-0.27,-0.76,27.00,0.02,-0.01
3045779,27.00,-0.08,-0.30,28.00,0.23,-0.51,27.00,0.02,0.01
3045839,27.00,-0.04,-0.11,28.00,0.71,-0.38,27.00,0.02,-0.06
3045899,27.00,-0.12,-0.27,28.00,1.46,-0.50,27.00,-0.05,0.00
3045959,27.00,-0.07,0.01,28.00,1.81,-0.20,27.00,-0.02,-0.03
3046020,27.00,0.01,-0.10,28.00,2.63,-0.27,27.00,-0.02,0.02
3046080,27.00,0.08,-0.06,28.00,2.73,-0.10,27.00,-0.02,0.01
3046140,27.00,0.12,0.00,28.00,3.39,-0.36,27.00,-0.04,-0.07
3046200,27.00,0.04,-0.18,28.00,3.45,-0.21,27.00,-0.02,-0.02
3046260,27.00,-0.07,-0.23,28.00,3.61,0.11,27.00,-0.05,0.00
3046320,27.00,-0.07,0.15,28.00,3.73,-0.70,27.00,0.01,-0.04
3046380,27.00,0.07,-0.22,28.00,3.71,-0.00,27.00,-0.01,-0.06
3046441,27.00,-0.18,-0.29,28.00,4.01,0.09,27.00,-0.04,-0.02
3046501,27.00,-0.08,-0.27,28.00,3.98,0.42,27.00,-0.01,-0.06
3046561,27.00,-0.05,-0.27,28.00,3.68,0.12,27.00,0.02,-0.03
3046621,27.00,0.01,-0.15,28.00,3.29,0.05,27.00,-0.04,-0.06
3046681,27.00,0.10,-0.08,28.00,2.66,0.27,27.00,-0.05,-0.08
3046741,27.00,-0.01,-0.17,28.00,2.45,0.03,27.00,0.01,-0.08
3046801,27.00,-0.14,-0.20,28.00,1.94,0.15,27.00,0.05,0.04
3046861,27.00,-0.05,-0.22,28.00,1.47,0.12,27.00,-0.01,-0.04
3046922,27.00,-0.07,-0.18,28.00,0.87,-0.34,27.00,-0.05,0.01
3046982,27.00,-0.05,-0.23,28.00,0.21,-0.20,27.00,-0.02,-0.07
3047042,27.00,0.02,-0.13,28.00,-0.34,-0.25,27.00,-0.04,-0.08
3047102,27.00,-0.15,-0.16,28.00,-0.90,-0.36,27.00,-0.04,-0.03
3047162,27.00,0.08,-0.15,28.00,-1.85,-0.17,27.00,-0.02,-0.08
3047222,27.00,0.02,-0.06,28.00,-1.85,-0.54,27.00,-0.04,-0.03
3047282,27.00,-0.02,-0.15,28.00,-2.47,-0.15,27.00,0.02,-0.07
3047343,27.00,0.02,-0.17,28.00,-2.76,-0.51,27.00,-0.05,0.00
3047403,27.00,0.11,-0.14,28.00,-3.22,-0.49,27.00,-0.01,-0.03
3047463,27.00,-0.07,-0.17,28.00,-3.52,-0.53,27.00,-0.01,-0.07
3047523,27.00,0.05,-0.22,28.00,-3.70,-0.02,27.00,0.05,-0.01
3047583,27.00,-0.02,-0.26,28.00,-4.04,-0.22,27.00,-0.01,-0.07
3047643,27.00,0.10,0.03,28.00,-3.66,-0.48,27.00,-0.01,-0.05
3047703,27.00,-0.02,-0.27,28.00,-3.70,-0.42,27.00,0.02,-0.04
3047763,27.00,-0.01,-0.11,28.00,-3.39,-0.69,27.00,0.01,-0.05
3047824,27.00,-0.04,-0.42,28.00,-3.41,-0.44,27.00,0.04,0.05
3047884,27.00,-0.05,-0.25,28.00,-3.13,-0.31,27.00,-0.04,-0.02
3047944,27.00,0.04,-0.22,28.00,-2.75,-0.26,27.00,0.04,-0.08
3048004,27.00,-0.14,-0.20,28.00,-2.31,-0.52,27.00,0.01,-0.01
3048064,27.00,-0.02,-0.10,28.00,-2.00,-0.71,27.00,-0.01,-0.07
3048124,27.00,0.01,-0.22,28.00,-1.53,-0.72,27.00,-0.02,-0.02
3048184,27.00,0.18,-0.35,28.00,-0.78,-0.62,27.00,0.04,-0.01
3048245,27.00,-0.18,-0.19,28.00,-0.10,-0.59,27.00,0.02,-0.07
3048305,27.00,0.17,-0.12,28.00,0.40,-0.49,27.00,-0.07,0.00
3048365,27.00,0.02,0.05,28.00,1.11,0.27,27.00,-0.01,-0.07
3048425,27.00,-0.07,-0.37,28.00,1.40,0.06,27.00,0.04,-0.07
3048485,27.00,0.21,-0.20,28.00,2.01,-0.44,27.00,-0.07,-0.04
3048545,27.00,0.08,-0.29,28.00,2.56,-0.28,27.00,-0.05,-0.06
3048605,27.00,-0.10,-0.19,28.00,2.85,0.02,27.00,0.02,-0.08
3048665,27.00,0.10,-0.27,28.00,3.44,-0.37,27.00,-0.01,-0.10
3048726,27.00,0.02,-0.29,28.00,3.44,0.25,27.00,-0.02,-0.05
3048786,27.00,-0.04,-0.22,28.00,3.63,0.37,27.00,-0.02,0.04
3048846,27.00,-0.01,-0.15,28.00,3.92,-0.18,27.00,-0.01,-0.01
3048906,27.00,-0.07,-0.19,28.00,3.74,-0.27,27.00,-0.01,-0.10
3048966,27.00,-0.01,-0.19,28.00,3.90,-0.14,27.00,0.01,-0.01
3049026,27.00,-0.14,-0.15,28.00,3.52,0.33,27.00,-0.01,0.04
3049086,27.00,-0.01,-0.06,28.00,3.47,-0.00,27.00,0.04,0.05
3049147,27.00,-0.01,-0.11,28.00,3.03,0.29,27.00,-0.07,-0.07
3049207,27.00,-0.02,-0.13,28.00,2.54,0.07,27.00,-0.04,-0.05
3049267,27.00,-0.07,-0.30,28.00,2.16,-0.45,27.00,-0.04,0.09
3049327,27.00,-0.14,-0.08,28.00,1.79,-0.04,27.00,-0.01,-0.08
3049387,27.00,-0.04,-0.17,28.00,1.28,-0.17,27.00,-0.04,-0.07
3049447,27.00,0.02,-0.24,28.00,0.52,0.01,27.00,-0.01,0.00
3049507,27.00,-0.11,-0.27,28.00,0.02,-0.48,27.00,-0.10,0.00
3049568,27.00,0.15,0.02,28.00,-0.46,-0.51,27.00,-0.01,-0.01
3049628,27.00,0.05,-0.20,28.00,-1.21,0.07,27.00,-0.04,-0.04
3049688,27.00,0.10,-0.13,28.00,-1.68,0.08,27.00,0.01,-0.07
3049748,27.00,-0.10,-0.23,28.00,-2.06,-0.37,27.00,0.02,-0.05
3049808,27.00,-0.08,-0.14,28.00,-2.82,-0.02,27.00,0.04,-0.01
3049868,27.00,0.01,-0.20,28.00,-3.36,0.05,27.00,-0.05,-0.07
3049928,27.00,-0.02,-0.14,28.00,-3.19,-0.15,27.00,-0.08,-0.04
3049988,27.00,-0.01,-0.06,28.00,-3.51,-0.22,27.00,-0.02,-0.06
3050049,27.00,-0.01,-0.18,28.00,-3.73,-0.00,27.00,-0.02,-0.08
3050109,27.00,0.08,-0.12,28.00,-3.90,-0.05,27.00,0.01,-0.01
3050169,27.00,0.15,-0.22,28.00,-3.90,-0.17,27.00,-0.08,0.00
3050229,27.00,-0.10,-0.09,28.00,-3.76,-0.38,27.00,-0.05,-0.00
3050289,27.00,-0.12,-0.22,28.00,-3.49,-0.66,27.00,0.01,-0.06
3050349,27.00,0.05,-0.17,28.00,-3.60,-0.31,27.00,-0.02,-0.05
3050409,27.00,-0.11,-0.15,28.00,-2.84,-0.53,27.00,-0.04,0.00
3050470,27.00,0.02,-0.15,28.00,-2.76,0.00,27.00,0.01,-0.01
3050530,27.00,0.02,-0.21,28.00,-1.97,-0.64,27.00,0.05,-0.07
3050590,27.00,-0.17,-0.34,28.00,-1.60,0.11,27.00,-0.02,-0.00
3050650,27.00,0.18,-0.29,28.00,-0.89,-0.60,27.00,0.04,-0.06
3050710,27.00,0.12,-0.20,28.00,-0.45,-0.89,27.00,-0.08,-0.09
3050770,27.00,0.01,-0.19,28.00,0.02,-0.47,27.00,-0.08,-0.02
3050830,27.00,-0.08,-0.26,28.00,0.74,0.08,27.00,0.01,-0.04
3050890,27.00,0.12,-0.07,28.00,1.22,-0.31,27.00,-0.04,-0.06
3050951,27.00,-0.05,-0.19,28.00,1.81,-0.58,27.00,0.04,0.04
3051011,27.00,-0.01,-0.33,28.00,2.06,0.01,27.00,0.02,-0.01
3051071,27.00,0.05,-0.06,28.00,2.88,-0.68,27.00,-0.04,-0.00
3051131,27.00,0.01,-0.04,28.00,3.42,0.12,27.00,-0.01,-0.03
3051191,27.00,0.10,-0.21,28.00,3.19,0.10,27.00,0.01,-0.02
3051251,27.00,0.01,-0.09,28.00,3.57,-0.10,27.00,-0.02,0.07
3051311,27.00,0.07,-0.06,28.00,3.86,-0.02,27.00,-0.01,-0.08
3051372,27.00,-0.08,-0.18,28.00,4.14,0.34,27.00,-0.01,-0.02
3051432,27.00,-0.10,-0.24,28.00,3.85,0.04,27.00,-0.02,-0.03
3051492,27.00,-0.08,-0.22,28.00,4.01,0.30,27.00,-0.04,0.00
3051552,27.00,-0.11,-0.33,28.00,3.29,0.21,27.00,-0.02,0.00
3051612,27.00,0.10,-0.06,28.00,3.22,-0.10,27.00,-0.07,-0.02
3051672,27.00,0.07,-0.13,28.00,2.81,-0.32,27.00,-0.01,-0.00
3051732,27.00,-0.07,-0.08,28.00,2.31,-0.08,27.00,0.05,-0.03
3051792,27.00,-0.11,-0.26,28.00,1.81,0.12,27.00,-0.05,-0.04
3051853,27.00,-0.07,-0.40,28.00,1.43,0.29,27.00,-0.02,0.00
3051913,27.00,-0.08,-0.26,28.00,0.77,0.61,27.00,-0.01,-0.03
3051973,27.00,0.07,-0.12,28.00,0.20,-0.02,27.00,0.04,-0.05
3052033,27.00,0.12,-0.12,28.00,-0.30,-0.22,27.00,-0.05,0.01
3052093,27.00,0.04,-0.17,28.00,-0.74,-0.33,27.00,0.01,-0.04
3052153,27.00,-0.07,-0.15,28.00,-1.31,0.65,27.00,-0.02,-0.07
3052213,27.00,-0.10,-0.22,28.00,-1.84,0.06,27.00,0.01,-0.06
3052274,27.00,0.08,-0.04,28.00,-2.37,0.13,27.00,-0.15,-0.08
3052334,27.00,0.05,-0.05,28.00,-2.94,-0.38,27.00,-0.04,-0.00
3052394,27.00,0.02,-0.15,28.00,-3.39,-0.15,27.00,-0.01,0.04
3052454,27.00,-0.05,-0.33,28.00,-3.54,-0.16,27.00,-0.07,-0.02
3052514,27.00,0.12,-0.29,28.00,-3.48,-0.43,27.00,-0.05,-0.01
3052574,27.00,-0.11,-0.22,28.00,-3.68,-0.29,27.00,-0.05,-0.00
3052634,27.00,0.04,-0.31,28.00,-3.80,-0.35,27.00,0.01,0.01
3052694,27.00,0.04,-0.11,28.00,-3.90,-0.17,27.00,-0.01,-0.01
3052755,27.00,-0.02,-0.27,28.00,-3.86,-0.35,27.00,-0.04,0.05
3052815,27.00,0.07,-0.23,28.00,-3.32,0.06,27.00,0.05,0.00
3052875,27.00,0.12,-0.13,28.00,-3.45,-0.36,27.00,-0.01,-0.01
3052935,27.00,-0.05,-0.20,28.00,-2.66,-0.36,27.00,0.02,-0.03
3052995,27.00,0.02,-0.28,28.00,-2.50,-0.37,27.00,-0.01,-0.02
3053055,27.00,0.01,-0.19,28.00,-1.79,-0.36,27.00,-0.02,0.02
3053115,27.00,0.02,-0.14,28.00,-1.28,-0.58,27.00,0.01,0.01
3053176,27.00,0.02,-0.11,28.00,-0.81,-0.51,27.00,-0.02,-0.02
3053236,27.00,0.10,-0.15,28.00,-0.21,-0.85,27.00,-0.04,-0.04
3053296,27.00,-0.17,-0.36,28.00,0.26,-0.43,27.00,0.01,0.00
3053356,27.00,0.11,0.00,28.00,0.83,-0.40,27.00,-0.07,-0.08
3053416,27.00,0.01,-0.15,28.00,1.58,-0.32,27.00,-0.08,-0.00
3053476,27.00,-0.10,-0.16,28.00,2.16,0.28,27.00,0.02,0.07
3053536,27.00,0.02,-0.17,28.00,2.51,0.12,27.00,-0.04,-0.01
3053596,27.00,0.10,-0.07,28.00,3.00,-0.14,27.00,-0.02,-0.08
3053657,27.00,0.02,-0.27,28.00,3.35,0.03,27.00,-0.01,-0.07
3053717,27.00,-0.08,-0.15,28.00,3.60,0.15,27.00,-0.02,-0.07
3053777,27.00,-0.05,-0.25,28.00,3.77,-0.33,27.00,0.01,-0.08
3053837,27.00,0.02,-0.30,28.00,3.70,-0.42,27.00,-0.05,-0.04
3053897,27.00,-0.02,-0.29,28.00,4.15,-0.24,27.00,0.07,-0.12
3053957,27.00,-0.02,-0.07,28.00,3.90,-0.11,27.00,-0.07,0.02
3054017,27.00,-0.01,-0.21,28.00,3.61,0.07,27.00,0.02,-0.03
3054078,27.00,-0.05,-0.18,28.00,3.45,0.16,27.00,0.02,-0.01
3054138,27.00,0.12,-0.25,28.00,3.03,-0.01,27.00,-0.01,-0.07
3054198,27.00,0.05,-0.07,28.00,2.91,-0.24,27.00,-0.04,-0.00
3054258,27.00,0.08,-0.05,28.00,2.31,-0.25,27.00,0.01,-0.08
3054318,27.00,-0.12,-0.15,28.00,1.68,0.28,27.00,-0.04,0.01
3054378,27.00,-0.05,-0.43,28.00,1.34,0.17,27.00,-0.02,-0.07
3054438,27.00,-0.17,-0.18,28.00,0.56,0.42,27.00,-0.01,0.02
3054499,27.00,-0.08,-0.22,28.00,0.29,0.07,27.00,-0.10,-0.08
3054559,27.00,0.17,0.02,28.00,-0.55,-0.12,27.00,-0.02,-0.11
3054619,27.00,0.08,-0.19,28.00,-1.03,-0.58,27.00,-0.02,-0.05
3054679,27.00,0.05,-0.21,28.00,-1.37,-0.65,27.00,-0.04,-0.04
3054739,27.00,-0.07,-0.19,28.00,-2.16,-0.15,27.00,0.02,0.07
3054799,27.00,-0.02,-0.15,28.00,-2.44,-0.22,27.00,0.01,-0.02
3054859,27.00,-0.11,-0.29,28.00,-3.00,-0.40,27.00,-0.01,-0.03
3054919,27.00,0.04,-0.22,28.00,-3.35,-0.24,27.00,-0.02,-0.07
3054980,27.00,0.10,-0.20,28.00,-3.71,-0.01,27.00,-0.01,-0.09
3055040,27.00,-0.08,0.06,28.00,-3.71,-0.78,27.00,-0.01,-0.07
3055100,27.00,-0.07,-0.07,28.00,-3.63,-0.76,27.00,0.10,-0.06
3055160,27.00,0.02,-0.25,28.00,-3.68,-0.11,27.00,0.01,-0.01
3055220,27.00,-0.04,-0.07,28.00,-3.80,-0.10,27.00,0.01,-0.05
3055280,27.00,-0.18,-0.07,28.00,-3.64,-0.39,27.00,-0.04,-0.00
3055340,27.00,0.04,-0.15,28.00,-3.29,-0.18,27.00,0.02,-0.02
3055401,27.00,-0.15,-0.27,28.00,-3.25,-0.51,27.00,-0.02,-0.00
3055461,27.00,-0.01,-0.22,28.00,-2.66,-0.44,27.00,0.01,-0.03
3055521,27.00,-0.10,-0.00,28.00,-2.16,-0.45,27.00,0.01,-0.05
3055581,27.00,-0.01,-0.32,28.00,-1.47,-0.35,27.00,-0.02,-0.05
3055641,27.00,-0.11,-0.10,28.00,-1.05,-0.10,27.00,-0.02,-0.00
3055701,27.00,-0.14,-0.09,28.00,-0.56,-0.85,27.00,0.05,-0.01
3055761,27.00,0.15,-0.10,28.00,0.02,-0.51,27.00,-0.02,-0.01
3055821,27.00,0.01,-0.10,28.00,0.52,-0.41,27.00,0.02,0.01
3055882,27.00,-0.08,-0.24,28.00,1.09,0.15,27.00,-0.01,0.07
3055942,27.00,0.10,-0.37,28.00,1.66,-0.19,27.00,-0.05,-0.07
3056002,27.00,-0.21,-0.30,28.00,2.53,-0.30,27.00,0.01,-0.03
3056062,27.00,-0.12,-0.07,28.00,2.62,-0.04,27.00,-0.04,-0.01
3056122,27.00,0.05,-0.24,28.00,3.26,-0.25,27.00,0.01,-0.01
3056182,27.00,-0.04,-0.34,28.00,3.49,-0.26,27.00,-0.02,-0.08
3056242,27.00,0.02,-0.18,28.00,3.36,0.33,27.00,-0.01,-0.00
3056303,27.00,0.08,-0.07,28.00,3.51,-0.07,27.00,0.01,-0.09
3056363,27.00,0.10,-0.21,28.00,3.80,-0.29,27.00,-0.04,-0.04
3056423,27.00,-0.01,-0.28,28.00,3.71,0.27,27.00,0.01,-0.06
3056483,27.00,-0.07,-0.11,28.00,3.71,-0.05,27.00,-0.02,-0.10
3056543,27.00,-0.01,-0.19,28.00,3.82,-0.61,27.00,-0.05,-0.01
3056603,27.00,-0.02,-0.23,28.00,3.32,-0.17,27.00,0.04,-0.01
3056663,27.00,-0.04,-0.12,28.00,2.84,-0.05,27.00,-0.02,-0.07
3056723,27.00,0.02,-0.18,28.00,2.78,-0.21,27.00,0.04,-0.05
3056784,27.00,-0.08,-0.18,28.00,2.03,-0.11,27.00,-0.05,-0.01
3056844,27.00,0.15,-0.21,28.00,1.66,-0.24,27.00,-0.04,-0.16
3056904,27.00,-0.10,-0.19,28.00,1.16,-0.31,27.00,-0.02,-0.06
3056964,27.00,0.17,-0.06,28.00,0.48,0.44,27.00,0.04,0.00
3057024,27.00,-0.15,-0.43,28.00,-0.01,-0.15,27.00,0.04,-0.06
3057084,27.00,0.02,-0.07,28.00,-0.70,-0.34,27.00,0.01,0.00
3057144,27.00,0.10,-0.03,28.00,-1.36,-0.79,27.00,0.02,0.01
3057205,27.00,-0.11,-0.15,28.00,-1.87,-0.33,27.00,0.05,-0.06
3057265,27.00,0.10,-0.22,28.00,-2.31,0.26,27.00,-0.05,-0.07
3057325,27.00,0.20,-0.18,28.00,-2.69,0.36,27.00,-0.01,0.02
3057385,27.00,-0.04,-0.15,28.00,-3.22,0.15,27.00,0.02,-0.04
3057445,27.00,-0.04,-0.29,28.00,-3.26,-0.27,27.00,0.07,-0.00
3057505,27.00,-0.04,-0.18,28.00,-3.83,0.07,27.00,-0.01,-0.01
3057565,27.00,-0.02,-0.29,28.00,-3.79,0.43,27.00,0.04,0.05
3057625,27.00,0.15,-0.19,28.00,-3.83,-0.11,27.00,-0.02,-0.00
3057686,27.00,0.08,-0.29,28.00,-3.71,0.01,27.00,-0.01,-0.02
3057746,27.00,-0.10,-0.25,28.00,-3.64,-0.74,27.00,0.04,-0.04
3057806,27.00,-0.05,-0.15,28.00,-3.60,-0.33,27.00,-0.05,-0.07
3057866,27.00,-0.01,-0.15,28.00,-3.03,-0.19,27.00,0.01,-0.04
3057926,27.00,-0.11,-0.29,28.00,-3.07,-0.79,27.00,-0.01,-0.04
3057986,27.00,0.15,-0.16,28.00,-2.42,-0.67,27.00,0.02,-0.04
3058046,27.00,-0.01,-0.22,28.00,-1.93,-0.17,27.00,-0.05,-0.07
3058107,27.00,0.05,-0.08,28.00,-1.34,-0.22,27.00,-0.02,-0.02
3058167,27.00,-0.11,-0.30,28.00,-0.99,-0.78,27.00,0.05,0.00
3058227,27.00,-0.17,-0.40,28.00,-0.39,-0.82,27.00,-0.04,-0.09
3058287,27.00,-0.07,-0.41,28.00,0.29,-0.69,27.00,-0.01,-0.01
3058347,27.00,0.02,-0.20,28.00,0.89,-0.95,27.00,-0.04,-0.06
3058407,27.00,0.02,-0.19,28.00,1.38,-0.23,27.00,0.01,-0.03
3058467,27.00,-0.01,-0.07,28.00,2.06,-0.13,27.00,-0.05,0.00
3058527,27.00,0.02,-0.10,28.00,2.32,-0.51,27.00,-0.05,-0.02
3058588,27.00,-0.11,-0.36,28.00,2.70,-0.19,27.00,-0.01,-0.03
3058648,27.00,-0.05,-0.19,28.00,3.17,0.21,27.00,0.05,-0.02
3058708,27.00,0.14,-0.22,28.00,3.42,0.13,27.00,-0.10,-0.00
3058768,27.00,-0.02,-0.19,28.00,3.68,0.08,27.00,-0.01,-0.02
3058828,27.00,0.24,-0.24,28.00,3.71,-0.19,27.00,-0.01,-0.11
3058888,27.00,0.02,-0.14,28.00,3.76,0.22,27.00,0.01,0.04
3058948,27.00,-0.12,-0.29,28.00,3.67,-0.33,27.00,-0.01,0.03
3059009,27.00,0.04,-0.23,28.00,3.82,-0.09,27.00,-0.02,-0.03
3059069,27.00,0.08,-0.11,28.00,3.39,-0.20,27.00,-0.05,-0.09
3059129,27.00,0.17,-0.16,28.00,3.20,0.22,27.00,0.02,-0.09
3059189,27.00,0.05,-0.15,28.00,3.01,0.10,27.00,0.01,-0.01
3059249,27.00,-0.01,-0.25,28.00,2.18,-0.07,27.00,-0.04,0.05
3059309,27.00,0.08,-0.12,28.00,1.99,0.07,27.00,-0.05,-0.12
3059369,27.00,0.10,-0.16,28.00,1.21,0.14,27.00,-0.01,-0.04
3059430,27.00,-0.15,-0.26,28.00,0.56,-0.35,27.00,-0.04,0.02
3059490,27.00,0.10,0.11,28.00,0.04,0.03,27.00,-0.01,-0.04
3059550,27.00,-0.04,-0.09,28.00,-0.34,-0.27,27.00,0.01,-0.06
3059610,27.00,0.01,-0.07,28.00,-1.12,0.17,27.00,-0.02,-0.02
3059670,27.00,-0.02,-0.31,28.00,-1.43,0.26,27.00,-0.04,-0.05
3059730,27.00,0.04,-0.13,28.00,-1.97,0.18,27.00,0.05,0.01
3059790,27.00,0.07,-0.15,28.00,-2.32,-0.07,27.00,-0.05,-0.11
3059850,27.00,0.15,-0.33,28.00,-2.91,0.22,27.00,-0.05,-0.06
3059911,27.00,0.14,-0.11,28.00,-3.32,0.04,27.00,0.04,-0.02
3059971,27.00,-0.05,-0.19,28.00,-3.55,-0.31,27.00,0.02,-0.03
3060031,27.00,0.12,-0.16,28.00,-3.89,-0.17,27.00,-0.02,-0.00
3060091,27.00,0.05,-0.12,28.00,-4.05,-0.27,27.00,0.04,-0.07
3060151,27.00,0.05,-0.10,28.00,-3.66,-0.20,27.00,0.02,0.00
3060211,27.00,-0.02,-0.29,28.00,-3.71,-0.00,27.00,-0.05,-0.02
3060271,27.00,0.10,-0.15,28.00,-3.61,-0.24,27.00,-0.05,-0.05
3060332,27.00,-0.23,-0.12,28.00,-3.35,-0.26,27.00,0.02,-0.13
3060392,27.00,0.07,-0.11,28.00,-2.98,-0.54,27.00,-0.04,-0.00
3060452,27.00,-0.08,-0.31,28.00,-2.76,-0.28,27.00,-0.01,-0.00
3060512,27.00,0.11,-0.23,28.00,-2.44,-0.19,27.00,-0.05,-0.06
3060572,27.00,0.04,-0.37,28.00,-1.60,-0.40,27.00,0.01,0.02
3060632,27.00,-0.15,-0.26,28.00,-1.19,-0.35,27.00,-0.01,-0.01
3060692,27.00,0.08,-0.12,28.00,-0.58,-0.63,27.00,-0.04,-0.03
3060752,27.00,-0.02,-0.24,28.00,-0.15,-0.76,27.00,-0.04,-0.06
3060813,27.00,-0.23,-0.27,28.00,0.36,-0.15,27.00,0.01,0.02
3060873,27.00,-0.11,-0.22,28.00,1.22,-0.10,27.00,-0.04,0.04
3060933,27.00,0.01,-0.22,28.00,1.62,0.28,27.00,0.04,-0.04
3060993,27.00,0.21,-0.29,28.00,1.79,0.73,27.00,-0.04,-0.07
3061053,27.00,0.01,-0.12,28.00,2.50,0.29,27.00,-0.07,-0.06
3061113,27.00,0.08,-0.10,28.00,2.98,0.06,27.00,0.01,-0.01
3061173,27.00,0.01,-0.31,28.00,3.35,-0.01,27.00,0.01,-0.00
3061234,27.00,-0.11,-0.20,28.00,3.57,-0.08,27.00,-0.05,-0.03
3061294,27.00,-0.15,-0.33,28.00,3.98,-0.07,27.00,0.07,-0.04
3061354,27.00,0.07,-0.07,28.00,3.99,0.19,27.00,0.02,-0.09
3061414,27.00,0.11,-0.14,28.00,3.66,-0.08,27.00,0.01,-0.07
3061474,27.00,-0.01,-0.12,28.00,4.05,0.51,27.00,-0.02,0.02
3061534,27.00,0.07,-0.00,28.00,3.41,0.08,27.00,-0.01,-0.07
3061594,27.00,0.04,-0.30,28.00,3.32,-0.13,27.00,0.02,-0.03
3061654,27.00,-0.02,-0.18,28.00,2.86,0.02,27.00,-0.01,-0.03
3061715,27.00,0.08,-0.17,28.00,2.66,-0.05,27.00,-0.01,0.10
3061775,27.00,-0.24,-0.18,28.00,2.22,-0.02,27.00,-0.05,-0.03
3061835,27.00,0.02,-0.22,28.00,1.59,-0.17,27.00,-0.04,-0.03
3061895,27.00,0.17,-0.15,28.00,0.84,-0.16,27.00,-0.02,0.01
3061955,27.00,0.18,-0.15,28.00,0.26,0.28,27.00,-0.04,-0.07
3062015,27.00,0.01,-0.22,28.00,0.08,-0.36,27.00,0.04,-0.07
3062075,27.00,-0.02,-0.19,28.00,-0.51,-0.06,27.00,-0.10,-0.04
3062136,27.00,0.05,-0.36,28.00,-1.16,-0.23,27.00,-0.02,-0.08
3062196,27.00,0.04,-0.17,28.00,-1.52,-0.27,27.00,-0.05,-0.00
3062256,27.00,0.05,-0.20,28.00,-2.04,-0.50,27.00,-0.07,-0.00
3062316,27.00,0.02,-0.36,28.00,-2.67,-0.36,27.00,0.02,0.04
3062376,27.00,-0.07,-0.24,28.00,-2.94,-0.71,27.00,-0.01,-0.03
3062436,27.00,0.17,-0.21,28.00,-3.42,-0.26,27.00,-0.05,-0.09
3062496,27.00,0.10,-0.09,28.00,-3.41,-0.45,27.00,0.02,-0.09
3062556,27.00,0.07,-0.22,28.00,-3.83,-0.78,27.00,0.04,-0.01
3062617,27.00,0.05,-0.44,28.00,-3.99,0.15,27.00,-0.04,0.02
3062677,27.00,0.04,-0.34,28.00,-3.80,-0.27,27.00,-0.02,-0.02
3062737,27.00,-0.04,-0.22,28.00,-3.83,0.10,27.00,-0.10,0.01
3062797,27.00,-0.05,-0.34,28.00,-3.61,0.44,27.00,-0.05,-0.04
3062857,27.00,0.23,-0.27,28.00,-3.36,-0.25,27.00,0.04,-0.09
3062917,27.00,0.11,-0.30,28.00,-3.00,-0.13,27.00,-0.04,0.01
3062977,27.00,-0.07,-0.09,28.00,-2.66,0.06,27.00,-0.05,-0.00
3063038,27.00,-0.07,-0.25,28.00,-2.00,-0.84,27.00,-0.02,-0.07
3063098,27.00,0.12,-0.17,28.00,-1.46,-0.51,27.00,-0.08,0.02
3063158,27.00,-0.07,-0.03,28.00,-0.84,-0.95,27.00,0.05,-0.09
3063218,27.00,-0.10,-0.15,28.00,-0.48,-0.65,27.00,-0.02,0.03
3063278,27.00,-0.15,-0.30,28.00,0.21,-0.44,27.00,0.04,0.05
3063338,27.00,-0.02,-0.24,28.00,0.74,-0.13,27.00,-0.05,-0.03
3063398,27.00,-0.10,-0.12,28.00,1.31,-0.44,27.00,0.02,-0.02
3063458,27.00,0.01,-0.31,28.00,1.65,0.11,27.00,0.07,-0.06
3063519,27.00,-0.12,-0.14,28.00,2.34,0.29,27.00,-0.04,-0.01
3063579,27.00,-0.24,-0.19,28.00,2.91,-0.07,27.00,0.04,0.05
3063639,27.00,0.29,-0.19,28.00,3.22,-0.28,27.00,-0.04,-0.10
3063699,27.00,-0.12,-0.24,28.00,3.67,-0.15,27.00,0.04,-0.00
3063759,27.00,-0.04,-0.05,28.00,3.42,-0.21,27.00,-0.08,-0.05
3063819,27.00,-0.05,-0.24,28.00,3.63,-0.07,27.00,0.04,-0.02
3063879,27.00,-0.08,-0.10,28.00,3.83,-0.14,27.00,-0.07,-0.11
3063940,27.00,0.11,-0.16,28.00,4.11,0.19,27.00,-0.07,-0.14
3064000,27.00,-0.08,-0.16,28.00,3.82,0.49,27.00,-0.01,-0.01
3064060,27.00,-0.07,-0.07,28.00,3.61,-0.15,27.00,0.04,-0.11
3064120,27.00,-0.04,-0.25,28.00,3.07,0.13,27.00,-0.01,-0.03
3064180,27.00,0.10,-0.22,28.00,3.08,0.25,27.00,0.02,-0.07
3064240,27.00,-0.10,-0.11,28.00,2.48,-0.04,27.00,0.04,0.03
3064300,27.00,-0.08,-0.27,28.00,1.90,0.12,27.00,-0.07,-0.06
3064360,27.00,-0.11,-0.30,28.00,1.38,-0.07,27.00,-0.08,-0.09
3064421,27.00,0.08,-0.19,28.00,0.97,0.21,27.00,0.05,-0.07
3064481,27.00,-0.05,-0.29,28.00,0.17,-0.17,27.00,0.02,-0.08
3064541,27.00,0.12,-0.08,28.00,-0.23,-0.26,27.00,-0.07,-0.06
3064601,27.00,0.01,0.02,28.00,-0.83,-0.10,27.00,0.05,-0.01
3064661,27.00,0.05,-0.26,28.00,-1.18,-0.18,27.00,-0.05,-0.00
3064721,27.00,0.08,-0.39,28.00,-1.81,-0.15,27.00,0.01,-0.05
3064781,27.00,0.01,-0.18,28.00,-2.41,-0.84,27.00,-0.02,0.09
3064842,27.00,0.12,-0.17,28.00,-2.91,-0.59,27.00,0.04,0.00
3064902,27.00,0.07,-0.12,28.00,-3.33,0.01,27.00,0.01,-0.02
3064962,27.00,-0.10,-0.19,28.00,-3.66,-0.46,27.00,-0.02,-0.02
3065022,27.00,-0.20,-0.22,28.00,-3.76,-0.58,27.00,-0.01,-0.02
3065082,27.00,0.27,-0.18,28.00,-3.60,-0.36,27.00,0.01,-0.01
3065142,27.00,0.01,-0.31,28.00,-3.92,-0.03,27.00,0.05,-0.05
3065202,27.00,-0.26,-0.40,28.00,-3.98,-0.19,27.00,-0.04,-0.02
3065262,27.00,0.07,-0.07,28.00,-3.76,-0.35,27.00,-0.04,-0.12
3065323,27.00,-0.04,-0.31,28.00,-3.48,-0.17,27.00,0.01,-0.07
3065383,27.00,-0.02,-0.22,28.00,-2.84,-0.94,27.00,-0.02,-0.00
3065443,27.00,0.10,-0.15,28.00,-2.60,-0.46,27.00,-0.04,-0.12
3065503,27.00,-0.05,-0.23,28.00,-2.28,-0.58,27.00,-0.02,0.00
3065563,27.00,-0.02,-0.17,28.00,-1.66,-1.13,27.00,-0.05,-0.06
3065623,27.00,0.02,-0.23,28.00,-1.21,-0.93,27.00,-0.01,-0.12
3065683,27.00,0.04,-0.04,28.00,-0.75,-0.58,27.00,0.01,0.01
3065744,27.00,-0.05,-0.14,28.00,-0.17,-0.63,27.00,0.01,-0.01
3065804,27.00,-0.01,-0.11,28.00,0.29,-0.42,27.00,-0.02,-0.04
3065864,27.00,-0.01,-0.16,28.00,0.77,0.25,27.00,-0.07,-0.04
3065924,27.00,-0.14,-0.26,28.00,1.56,-0.28,27.00,-0.04,-0.06
3065984,27.00,0.10,-0.22,28.00,2.21,-0.44,27.00,-0.02,-0.02
3066044,27.00,0.10,-0.14,28.00,2.42,-0.43,27.00,-0.02,-0.00
3066104,27.00,0.12,-0.12,28.00,2.88,0.12,27.00,0.07,0.04
3066165,27.00,-0.05,-0.22,28.00,3.32,-0.17,27.00,-0.02,-0.01
3066225,27.00,0.04,-0.29,28.00,3.41,0.41,27.00,0.01,-0.05
3066285,27.00,0.04,-0.15,28.00,3.88,0.14,27.00,0.01,0.02
3066345,27.00,-0.02,-0.42,28.00,3.86,-0.32,27.00,-0.01,-0.04
3066405,27.00,0.05,-0.11,28.00,3.70,-0.11,27.00,0.02,-0.11
3066465,27.00,0.04,-0.29,28.00,3.73,-0.14,27.00,0.01,-0.00
3066525,27.00,-0.07,-0.26,28.00,3.70,-0.42,27.00,-0.05,-0.07
3066585,27.00,-0.18,-0.20,28.00,3.19,0.10,27.00,0.02,0.02
3066646,27.00,0.10,-0.14,28.00,2.88,0.29,27.00,0.02,-0.04
3066706,27.00,-0.01,-0.26,28.00,2.73,-0.25,27.00,-0.04,-0.04
3066766,27.00,-0.04,-0.09,28.00,2.42,0.02,27.00,-0.07,0.03
3066826,27.00,-0.11,-0.29,28.00,1.91,0.13,27.00,-0.04,-0.06
3066886,27.00,0.02,-0.15,28.00,1.19,0.09,27.00,0.04,-0.02
3066946,27.00,-0.04,-0.07,28.00,0.49,-0.07,27.00,0.04,-0.00
3067006,27.00,-0.11,-0.30,28.00,0.08,-0.10,27.00,-0.02,-0.04
3067067,27.00,0.05,-0.06,28.00,-0.67,0.07,27.00,0.05,-0.09
3067127,27.00,-0.01,0.00,28.00,-1.27,-0.40,27.00,-0.04,-0.00
3067187,27.00,0.07,-0.12,28.00,-1.62,-0.62,27.00,0.02,-0.00
3067247,27.00,0.01,-0.33,28.00,-2.07,-0.55,27.00,-0.02,-0.08
3067307,27.00,-0.05,-0.01,28.00,-2.66,-0.54,27.00,0.01,-0.00
3067367,27.00,0.04,-0.31,28.00,-3.11,-0.02,27.00,-0.05,-0.07
3067427,27.00,-0.05,-0.16,28.00,-3.38,0.14,27.00,-0.04,-0.07
3067487,27.00,-0.02,-0.29,28.00,-3.63,-0.13,27.00,0.01,-0.00
3067548,27.00,0.08,-0.05,28.00,-3.64,-0.19,27.00,-0.02,-0.01
3067608,27.00,0.05,-0.13,28.00,-3.96,-0.02,27.00,-0.02,-0.07
3067668,27.00,-0.14,-0.21,28.00,-3.86,0.07,27.00,-0.01,-0.05
3067728,27.00,-0.11,-0.20,28.00,-3.85,-0.22,27.00,-0.04,0.00
3067788,27.00,0.05,-0.10,28.00,-3.71,-0.51,27.00,0.01,-0.07
3067848,27.00,-0.10,-0.22,28.00,-3.47,-0.15,27.00,-0.01,0.08
3067908,27.00,-0.14,-0.15,28.00,-3.00,-0.36,27.00,-0.05,0.03
3067969,27.00,-0.04,-0.28,28.00,-2.57,-0.62,27.00,0.01,-0.02
3068029,27.00,0.11,0.10,28.00,-2.21,-0.29,27.00,-0.07,-0.04
3068089,27.00,-0.02,-0.22,28.00,-1.58,-0.71,27.00,0.04,-0.00
3068149,27.00,-0.08,-0.36,28.00,-0.99,-0.29,27.00,-0.01,-0.07
3068209,27.00,-0.04,-0.18,28.00,-0.56,-0.59,27.00,-0.02,-0.01
3068269,27.00,-0.08,-0.15,28.00,-0.05,-0.37,27.00,-0.02,-0.06
3068329,27.00,0.10,-0.26,28.00,0.59,0.15,27.00,0.01,0.01
3068389,27.00,-0.02,-0.31,28.00,1.40,-0.23,27.00,-0.08,-0.03
3068450,27.00,-0.07,-0.05,28.00,1.90,-0.37,27.00,0.05,-0.10
3068510,27.00,-0.05,-0.15,28.00,2.19,-0.47,27.00,-0.01,0.03
3068570,27.00,-0.07,-0.27,28.00,2.85,-0.14,27.00,0.02,-0.04
3068630,27.00,-0.05,-0.16,28.00,3.05,0.15,27.00,0.07,-0.03
3068690,27.00,0.01,-0.16,28.00,3.27,-0.00,27.00,-0.04,-0.02
3068750,27.00,-0.02,-0.22,28.00,3.67,0.16,27.00,0.05,-0.04
3068810,27.00,0.08,-0.27,28.00,3.82,0.12,27.00,-0.01,-0.07
3068871,27.00,-0.04,-0.05,28.00,3.63,0.26,27.00,-0.01,-0.01
3068931,27.00,-0.14,-0.07,28.00,3.73,-0.05,27.00,-0.04,-0.03
3068991,27.00,0.15,-0.25,28.00,3.70,0.15,27.00,-0.02,-0.06
3069051,27.00,0.15,-0.05,28.00,3.52,0.14,27.00,-0.02,-0.10
3069111,27.00,-0.04,-0.22,28.00,3.38,-0.13,27.00,-0.02,0.00
3069171,27.00,-0.04,-0.19,28.00,2.57,0.51,27.00,-0.02,-0.07
3069231,27.00,-0.04,-0.27,28.00,2.25,-0.06,27.00,0.02,-0.05
3069291,27.00,0.07,-0.23,28.00,1.84,-0.03,27.00,-0.10,-0.14
3069352,27.00,0.05,-0.11,28.00,1.34,0.07,27.00,-0.02,-0.02
3069412,27.00,0.12,-0.12,28.00,0.83,0.57,27.00,-0.07,-0.07
3069472,27.00,0.02,-0.12,28.00,0.21,-0.07,27.00,0.02,0.03
3069532,27.00,-0.10,-0.27,28.00,-0.23,-0.15,27.00,-0.02,-0.06
3069592,27.00,-0.10,-0.15,28.00,-0.90,0.21,27.00,-0.04,-0.00
3069652,27.00,-0.05,-0.15,28.00,-1.56,0.06,27.00,0.01,-0.09
3069712,27.00,0.04,-0.29,28.00,-1.97,-0.10,27.00,0.01,-0.12
3069773,27.00,-0.04,-0.26,28.00,-2.44,0.22,27.00,0.02,-0.07
3069833,27.00,0.07,-0.09,28.00,-2.89,-0.62,27.00,0.02,-0.10
3069893,27.00,0.01,-0.17,28.00,-3.57,-0.09,27.00,0.02,-0.01
3069953,27.00,-0.08,-0.21,28.00,-3.66,-0.25,27.00,-0.01,0.11
3070013,27.00,0.02,0.03,28.00,-3.64,-0.63,27.00,-0.04,-0.09
3070073,27.00,0.08,-0.17,28.00,-3.71,-0.25,27.00,-0.02,0.04
3070133,27.00,-0.02,-0.30,28.00,-3.80,0.45,27.00,-0.02,-0.11
3070193,27.00,-0.02,-0.16,28.00,-3.99,-0.38,27.00,0.01,0.00
3070254,27.00,0.12,-0.22,28.00,-3.86,-0.25,27.00,0.07,-0.15
3070314,27.00,-0.04,-0.08,28.00,-3.96,-0.08,27.00,0.01,-0.01
3070374,27.00,-0.07,-0.34,28.00,-3.25,-0.27,27.00,0.01,-0.05
3070434,27.00,-0.14,-0.19,28.00,-2.89,-0.19,27.00,-0.02,-0.01
3070494,27.00,0.08,-0.33,28.00,-2.45,-0.46,27.00,-0.02,0.00
3070554,27.00,0.02,-0.19,28.00,-1.91,-0.59,27.00,-0.01,-0.07
3070614,27.00,0.12,-0.19,28.00,-1.09,-0.56,27.00,0.02,-0.01
3070675,27.00,0.02,-0.07,28.00,-0.84,-0.52,27.00,0.01,-0.07
3070735,27.00,0.01,-0.14,28.00,-0.24,-0.73,27.00,0.02,-0.00
3070795,27.00,0.05,-0.15,28.00,0.34,-0.38,27.00,-0.01,-0.04
3070855,27.00,0.14,-0.23,28.00,1.14,-0.51,27.00,0.01,-0.06
3070915,27.00,-0.10,-0.19,28.00,1.56,-0.14,27.00,-0.01,-0.01
3070975,27.00,-0.08,-0.16,28.00,1.85,0.43,27.00,0.01,-0.05
3071035,27.00,0.07,-0.13,28.00,2.44,0.04,27.00,-0.02,0.01
3071095,27.00,-0.04,-0.17,28.00,2.84,-0.02,27.00,-0.04,-0.05
3071156,27.00,-0.11,0.01,28.00,3.32,0.16,27.00,0.01,-0.07
3071216,27.00,0.20,-0.22,28.00,3.57,-0.05,27.00,0.01,-0.09
3071276,27.00,-0.05,-0.30,28.00,3.76,-0.40,27.00,-0.04,0.03
3071336,27.00,-0.17,-0.22,28.00,3.74,0.00,27.00,0.07,-0.01
3071396,27.00,0.11,-0.16,28.00,3.93,-0.17,27.00,0.01,-0.05
3071456,27.00,-0.04,-0.19,28.00,3.47,0.30,27.00,0.02,-0.04
3071516,27.00,0.12,-0.11,28.00,3.57,0.25,27.00,-0.05,-0.04
3071577,27.00,-0.02,-0.16,28.00,3.30,0.13,27.00,0.01,0.00
3071637,27.00,-0.01,-0.07,28.00,3.16,0.13,27.00,0.01,0.05
3071697,27.00,-0.14,-0.23,28.00,2.64,-0.07,27.00,-0.02,-0.04
3071757,27.00,-0.02,-0.22,28.00,2.12,-0.40,27.00,-0.02,0.01
3071817,27.00,-0.05,-0.15,28.00,1.68,-0.28,27.00,0.01,-0.01
3071877,27.00,0.05,-0.22,28.00,1.15,0.11,27.00,-0.01,0.02
3071937,27.00,-0.02,-0.29,28.00,0.70,0.44,27.00,0.02,-0.08
3071998,27.00,0.07,-0.15,28.00,0.18,0.15,27.00,0.04,-0.01
3072058,27.00,-0.02,-0.19,28.00,-0.49,0.05,27.00,0.02,-0.07
3072118,27.00,0.05,-0.21,28.00,-0.70,-0.44,27.00,0.02,0.05
3072178,27.00,0.21,-0.21,28.00,-1.40,-0.47,27.00,-0.07,0.06
3072238,27.00,0.14,-0.22,28.00,-2.04,0.00,27.00,-0.01,-0.01
3072298,27.00,0.17,-0.22,28.00,-2.51,0.19,27.00,-0.01,-0.02
3072358,27.00,-0.10,-0.30,28.00,-2.89,-0.06,27.00,0.01,-0.06
3072418,27.00,-0.10,-0.14,28.00,-3.29,-0.58,27.00,-0.02,0.01
3072479,27.00,-0.20,-0.27,28.00,-3.49,-0.12,27.00,0.05,-0.02
3072539,27.00,-0.01,-0.22,28.00,-3.64,-0.40,27.00,-0.01,-0.02
3072599,27.00,0.02,-0.07,28.00,-3.88,-0.19,27.00,-0.11,-0.07
3072659,27.00,-0.11,-0.22,28.00,-4.10,-0.09,27.00,-0.01,-0.08
3072719,27.00,-0.12,-0.05,28.00,-3.57,-0.22,27.00,-0.02,0.02
3072779,27.00,-0.04,-0.27,28.00,-3.54,-0.43,27.00,-0.01,-0.08
3072839,27.00,-0.05,-0.34,28.00,-3.20,-0.58,27.00,-0.02,0.00
3072900,27.00,0.01,-0.26,28.00,-2.86,-0.51,27.00,-0.01,-0.09
3072960,27.00,0.11,-0.15,28.00,-2.62,-0.63,27.00,-0.07,-0.08
3073020,27.00,0.04,-0.44,28.00,-2.15,-0.35,27.00,0.08,0.03
3073080,27.00,0.08,-0.41,28.00,-1.79,-0.52,27.00,-0.04,-0.04
3073140,27.00,0.04,-0.14,28.00,-1.25,-0.18,27.00,-0.04,-0.03
3073200,27.00,0.05,-0.21,28.00,-0.48,-0.37,27.00,0.01,-0.14
3073260,27.00,0.08,-0.25,28.00,-0.01,-0.50,27.00,0.08,0.03
3073320,27.00,-0.01,-0.38,28.00,0.58,-0.07,27.00,0.01,-0.00
3073381,27.00,0.01,-0.12,28.00,1.08,-0.34,27.00,0.04,0.01
3073441,27.00,0.05,-0.16,28.00,1.63,0.11,27.00,0.04,-0.02
3073501,27.00,-0.11,-0.13,28.00,2.23,0.23,27.00,-0.02,-0.03
3073561,27.00,-0.26,-0.21,28.00,2.53,-0.19,27.00,-0.01,-0.03
3073621,27.00,0.01,-0.31,28.00,3.03,0.10,27.00,-0.05,-0.05
3073681,27.00,-0.05,-0.16,28.00,3.27,-0.27,27.00,-0.01,-0.00
3073741,27.00,0.05,-0.29,28.00,3.19,-0.09,27.00,0.02,-0.06
3073802,27.00,0.12,-0.18,28.00,3.71,-0.04,27.00,-0.04,0.00
3073862,27.00,0.10,-0.02,28.00,3.74,-0.29,27.00,-0.04,0.01
3073922,27.00,-0.02,-0.19,28.00,3.79,0.21,27.00,-0.04,-0.01
3073982,27.00,0.04,-0.15,28.00,3.67,-0.22,27.00,-0.01,-0.01
3074042,27.00,-0.04,-0.41,28.00,3.74,-0.19,27.00,0.02,0.00
3074102,27.00,0.01,-0.19,28.00,3.11,-0.20,27.00,0.05,-0.11
3074162,27.00,-0.14,-0.23,28.00,2.98,0.01,27.00,0.05,0.01
3074222,27.00,0.05,-0.37,28.00,2.78,0.36,27.00,0.02,0.01
3074283,27.00,-0.05,-0.36,28.00,2.21,0.38,27.00,-0.04,-0.04
3074343,27.00,-0.02,-0.31,28.00,1.60,-0.54,27.00,-0.08,-0.05
3074403,27.00,-0.02,-0.15,28.00,1.22,-0.12,27.00,0.07,-0.05
3074463,27.00,0.05,-0.37,28.00,0.56,0.15,27.00,-0.02,-0.03
3074523,27.00,-0.12,-0.19,28.00,-0.04,-0.23,27.00,0.07,-0.12
3074583,27.00,0.20,-0.06,28.00,-0.74,0.17,27.00,-0.04,-0.03
3074643,27.00,-0.10,-0.22,28.00,-1.28,-0.37,27.00,-0.04,0.01
3074704,27.00,-0.23,-0.28,28.00,-1.60,-0.13,27.00,0.05,0.05
3074764,27.00,0.05,-0.27,28.00,-2.51,-0.04,27.00,-0.04,-0.07
3074824,27.00,-0.05,-0.31,28.00,-2.66,-0.56,27.00,0.01,-0.07
3074884,27.00,0.07,-0.06,28.00,-3.20,0.19,27.00,0.01,-0.01
3074944,27.00,0.10,-0.18,28.00,-3.38,-0.26,27.00,-0.05,0.00
3075004,27.00,0.05,-0.05,28.00,-3.67,-0.44,27.00,-0.04,-0.02
3075064,27.00,-0.08,-0.07,28.00,-3.96,0.22,27.00,0.01,-0.03
3075124,27.00,-0.10,-0.24,28.00,-4.21,-0.24,27.00,0.01,-0.02
3075185,27.00,-0.08,-0.10,28.00,-4.07,0.07,27.00,0.01,-0.01
3075245,27.00,-0.04,-0.22,28.00,-3.49,-0.44,27.00,-0.04,-0.03
3075305,27.00,0.08,-0.25,28.00,-3.30,-0.38,27.00,0.05,-0.01
3075365,27.00,0.05,-0.14,28.00,-3.36,-0.59,27.00,-0.04,0.02
3075425,27.00,0.02,-0.21,28.00,-2.69,-0.87,27.00,0.01,-0.04
3075485,27.00,0.01,-0.37,28.00,-2.23,-0.59,27.00,-0.01,-0.05
3075545,27.00,0.07,-0.36,28.00,-1.91,-0.34,27.00,-0.01,-0.00
3075606,27.00,0.04,-0.29,28.00,-1.58,-1.03,27.00,-0.04,-0.07
3075666,27.00,-0.08,-0.26,28.00,-0.71,-0.80,27.00,0.05,-0.04
3075726,27.00,-0.02,-0.19,28.00,-0.37,-0.72,27.00,0.04,-0.09
3075786,27.00,0.17,-0.25,28.00,0.21,-0.67,27.00,-0.05,-0.04
3075846,27.00,-0.08,-0.21,28.00,0.71,-0.11,27.00,0.01,-0.06
3075906,27.00,-0.07,-0.18,28.00,1.21,0.29,27.00,-0.01,-0.00
3075966,27.00,0.07,-0.25,28.00,1.90,0.18,27.00,-0.02,-0.00
3076026,27.00,-0.08,-0.40,28.00,2.32,-0.25,27.00,-0.02,-0.00
3076087,27.00,0.05,-0.22,28.00,2.85,-0.22,27.00,-0.04,-0.07
3076147,27.00,0.05,0.00,28.00,2.91,0.25,27.00,-0.05,-0.01
3076207,27.00,-0.18,-0.31,28.00,3.60,-0.26,27.00,-0.04,-0.06
3076267,27.00,0.04,-0.19,28.00,3.74,0.15,27.00,-0.01,0.01
3076327,27.00,-0.11,-0.19,28.00,3.68,-0.10,27.00,0.04,0.00
3076387,27.00,0.02,-0.24,28.00,3.86,0.05,27.00,0.01,-0.08
3076447,27.00,-0.18,-0.15,28.00,3.93,-0.10,27.00,0.10,-0.02
3076508,27.00,0.17,-0.20,28.00,3.93,0.04,27.00,0.07,-0.01
3076568,27.00,0.04,-0.17,28.00,3.51,0.15,27.00,0.04,-0.04
3076628,27.00,0.08,-0.02,28.00,3.30,0.25,27.00,0.05,-0.11
3076688,27.00,-0.04,-0.36,28.00,2.62,-0.09,27.00,-0.04,-0.12
3076748,27.00,0.10,-0.10,28.00,2.23,0.26,27.00,-0.07,0.02
3076808,27.00,0.04,-0.36,28.00,1.87,-0.07,27.00,-0.07,0.08
3076868,27.00,-0.08,-0.22,28.00,1.36,0.12,27.00,-0.04,-0.08
3076929,27.00,-0.12,-0.15,28.00,0.71,-0.51,27.00,0.05,-0.00
3076989,27.00,0.12,-0.31,28.00,0.12,-0.17,27.00,0.07,-0.04
3077049,27.00,-0.15,-0.19,28.00,-0.49,-0.40,27.00,0.04,-0.07
3077109,27.00,-0.11,-0.23,28.00,-1.14,-0.04,27.00,-0.04,-0.02
3077169,27.00,0.08,-0.48,28.00,-1.69,-0.23,27.00,-0.02,-0.03
3077229,27.00,0.01,-0.17,28.00,-1.87,-0.38,27.00,-0.02,-0.07
3077289,27.00,0.20,-0.05,28.00,-2.44,-0.37,27.00,0.05,-0.04
3077349,27.00,0.07,-0.32,28.00,-3.08,0.12,27.00,-0.01,0.05
3077410,27.00,-0.10,-0.27,28.00,-3.16,-0.22,27.00,0.05,0.03
3077470,27.00,-0.15,-0.29,28.00,-3.38,-0.46,27.00,0.01,0.05
3077530,27.00,0.07,-0.15,28.00,-3.82,-0.22,27.00,-0.07,-0.06
3077590,27.00,-0.10,-0.23,28.00,-3.82,-0.22,27.00,-0.04,-0.07
3077650,27.00,0.02,-0.30,28.00,-4.15,0.14,27.00,0.01,-0.02
3077710,27.00,0.05,-0.29,28.00,-4.01,-0.48,27.00,-0.01,-0.03
3077770,27.00,-0.02,-0.19,28.00,-3.86,-0.47,27.00,-0.01,-0.05
3077831,27.00,-0.02,-0.27,28.00,-3.74,-0.28,27.00,0.02,-0.07
3077891,27.00,0.18,-0.23,28.00,-3.19,-0.91,27.00,-0.02,-0.04
3077951,27.00,0.14,-0.21,28.00,-2.92,-0.64,27.00,0.01,-0.01
3078011,27.00,-0.02,-0.28,28.00,-2.45,-0.50,27.00,0.04,-0.07
3078071,27.00,0.04,-0.24,28.00,-1.71,-0.76,27.00,-0.05,-0.01
3078131,27.00,-0.11,-0.15,28.00,-1.25,-0.67,27.00,-0.04,-0.04
3078191,27.00,-0.07,-0.28,28.00,-0.51,-0.33,27.00,-0.05,-0.00
3078251,27.00,-0.01,-0.30,28.00,-0.12,-0.67,27.00,-0.01,-0.05
3078312,27.00,0.10,-0.02,28.00,0.40,-0.46,27.00,0.01,-0.02
3078372,27.00,-0.07,-0.15,28.00,0.95,0.36,27.00,-0.02,-0.04
3078432,27.00,0.02,-0.26,28.00,1.58,0.07,27.00,-0.04,-0.05
3078492,27.00,-0.11,-0.31,28.00,2.07,-0.45,27.00,0.05,-0.07
3078552,27.00,-0.10,-0.31,28.00,2.63,0.23,27.00,-0.01,-0.03
3078612,27.00,-0.10,-0.22,28.00,3.07,0.19,27.00,-0.02,-0.05
3078672,27.00,-0.02,0.04,28.00,3.23,0.11,27.00,0.10,-0.06
3078733,27.00,0.08,-0.43,28.00,3.61,0.02,27.00,-0.04,-0.04
3078793,27.00,0.04,-0.00,28.00,3.86,0.12,27.00,0.05,-0.09
3078853,27.00,-0.17,-0.28,28.00,3.76,0.22,27.00,-0.02,-0.04
3078913,27.00,0.02,-0.11,28.00,3.60,-0.22,27.00,0.01,0.01
3078973,27.00,-0.08,-0.27,28.00,3.55,0.07,27.00,-0.04,-0.00
3079033,27.00,0.01,-0.13,28.00,3.52,-0.26,27.00,0.04,-0.05
3079093,27.00,-0.02,-0.17,28.00,3.44,-0.15,27.00,-0.08,-0.06
3079153,27.00,0.07,-0.23,28.00,3.32,-0.20,27.00,0.05,0.00
3079214,27.00,0.26,-0.22,28.00,2.70,0.15,27.00,0.02,-0.06
3079274,27.00,-0.01,-0.12,28.00,2.18,-0.29,27.00,-0.01,-0.13
3079334,27.00,-0.11,-0.22,28.00,1.69,0.22,27.00,-0.01,-0.02
3079394,27.00,0.17,-0.21,28.00,0.78,-0.13,27.00,-0.04,0.07
3079454,27.00,0.05,-0.09,28.00,0.43,0.05,27.00,0.04,-0.12
3079514,27.00,0.08,-0.29,28.00,0.07,0.05,27.00,-0.02,-0.09
3079574,27.00,0.05,-0.15,28.00,-0.52,-0.34,27.00,-0.02,-0.05
3079635,27.00,-0.10,-0.21,28.00,-1.33,-0.18,27.00,-0.05,-0.02
3079695,27.00,-0.05,-0.28,28.00,-1.56,-0.15,27.00,-0.01,-0.08
3079755,27.00,0.11,-0.12,28.00,-2.35,-0.51,27.00,0.02,-0.00
3079815,27.00,-0.07,-0.22,28.00,-2.38,0.13,27.00,0.01,-0.12
3079875,27.00,0.05,-0.15,28.00,-3.01,-0.27,27.00,-0.01,-0.07
3079935,27.00,-0.01,-0.07,28.00,-3.38,-0.27,27.00,-0.02,0.06
3079995,27.00,0.15,-0.20,28.00,-3.74,-0.42,27.00,0.01,-0.02
3080055,27.00,0.11,-0.29,28.00,-3.67,0.29,27.00,-0.01,-0.01
3080116,27.00,0.05,-0.28,28.00,-4.02,-0.16,27.00,0.01,0.03
3080176,27.00,-0.01,-0.27,28.00,-3.89,-0.07,27.00,0.04,0.02
3080236,27.00,0.04,-0.20,28.00,-3.98,-0.27,27.00,0.04,0.02
3080296,27.00,-0.15,-0.22,28.00,-3.83,-0.11,27.00,0.04,-0.01
3080356,27.00,-0.04,-0.23,28.00,-3.29,-0.42,27.00,0.04,0.02
3080416,27.00,-0.10,-0.23,28.00,-2.92,-0.38,27.00,-0.05,0.02
3080476,27.00,0.04,-0.20,28.00,-2.51,-0.74,27.00,0.02,-0.08
3080537,27.00,0.05,-0.20,28.00,-1.91,-1.06,27.00,0.02,0.03
3080597,27.00,-0.02,-0.15,28.00,-1.52,-0.09,27.00,-0.02,-0.07
3080657,27.00,-0.02,-0.17,28.00,-1.05,-0.44,27.00,0.02,0.03
3080717,27.00,-0.08,-0.20,28.00,-0.45,-0.71,27.00,-0.04,-0.02
3080777,27.00,0.14,-0.01,28.00,0.24,-0.40,27.00,0.02,0.02
3080837,27.00,0.02,-0.19,28.00,0.78,-0.02,27.00,-0.01,-0.05
3080897,27.00,0.15,0.07,28.00,1.22,-0.08,27.00,0.05,0.07
3080957,27.00,0.02,-0.11,28.00,2.03,-0.65,27.00,0.04,-0.06
3081018,27.00,0.04,-0.00,28.00,2.25,-0.14,27.00,-0.04,-0.02
3081078,27.00,-0.14,-0.34,28.00,2.89,0.26,27.00,-0.07,-0.07
3081138,27.00,-0.10,-0.10,28.00,3.25,-0.12,27.00,-0.01,-0.10
3081198,27.00,0.15,-0.10,28.00,3.52,-0.09,27.00,-0.04,-0.00
3081258,27.00,0.07,-0.33,28.00,3.52,0.06,27.00,-0.04,-0.03
3081318,27.00,0.15,-0.10,28.00,3.74,-0.03,27.00,-0.01,-0.06
3081378,27.00,-0.05,-0.33,28.00,3.67,0.13,27.00,-0.05,-0.04
3081439,27.00,-0.04,-0.23,28.00,3.74,0.21,27.00,-0.01,-0.07
3081499,27.00,0.04,-0.26,28.00,3.63,-0.02,27.00,-0.08,-0.07
3081559,27.00,0.07,-0.12,28.00,3.60,-0.07,27.00,0.02,-0.06
3081619,27.00,0.07,-0.15,28.00,3.17,-0.35,27.00,-0.04,0.04
3081679,27.00,0.20,-0.07,28.00,2.91,0.25,27.00,0.05,0.04
3081739,27.00,0.04,-0.28,28.00,2.41,-0.53,27.00,0.02,-0.04
3081799,27.00,0.10,-0.18,28.00,1.96,-0.00,27.00,-0.07,-0.07
3081859,27.00,-0.10,-0.25,28.00,1.34,0.10,27.00,0.04,0.07
3081920,27.00,-0.07,-0.16,28.00,1.09,0.52,27.00,-0.02,0.04
3081980,27.00,-0.07,-0.33,28.00,0.23,0.05,27.00,-0.05,-0.09
3082040,27.00,-0.01,-0.17,28.00,-0.24,-0.26,27.00,-0.02,-0.13
3082100,27.00,0.01,-0.18,28.00,-0.84,-0.09,27.00,0.05,-0.00
3082160,27.00,0.02,-0.22,28.00,-1.21,-0.03,27.00,-0.04,-0.14
3082220,27.00,-0.02,-0.04,28.00,-2.01,-0.48,27.00,0.02,-0.07
3082280,27.00,0.04,-0.13,28.00,-2.40,-0.44,27.00,0.02,0.00
3082341,27.00,0.12,-0.28,28.00,-2.81,-0.37,27.00,0.05,-0.05
3082401,27.00,0.01,-0.14,28.00,-3.39,0.15,27.00,0.02,-0.06
3082461,27.00,-0.04,-0.15,28.00,-3.63,0.13,27.00,-0.02,-0.10
3082521,27.00,0.02,-0.22,28.00,-3.44,-0.16,27.00,0.04,0.03
3082581,27.00,-0.01,-0.21,28.00,-3.80,-0.17,27.00,0.05,-0.03
3082641,27.00,-0.07,-0.15,28.00,-3.86,-0.28,27.00,0.01,0.04
3082701,27.00,0.11,-0.29,28.00,-3.77,-0.11,27.00,-0.05,-0.03
3082761,27.00,-0.02,-0.26,28.00,-3.68,-0.36,27.00,0.05,-0.07
3082822,27.00,-0.02,-0.15,28.00,-3.39,-0.58,27.00,0.04,0.02
3082882,27.00,-0.14,-0.38,28.00,-3.14,-0.76,27.00,-0.02,-0.06
3082942,27.00,-0.01,-0.24,28.00,-2.67,0.07,27.00,-0.02,-0.04
3083002,27.00,0.07,-0.12,28.00,-2.37,-0.46,27.00,0.14,-0.00
3083062,27.00,-0.05,-0.15,28.00,-1.60,-0.47,27.00,0.02,0.03
3083122,27.00,0.17,-0.18,28.00,-1.24,-0.50,27.00,-0.02,-0.07
3083182,27.00,-0.17,-0.25,28.00,-0.73,-0.65,27.00,0.04,-0.06
3083243,27.00,-0.18,-0.34,28.00,-0.11,-0.86,27.00,0.05,-0.06
3083303,27.00,0.10,-0.19,28.00,0.37,-0.66,27.00,0.04,0.01
3083363,27.00,-0.17,-0.30,28.00,0.97,-0.16,27.00,-0.07,-0.00
3083423,27.00,0.07,-0.11,28.00,1.59,0.07,27.00,0.05,-0.07
3083483,27.00,-0.07,-0.11,28.00,2.22,-0.09,27.00,-0.04,-0.07
3083543,27.00,0.12,-0.19,28.00,2.45,-0.22,27.00,-0.02,0.03
3083603,27.00,0.04,-0.30,28.00,2.89,0.24,27.00,-0.04,0.01
3083663,27.00,-0.10,-0.28,28.00,2.97,-0.13,27.00,0.02,-0.07
3083724,27.00,0.04,-0.18,28.00,3.42,0.02,27.00,-0.04,-0.01
3083784,27.00,0.07,-0.15,28.00,3.63,-0.08,27.00,0.07,-0.07
3083844,27.00,-0.05,-0.18,28.00,3.92,-0.18,27.00,0.04,-0.00
3083904,27.00,0.05,-0.23,28.00,4.11,0.08,27.00,-0.04,-0.15
3083964,27.00,0.20,-0.05,28.00,3.68,-0.08,27.00,-0.05,-0.06
3084024,27.00,0.12,-0.17,28.00,3.52,-0.25,27.00,-0.05,-0.07
3084084,27.00,0.05,-0.03,28.00,3.05,0.18,27.00,-0.01,-0.07
3084145,27.00,0.07,0.05,28.00,3.05,0.27,27.00,-0.01,-0.07
3084205,27.00,0.01,-0.38,28.00,2.73,-0.44,27.00,-0.04,-0.15
3084265,27.00,-0.08,-0.28,28.00,2.53,-0.03,27.00,-0.02,-0.02
3084325,27.00,0.07,-0.20,28.00,1.75,0.19,27.00,0.04,-0.00
3084385,27.00,-0.12,-0.26,28.00,1.15,-0.05,27.00,-0.01,-0.02
3084445,27.00,0.10,-0.30,28.00,0.48,0.25,27.00,-0.04,0.01
3084505,27.00,0.11,0.02,28.00,0.04,-0.22,27.00,-0.02,-0.01
3084566,27.00,-0.04,-0.30,28.00,-0.70,0.06,27.00,-0.08,-0.05
3084626,27.00,-0.05,-0.10,28.00,-1.36,-0.72,27.00,-0.02,-0.04
3084686,27.00,0.17,-0.19,28.00,-1.68,-0.29,27.00,-0.01,0.00
3084746,27.00,-0.02,-0.21,28.00,-2.06,-0.51,27.00,-0.08,-0.04
3084806,27.00,-0.02,-0.22,28.00,-2.62,-0.58,27.00,-0.04,-0.04
3084866,27.00,-0.01,-0.20,28.00,-2.95,-0.38,27.00,-0.02,0.02
3084926,27.00,0.04,-0.30,28.00,-3.38,-0.21,27.00,-0.05,-0.00
3084986,27.00,-0.08,-0.23,28.00,-3.38,-0.15,27.00,-0.02,-0.00
3085047,27.00,0.05,-0.29,28.00,-3.85,-0.35,27.00,0.01,-0.12
3085107,27.00,-0.04,-0.25,28.00,-3.68,-0.49,27.00,-0.01,-0.04
3085167,27.00,-0.02,-0.15,28.00,-3.92,-0.34,27.00,-0.04,-0.08
3085227,27.00,-0.17,-0.20,28.00,-4.08,-0.48,27.00,0.04,-0.02
3085287,27.00,0.05,-0.17,28.00,-3.51,-0.82,27.00,0.05,-0.07
3085347,27.00,0.12,-0.09,28.00,-3.29,-0.36,27.00,0.01,-0.11
3085407,27.00,-0.04,-0.07,28.00,-3.17,-0.51,27.00,-0.02,-0.03
3085468,27.00,-0.04,-0.03,28.00,-2.76,-0.38,27.00,0.05,0.01
3085528,27.00,0.17,-0.07,28.00,-2.45,-0.02,27.00,-0.02,-0.10
3085588,27.00,-0.14,-0.20,28.00,-1.71,-0.51,27.00,0.01,-0.00
3085648,27.00,-0.05,-0.18,28.00,-1.05,-0.29,27.00,-0.01,-0.07
3085708,27.00,0.04,-0.17,28.00,-0.27,-0.75,27.00,-0.02,-0.08
3085768,27.00,0.08,-0.15,28.00,0.14,-0.42,27.00,-0.02,-0.04
3085828,27.00,-0.15,-0.41,28.00,0.51,-0.31,27.00,0.05,-0.03
3085888,27.00,-0.12,-0.33,28.00,1.11,0.07,27.00,0.01,-0.02
3085949,27.00,-0.15,-0.17,28.00,1.91,-0.22,27.00,-0.05,0.02
3086009,27.00,0.10,-0.15,28.00,2.28,-0.41,27.00,-0.02,-0.03
3086069,27.00,-0.08,-0.22,28.00,2.98,-0.28,27.00,0.01,-0.03
3086129,27.00,-0.07,-0.32,28.00,2.89,-0.08,27.00,-0.05,-0.10
3086189,27.00,0.07,-0.07,28.00,3.35,0.00,27.00,-0.04,-0.03
3086249,27.00,0.24,0.06,28.00,3.54,0.07,27.00,0.01,-0.06
3086309,27.00,-0.04,-0.32,28.00,3.82,-0.06,27.00,-0.08,0.02
3086370,27.00,-0.20,-0.22,28.00,3.74,0.07,27.00,-0.01,0.00
3086430,27.00,-0.07,-0.26,28.00,3.80,0.19,27.00,-0.01,0.05
3086490,27.00,0.04,-0.11,28.00,3.64,0.02,27.00,0.08,-0.00
3086550,27.00,-0.11,-0.23,28.00,3.67,-0.29,27.00,-0.08,-0.01
3086610,27.00,-0.05,-0.25,28.00,3.13,0.05,27.00,0.04,-0.05
3086670,27.00,-0.04,-0.27,28.00,2.76,-0.00,27.00,0.04,-0.05
3086730,27.00,-0.17,-0.22,28.00,2.34,-0.39,27.00,0.04,-0.01
3086790,27.00,0.04,-0.22,28.00,2.00,-0.30,27.00,0.05,-0.04
3086851,27.00,-0.11,-0.24,28.00,1.27,0.10,27.00,-0.04,-0.02
3086911,27.00,0.07,-0.12,28.00,0.70,-0.02,27.00,-0.07,-0.07
3086971,27.00,-0.01,-0.36,28.00,0.42,0.07,27.00,-0.04,-0.04
3087031,27.00,-0.12,-0.22,28.00,-0.30,-0.33,27.00,-0.04,-0.03
3087091,27.00,-0.20,-0.23,28.00,-0.83,-0.60,27.00,-0.02,0.00
3087151,27.00,-0.11,-0.22,28.00,-1.27,-0.26,27.00,-0.01,-0.05
3087211,27.00,0.01,-0.29,28.00,-2.07,0.03,27.00,-0.02,0.02
3087272,27.00,-0.11,-0.22,28.00,-2.29,0.30,27.00,-0.04,0.01
3087332,27.00,-0.04,-0.07,28.00,-2.89,0.00,27.00,-0.04,0.03
3087392,27.00,0.11,-0.12,28.00,-3.14,-0.35,27.00,0.01,-0.10
3087452,27.00,-0.17,-0.20,28.00,-3.55,-0.49,27.00,0.04,-0.03
3087512,27.00,-0.12,-0.20,28.00,-3.55,-0.28,27.00,-0.02,-0.02
3087572,27.00,0.04,-0.34,28.00,-3.96,0.33,27.00,-0.02,-0.09
3087632,27.00,0.02,-0.22,28.00,-3.95,0.13,27.00,-0.08,0.00
3087692,27.00,-0.21,-0.25,28.00,-4.04,-0.53,27.00,0.04,-0.10
3087753,27.00,-0.08,-0.38,28.00,-3.58,-0.95,27.00,-0.04,-0.04
3087813,27.00,0.07,-0.16,28.00,-3.36,0.03,27.00,0.05,0.01
3087873,27.00,0.07,-0.22,28.00,-3.22,-0.03,27.00,-0.05,-0.03
3087933,27.00,0.04,-0.15,28.00,-2.95,-0.40,27.00,0.01,0.02
3087993,27.00,-0.11,-0.29,28.00,-2.60,-0.49,27.00,0.05,-0.00
3088053,27.00,-0.02,-0.09,28.00,-2.16,0.02,27.00,-0.01,0.05
3088113,27.00,-0.08,-0.09,28.00,-1.47,-0.55,27.00,-0.01,-0.08
3088174,27.00,0.21,-0.17,28.00,-0.83,-0.78,27.00,-0.02,-0.01
3088234,27.00,-0.11,-0.11,28.00,-0.12,-0.68,27.00,0.02,-0.06
3088294,27.00,-0.04,-0.12,28.00,0.17,-0.23,27.00,-0.02,-0.07
3088354,27.00,-0.01,-0.31,28.00,0.95,-0.43,27.00,-0.01,-0.07
3088414,27.00,0.05,-0.21,28.00,1.50,-0.37,27.00,0.01,-0.07
3088474,27.00,-0.01,-0.34,28.00,1.87,-0.05,27.00,-0.02,0.00
3088534,27.00,0.10,-0.22,28.00,2.45,-0.20,27.00,-0.11,0.00
3088594,27.00,0.07,-0.17,28.00,2.97,-0.20,27.00,-0.01,0.04
3088655,27.00,-0.01,-0.15,28.00,3.14,-0.11,27.00,-0.01,-0.04
3088715,27.00,-0.01,-0.15,28.00,3.55,0.07,27.00,0.04,-0.05
3088775,27.00,-0.12,-0.25,28.00,3.80,-0.05,27.00,-0.07,-0.04
3088835,27.00,0.08,-0.27,28.00,4.20,0.29,27.00,-0.11,0.03
3088895,27.00,-0.07,0.00,28.00,3.64,0.16,27.00,-0.05,-0.07
3088955,27.00,0.02,-0.14,28.00,3.73,0.31,27.00,0.11,-0.04
3089015,27.00,-0.08,-0.42,28.00,3.54,-0.29,27.00,-0.08,-0.07
3089076,27.00,-0.04,-0.26,28.00,3.61,-0.37,27.00,-0.02,0.01
3089136,27.00,-0.05,-0.35,28.00,3.19,-0.07,27.00,-0.04,-0.09
3089196,27.00,0.08,-0.27,28.00,2.81,0.39,27.00,-0.05,0.03
3089256,27.00,-0.11,-0.26,28.00,2.38,0.28,27.00,0.01,-0.02
3089316,27.00,0.02,-0.18,28.00,1.60,0.36,27.00,-0.02,0.08
3089376,27.00,-0.20,-0.15,28.00,1.16,0.15,27.00,0.05,-0.03
3089436,27.00,-0.07,-0.31,28.00,0.45,-0.22,27.00,-0.04,-0.04
3089497,27.00,-0.07,-0.21,28.00,0.26,-0.07,27.00,0.07,-0.08
3089557,27.00,-0.12,-0.20,28.00,-0.51,-0.29,27.00,0.01,-0.05
3089617,27.00,-0.01,-0.28,28.00,-1.02,0.14,27.00,-0.02,-0.10
3089677,27.00,-0.05,-0.16,28.00,-1.63,0.07,27.00,-0.02,0.01
3089737,27.00,-0.04,-0.20,28.00,-2.29,0.04,27.00,-0.04,-0.05
3089797,27.00,0.11,-0.24,28.00,-2.45,-0.02,27.00,-0.08,0.01
3089857,27.00,-0.01,-0.31,28.00,-3.08,0.05,27.00,0.04,-0.07
3089917,27.00,0.07,-0.28,28.00,-3.14,-0.53,27.00,-0.05,-0.04
3089978,27.00,0.02,-0.17,28.00,-3.55,-0.39,27.00,-0.05,0.00
3090038,27.00,-0.04,-0.22,28.00,-3.66,-0.15,27.00,-0.02,0.00
3090098,27.00,0.23,-0.16,28.00,-3.76,-0.34,27.00,0.08,-0.07
3090158,27.00,-0.05,0.09,28.00,-4.07,-0.85,27.00,0.02,-0.02
3090218,27.00,-0.07,-0.34,28.00,-3.89,-0.02,27.00,-0.02,-0.04
3090278,27.00,-0.04,-0.20,28.00,-3.58,-0.07,27.00,0.08,-0.03
3090338,27.00,0.08,-0.02,28.00,-3.23,-0.45,27.00,0.02,-0.06
3090399,27.00,-0.02,-0.13,28.00,-3.33,-0.41,27.00,-0.04,-0.04
3090459,27.00,0.20,-0.13,28.00,-2.47,-0.28,27.00,-0.02,-0.02
3090519,27.00,0.02,-0.24,28.00,-2.13,-0.29,27.00,0.01,-0.00
3090579,27.00,-0.12,-0.29,28.00,-1.68,-0.28,27.00,-0.04,0.03
3090639,27.00,-0.18,-0.10,28.00,-1.22,-0.51,27.00,0.01,-0.02
3090699,27.00,-0.10,-0.15,28.00,-0.59,-0.43,27.00,0.02,-0.00
3090759,27.00,0.07,-0.20,28.00,-0.14,-0.67,27.00,-0.07,-0.06
3090819,27.00,-0.02,-0.00,28.00,0.78,-0.29,27.00,0.08,0.01
3090880,27.00,-0.04,-0.26,28.00,1.33,-0.31,27.00,-0.02,-0.03
3090940,27.00,0.07,-0.15,28.00,1.74,0.15,27.00,0.07,0.04
3091000,27.00,-0.08,0.03,28.00,2.04,0.35,27.00,-0.02,-0.02
3091060,27.00,-0.02,-0.49,28.00,2.54,-0.15,27.00,0.01,-0.04
3091120,27.00,0.21,-0.17,28.00,2.94,-0.26,27.00,-0.05,-0.11
3091180,27.00,0.04,-0.25,28.00,3.57,-0.22,27.00,-0.01,0.06
3091240,27.00,-0.04,-0.05,28.00,3.58,-0.50,27.00,0.02,-0.01
3091301,27.00,-0.05,-0.05,28.00,4.02,0.12,27.00,-0.07,-0.07
3091361,27.00,-0.01,-0.13,28.00,3.82,0.02,27.00,-0.04,-0.05
3091421,27.00,0.12,-0.28,28.00,4.01,-0.16,27.00,-0.01,-0.02
3091481,27.00,0.17,-0.05,28.00,3.85,0.18,27.00,-0.05,0.02
3091541,27.00,-0.01,-0.23,28.00,3.51,-0.05,27.00,0.01,0.01
3091601,27.00,-0.08,-0.15,28.00,3.25,-0.08,27.00,0.07,-0.08
3091661,27.00,0.10,-0.07,28.00,2.91,-0.04,27.00,0.02,-0.02
3091721,27.00,0.01,-0.13,28.00,2.53,0.17,27.00,-0.08,-0.02
3091782,27.00,-0.12,-0.11,28.00,2.16,0.58,27.00,-0.04,-0.07
3091842,27.00,0.12,-0.34,28.00,1.60,-0.37,27.00,-0.02,-0.01
3091902,27.00,0.04,-0.06,28.00,0.99,0.38,27.00,0.05,-0.04
3091962,27.00,-0.04,-0.12,28.00,0.34,0.44,27.00,0.01,-0.02
3092022,27.00,-0.11,-0.22,28.00,-0.11,-0.06,27.00,0.02,0.01
3092082,27.00,0.11,-0.15,28.00,-0.81,0.00,27.00,-0.04,-0.02
3092142,27.00,0.11,-0.07,28.00,-1.28,-0.39,27.00,0.05,-0.04
3092203,27.00,-0.05,-0.27,28.00,-1.75,-0.29,27.00,0.01,-0.03
3092263,27.00,0.04,-0.34,28.00,-2.31,-0.61,27.00,0.07,-0.01
3092323,27.00,-0.02,-0.29,28.00,-2.95,-0.12,27.00,-0.02,0.00
3092383,27.00,-0.01,-0.27,28.00,-3.01,-0.02,27.00,-0.02,-0.04
3092443,27.00,-0.02,-0.16,28.00,-3.27,-0.35,27.00,0.02,-0.00
3092503,27.00,0.14,-0.20,28.00,-3.92,-0.48,27.00,0.04,0.00
3092563,27.00,-0.23,-0.40,28.00,-3.77,-0.28,27.00,-0.01,-0.05
3092623,27.00,-0.10,-0.30,28.00,-3.66,-0.49,27.00,0.05,0.00
3092684,27.00,0.11,-0.09,28.00,-3.88,-0.46,27.00,0.07,0.07
3092744,27.00,0.04,-0.17,28.00,-3.58,-0.89,27.00,0.04,-0.02
3092804,27.00,-0.02,-0.11,28.00,-3.38,-0.55,27.00,-0.01,-0.06
3092864,27.00,-0.15,-0.36,28.00,-3.13,-0.43,27.00,-0.05,-0.01
3092924,27.00,0.07,-0.19,28.00,-2.79,-0.85,27.00,-0.04,0.02
3092984,27.00,0.15,-0.18,28.00,-2.57,-0.05,27.00,0.01,-0.08
3093044,27.00,-0.12,0.01,28.00,-1.99,-0.57,27.00,-0.05,-0.10
3093105,27.00,-0.14,-0.33,28.00,-1.49,-0.68,27.00,-0.04,-0.01
3093165,27.00,0.04,-0.23,28.00,-0.68,-0.85,27.00,0.05,0.09
3093225,27.00,-0.05,0.07,28.00,-0.29,-0.44,27.00,0.01,-0.02
3093285,27.00,-0.02,-0.14,28.00,0.26,-0.55,27.00,0.04,0.01
3093345,27.00,-0.02,-0.15,28.00,0.70,-0.27,27.00,0.04,0.00
3093405,27.00,-0.04,-0.15,28.00,1.27,-0.13,27.00,0.02,-0.07
3093465,27.00,0.10,-0.22,28.00,1.85,0.00,27.00,-0.01,-0.07
3093525,27.00,0.12,-0.03,28.00,2.28,0.32,27.00,-0.01,-0.02
3093586,27.00,-0.10,-0.04,28.00,2.79,-0.36,27.00,-0.01,-0.03
3093646,27.00,-0.02,-0.17,28.00,3.08,0.23,27.00,-0.01,-0.01
3093706,27.00,0.10,-0.04,28.00,3.58,-0.14,27.00,0.04,-0.05
3093766,27.00,-0.10,-0.17,28.00,3.68,-0.23,27.00,-0.04,0.04
3093826,27.00,-0.11,-0.30,28.00,4.20,-0.22,27.00,0.01,-0.07
3093886,27.00,0.01,-0.15,28.00,3.86,0.32,27.00,-0.02,0.02
3093946,27.00,0.01,-0.20,28.00,3.86,-0.14,27.00,-0.05,-0.08
3094007,27.00,0.11,-0.16,28.00,3.68,-0.04,27.00,-0.01,-0.05
3094067,27.00,-0.12,-0.34,28.00,3.45,0.04,27.00,-0.04,-0.08
3094127,27.00,-0.05,-0.19,28.00,3.19,0.26,27.00,0.04,-0.03
3094187,27.00,-0.01,-0.20,28.00,2.85,-0.08,27.00,0.01,-0.11
3094247,27.00,0.11,-0.16,28.00,2.44,-0.03,27.00,-0.01,0.00
3094307,27.00,0.11,-0.18,28.00,1.96,-0.09,27.00,-0.05,-0.11
3094367,27.00,-0.04,-0.09,28.00,1.27,-0.06,27.00,-0.01,-0.01
3094427,27.00,-0.08,-0.24,28.00,0.96,-0.44,27.00,-0.04,0.01
3094488,27.00,0.05,-0.00,28.00,0.29,-0.29,27.00,-0.08,0.01
3094548,27.00,0.07,-0.06,28.00,-0.46,-0.23,27.00,-0.02,-0.03
3094608,27.00,0.04,-0.28,28.00,-1.02,-0.51,27.00,-0.04,0.02
3094668,27.00,0.11,-0.12,28.00,-1.60,0.19,27.00,0.04,0.02
3094728,27.00,0.08,0.09,28.00,-2.18,0.28,27.00,0.01,-0.02
3094788,27.00,-0.05,-0.23,28.00,-2.45,-0.05,27.00,-0.11,-0.03
3094848,27.00,0.05,-0.11,28.00,-3.04,0.01,27.00,-0.01,0.00
3094909,27.00,-0.05,-0.08,28.00,-3.32,0.05,27.00,0.02,-0.07
3094969,27.00,-0.21,-0.17,28.00,-3.36,-0.31,27.00,0.05,-0.06
3095029,27.00,-0.08,-0.17,28.00,-3.80,-0.23,27.00,0.02,-0.06
3095089,27.00,-0.04,-0.22,28.00,-3.74,-0.18,27.00,0.02,0.02
3095149,27.00,-0.18,-0.07,28.00,-3.82,-0.22,27.00,-0.02,-0.00
3095209,27.00,-0.17,-0.32,28.00,-3.71,-0.49,27.00,-0.01,-0.04
3095269,27.00,-0.05,-0.10,28.00,-3.38,-0.72,27.00,-0.01,-0.01
3095329,27.00,-0.14,-0.11,28.00,-3.17,-0.29,27.00,-0.04,-0.09
3095390,27.00,-0.10,-0.22,28.00,-3.25,-0.57,27.00,0.04,-0.07
3095450,27.00,-0.11,-0.22,28.00,-2.48,-1.06,27.00,0.02,-0.03
3095510,27.00,-0.10,-0.21,28.00,-2.19,-0.35,27.00,0.04,-0.04
3095570,27.00,0.04,-0.14,28.00,-2.07,-1.04,27.00,-0.02,-0.07
3095630,27.00,0.02,-0.36,28.00,-1.18,-0.65,27.00,-0.02,-0.03
3095690,27.00,0.17,-0.34,28.00,-0.92,-0.61,27.00,0.07,0.00
3095750,27.00,-0.01,-0.18,28.00,-0.14,-0.46,27.00,0.02,-0.01
3095811,27.00,-0.08,-0.16,28.00,0.45,-0.64,27.00,-0.04,0.00
3095871,27.00,-0.02,-0.17,28.00,1.08,-0.10,27.00,-0.02,-0.04
3095931,27.00,0.05,-0.08,28.00,1.50,0.08,27.00,0.04,0.00
3095991,27.00,0.02,-0.08,28.00,1.96,-0.55,27.00,-0.10,-0.06
3096051,27.00,0.14,-0.00,28.00,2.59,0.56,27.00,0.05,0.01
3096111,27.00,-0.01,-0.22,28.00,2.91,-0.56,27.00,0.01,0.01
3096171,27.00,0.14,-0.01,28.00,3.27,-0.07,27.00,-0.01,0.01
3096231,27.00,0.07,-0.00,28.00,3.45,0.26,27.00,-0.01,0.00
3096292,27.00,0.10,-0.24,28.00,3.64,0.24,27.00,-0.05,0.03
3096352,27.00,0.04,-0.18,28.00,3.67,0.59,27.00,0.01,-0.03
3096412,27.00,0.04,-0.22,28.00,4.04,0.14,27.00,0.02,-0.02
3096472,27.00,-0.08,-0.31,28.00,3.77,0.11,27.00,-0.07,-0.00
3096532,27.00,-0.12,-0.15,28.00,3.60,0.19,27.00,0.05,0.05
3096592,27.00,0.01,-0.18,28.00,3.48,0.08,27.00,0.01,-0.05
3096652,27.00,0.10,-0.15,28.00,2.98,0.10,27.00,0.04,-0.06
3096713,27.00,-0.10,-0.16,28.00,2.70,-0.26,27.00,-0.08,-0.01
3096773,27.00,0.14,-0.18,28.00,2.16,-0.46,27.00,-0.05,-0.00
3096833,27.00,0.12,-0.22,28.00,1.75,0.07,27.00,-0.08,-0.03
3096893,27.00,0.08,-0.25,28.00,1.30,-0.45,27.00,-0.07,-0.00
3096953,27.00,0.07,-0.06,28.00,0.59,0.16,27.00,0.01,-0.00
3097013,27.00,-0.01,-0.11,28.00,-0.10,-0.18,27.00,-0.08,-0.12
3097073,27.00,-0.10,-0.07,28.00,-0.70,-0.40,27.00,-0.05,0.04
3097134,27.00,0.05,-0.20,28.00,-1.18,-0.17,27.00,-0.05,0.00
3097194,27.00,0.08,-0.32,28.00,-1.75,0.03,27.00,0.04,-0.11
3097254,27.00,-0.07,-0.16,28.00,-2.16,0.05,27.00,-0.01,0.03
3097314,27.00,0.12,-0.17,28.00,-2.89,-0.04,27.00,-0.01,-0.03
3097374,27.00,-0.08,-0.26,28.00,-3.30,-0.22,27.00,-0.02,-0.02
3097434,27.00,0.07,-0.20,28.00,-3.42,0.04,27.00,0.01,0.02
3097494,27.00,0.04,-0.24,28.00,-3.57,-0.04,27.00,-0.05,-0.03
3097554,27.00,0.10,-0.14,28.00,-3.61,0.22,27.00,0.05,-0.04
3097615,27.00,0.02,-0.20,28.00,-3.98,-0.13,27.00,-0.02,-0.00
3097675,27.00,-0.08,-0.37,28.00,-3.92,-0.62,27.00,-0.02,-0.01
3097735,27.00,-0.04,-0.22,28.00,-4.11,-0.23,27.00,0.01,-0.02
3097795,27.00,0.08,-0.11,28.00,-3.71,0.04,27.00,-0.07,-0.06
3097855,27.00,0.11,-0.37,28.00,-3.10,-0.51,27.00,0.02,-0.03
3097915,27.00,0.04,-0.30,28.00,-2.88,-0.44,27.00,0.02,0.05
3097975,27.00,0.01,-0.21,28.00,-2.48,-0.79,27.00,-0.04,-0.00
3098036,27.00,-0.05,-0.31,28.00,-2.13,-0.70,27.00,0.07,-0.05
3098096,27.00,0.04,-0.33,28.00,-1.74,-0.51,27.00,-0.01,-0.03
3098156,27.00,0.07,-0.07,28.00,-0.92,-0.69,27.00,-0.02,-0.02
3098216,27.00,0.14,-0.22,28.00,-0.36,-1.06,27.00,-0.02,-0.05
3098276,27.00,0.10,-0.22,28.00,0.17,-0.38,27.00,0.05,0.06
3098336,27.00,-0.05,-0.15,28.00,0.62,0.00,27.00,-0.02,-0.06
3098396,27.00,0.08,-0.22,28.00,1.41,-0.23,27.00,0.05,-0.07
3098456,27.00,-0.07,-0.11,28.00,1.82,0.04,27.00,0.01,-0.05
3098517,27.00,0.12,0.04,28.00,2.16,-0.21,27.00,-0.01,0.01
3098577,27.00,-0.01,-0.23,28.00,2.67,0.36,27.00,-0.02,-0.13
3098637,27.00,0.05,-0.00,28.00,3.11,-0.20,27.00,0.01,-0.05
3098697,27.00,-0.02,-0.18,28.00,3.38,0.01,27.00,-0.04,-0.03
3098757,27.00,0.02,-0.04,28.00,3.70,-0.43,27.00,0.05,0.03
3098817,27.00,-0.07,-0.22,28.00,3.76,0.15,27.00,0.02,-0.07
3098877,27.00,-0.15,-0.22,28.00,3.93,0.09,27.00,-0.05,0.00
3098938,27.00,0.02,-0.22,28.00,3.88,0.16,27.00,-0.04,0.03
3098998,27.00,-0.07,-0.26,28.00,3.74,0.30,27.00,-0.01,-0.06
3099058,27.00,0.01,-0.27,28.00,3.48,-0.34,27.00,-0.02,-0.08
3099118,27.00,0.04,-0.21,28.00,3.11,-0.23,27.00,-0.01,-0.01
3099178,27.00,-0.04,-0.31,28.00,2.85,0.14,27.00,-0.02,0.02
3099238,27.00,-0.11,-0.23,28.00,2.38,0.09,27.00,-0.02,0.02
3099298,27.00,0.12,-0.20,28.00,1.84,-0.03,27.00,-0.05,-0.03
3099358,27.00,0.01,-0.15,28.00,1.25,0.57,27.00,0.01,-0.05
3099419,27.00,0.05,-0.21,28.00,0.73,0.45,27.00,0.01,-0.04
3099479,27.00,0.04,-0.12,28.00,0.23,-0.41,27.00,-0.04,0.01
3099539,27.00,0.02,-0.25,28.00,-0.20,-0.00,27.00,-0.04,-0.05
3099599,27.00,-0.12,-0.14,28.00,-0.86,0.29,27.00,-0.05,-0.11
3099659,27.00,0.07,-0.18,28.00,-1.34,0.12,27.00,0.07,-0.05
3099719,27.00,0.07,-0.17,28.00,-1.84,-0.28,27.00,0.01,-0.02
3099779,27.00,0.05,-0.25,28.00,-2.56,-0.03,27.00,0.04,-0.06
3099840,27.00,0.01,-0.22,28.00,-2.86,0.15,27.00,-0.04,-0.00
3099900,27.00,-0.01,-0.27,28.00,-3.32,-0.36,27.00,-0.07,-0.12
3099960,27.00,0.14,-0.03,28.00,-3.38,-0.14,27.00,-0.07,-0.01
3100020,27.00,-0.10,-0.32,28.00,-3.57,-0.37,27.00,-0.02,0.00
3100080,27.00,-0.26,-0.28,28.00,-4.12,0.12,27.00,0.01,-0.08
3100140,27.00,-0.01,-0.17,28.00,-3.96,-0.73,27.00,-0.02,-0.09
3100200,27.00,-0.08,-0.22,28.00,-4.12,-0.13,27.00,-0.04,-0.03
3100260,27.00,-0.23,-0.36,28.00,-3.93,-0.22,27.00,0.01,0.03
3100321,27.00,0.20,-0.22,28.00,-3.45,-0.51,27.00,0.02,-0.04
3100381,27.00,-0.04,-0.11,28.00,-3.03,-0.38,27.00,0.04,-0.01
3100441,27.00,-0.10,-0.29,28.00,-2.66,0.23,27.00,-0.02,0.01
3100501,27.00,0.10,-0.23,28.00,-2.41,-0.65,27.00,0.02,-0.07
3100561,27.00,0.02,-0.20,28.00,-1.62,-0.07,27.00,0.04,0.00
3100621,27.00,-0.02,-0.33,28.00,-1.27,-0.61,27.00,-0.07,0.00
3100681,27.00,0.05,-0.14,28.00,-0.68,-0.87,27.00,0.01,-0.04
3100742,27.00,0.08,-0.26,28.00,-0.30,-0.79,27.00,-0.01,-0.02
3100802,27.00,-0.02,-0.15,28.00,0.52,-0.71,27.00,-0.01,-0.03
3100862,27.00,-0.02,-0.25,28.00,0.99,-0.43,27.00,-0.02,-0.04
3100922,27.00,-0.12,-0.31,28.00,1.46,0.03,27.00,-0.02,-0.01
3100982,27.00,-0.05,-0.36,28.00,2.26,-0.07,27.00,0.01,-0.04
3101042,27.00,-0.07,-0.19,28.00,2.64,0.03,27.00,0.02,-0.02
3101102,27.00,0.01,-0.15,28.00,2.95,-0.07,27.00,0.01,0.03
3101162,27.00,0.07,-0.19,28.00,2.97,-0.10,27.00,-0.02,-0.04
3101223,27.00,0.01,-0.08,28.00,3.67,-0.44,27.00,0.05,-0.00
3101283,27.00,-0.10,-0.04,28.00,3.88,-0.09,27.00,0.01,-0.04
3101343,27.00,0.07,-0.24,28.00,3.89,0.11,27.00,-0.04,0.02
3101403,27.00,-0.10,-0.34,28.00,3.58,0.37,27.00,-0.01,-0.06
3101463,27.00,-0.10,-0.25,28.00,3.92,0.39,27.00,0.02,-0.01
3101523,27.00,-0.01,-0.15,28.00,3.48,-0.14,27.00,-0.07,0.05
3101583,27.00,-0.11,-0.17,28.00,3.49,0.13,27.00,0.02,0.04
3101644,27.00,-0.12,-0.24,28.00,2.97,-0.04,27.00,0.04,-0.04
3101704,27.00,0.08,-0.13,28.00,2.73,0.33,27.00,-0.02,-0.05
3101764,27.00,-0.02,-0.11,28.00,2.16,0.15,27.00,-0.01,-0.06
3101824,27.00,0.02,-0.22,28.00,1.66,0.05,27.00,-0.01,-0.05
3101884,27.00,0.04,-0.15,28.00,1.38,-0.24,27.00,-0.05,-0.00
3101944,27.00,0.07,-0.20,28.00,0.77,0.09,27.00,0.02,-0.03
3102004,27.00,0.07,-0.16,28.00,0.12,-0.08,27.00,-0.04,-0.01
3102065,27.00,-0.04,-0.22,28.00,-0.68,-0.48,27.00,0.01,-0.01
3102125,27.00,0.08,-0.18,28.00,-0.84,-0.50,27.00,-0.02,-0.02
3102185,27.00,-0.08,-0.15,28.00,-1.58,-0.29,27.00,0.02,-0.07
3102245,27.00,-0.17,-0.17,28.00,-2.07,-0.18,27.00,-0.02,-0.07
3102305,27.00,-0.04,-0.14,28.00,-2.78,-0.35,27.00,0.01,-0.09
3102365,27.00,0.07,-0.29,28.00,-2.76,-0.29,27.00,-0.01,0.03
3102425,27.00,-0.01,-0.01,28.00,-3.35,-0.16,27.00,-0.02,0.02
3102485,27.00,0.05,-0.15,28.00,-3.67,-0.01,27.00,0.04,0.02
3102546,27.00,0.08,-0.27,28.00,-3.90,-0.07,27.00,0.05,-0.07
3102606,27.00,-0.10,-0.29,28.00,-4.01,-0.52,27.00,-0.07,0.05
3102666,27.00,-0.05,-0.09,28.00,-4.27,-0.04,27.00,-0.04,0.01
3102726,27.00,0.10,-0.23,28.00,-3.48,-0.81,27.00,0.02,-0.04
3102786,27.00,-0.02,-0.24,28.00,-3.41,-0.38,27.00,-0.02,0.01
3102846,27.00,0.02,-0.08,28.00,-3.13,-0.50,27.00,0.02,-0.09
3102906,27.00,0.08,-0.07,28.00,-3.00,-0.66,27.00,0.01,0.07
3102966,27.00,0.23,-0.13,28.00,-2.63,-0.49,27.00,-0.05,-0.00
3103027,27.00,-0.04,-0.13,28.00,-2.23,-0.25,27.00,-0.04,-0.02
3103087,27.00,0.08,-0.00,28.00,-1.55,-0.48,27.00,-0.04,0.00
3103147,27.00,-0.10,-0.25,28.00,-1.25,-0.31,27.00,-0.01,0.02
3103207,27.00,0.14,-0.16,28.00,-0.56,-0.49,27.00,0.01,-0.08
3103267,27.00,-0.02,-0.35,28.00,0.11,-0.74,27.00,0.01,-0.02
3103327,27.00,0.01,-0.10,28.00,0.65,-0.46,27.00,0.02,-0.00
3103387,27.00,0.01,-0.22,28.00,1.16,0.13,27.00,-0.02,0.02
3103448,27.00,-0.18,-0.23,28.00,1.99,-0.17,27.00,-0.01,0.00
3103508,27.00,-0.08,-0.20,28.00,2.60,-0.07,27.00,-0.01,0.07
3103568,27.00,-0.01,-0.40,28.00,2.84,-0.09,27.00,0.02,-0.01
3103628,27.00,0.11,-0.06,28.00,3.10,-0.17,27.00,0.01,-0.03
3103688,27.00,-0.08,-0.07,28.00,3.27,-0.10,27.00,-0.05,-0.02
3103748,27.00,0.05,-0.29,28.00,3.70,-0.38,27.00,-0.01,-0.01
3103808,27.00,0.02,-0.28,28.00,4.07,-0.00,27.00,-0.08,-0.10
3103869,27.00,0.11,-0.13,28.00,4.04,0.16,27.00,-0.04,-0.03
3103929,27.00,0.01,-0.12,28.00,3.71,-0.46,27.00,0.02,0.00
3103989,27.00,0.01,-0.16,28.00,3.63,-0.15,27.00,-0.04,0.03
3104049,27.00,0.02,-0.15,28.00,3.47,0.19,27.00,0.01,-0.00
3104109,27.00,-0.07,-0.21,28.00,3.25,-0.15,27.00,-0.04,0.02
3104169,27.00,0.32,-0.20,28.00,3.00,0.08,27.00,-0.05,-0.00
3104229,27.00,-0.02,0.14,28.00,2.35,0.11,27.00,-0.02,0.01
3104289,27.00,-0.02,-0.07,28.00,2.15,0.03,27.00,0.01,-0.10
3104350,27.00,-0.01,-0.07,28.00,1.56,0.08,27.00,0.04,-0.07
3104410,27.00,-0.05,0.04,28.00,1.27,-0.34,27.00,-0.04,-0.03
3104470,27.00,-0.01,0.07,28.00,0.48,-0.26,27.00,0.08,-0.09
3104530,27.00,0.01,-0.13,28.00,-0.02,0.02,27.00,-0.02,-0.03
3104590,27.00,-0.05,-0.23,28.00,-0.92,-0.13,27.00,-0.07,-0.07
3104650,27.00,-0.15,-0.16,28.00,-1.14,-0.42,27.00,-0.01,-0.02
3104710,27.00,0.01,-0.35,28.00,-1.96,-0.19,27.00,-0.04,0.04
3104771,27.00,-0.02,-0.21,28.00,-2.57,0.31,27.00,-0.01,0.03
3104831,27.00,-0.07,-0.17,28.00,-2.79,-0.34,27.00,-0.02,-0.05
3104891,27.00,-0.18,-0.31,28.00,-3.11,-0.22,27.00,-0.01,-0.00
3104951,27.00,-0.01,-0.18,28.00,-3.48,-0.31,27.00,-0.02,0.07
3105011,27.00,-0.02,-0.20,28.00,-3.82,0.33,27.00,-0.01,-0.02
3105071,27.00,0.02,-0.28,28.00,-4.05,-0.20,27.00,0.02,0.01
3105131,27.00,0.02,-0.01,28.00,-4.23,0.01,27.00,0.02,0.04
3105191,27.00,0.07,-0.28,28.00,-3.67,-0.84,27.00,0.04,-0.05
3105252,27.00,-0.02,-0.23,28.00,-3.57,-0.59,27.00,0.01,-0.08
3105312,27.00,-0.02,-0.06,28.00,-3.57,-0.10,27.00,0.04,-0.00
3105372,27.00,0.07,-0.16,28.00,-3.26,-0.25,27.00,-0.08,-0.04
3105432,27.00,0.07,-0.23,28.00,-2.79,-0.45,27.00,0.01,0.05
3105492,27.00,-0.01,-0.35,28.00,-2.38,-0.78,27.00,0.01,0.02
3105552,27.00,-0.08,-0.28,28.00,-2.07,-0.37,27.00,-0.01,0.03
3105612,27.00,0.07,-0.31,28.00,-1.44,-0.78,27.00,0.02,-0.00
3105673,27.00,-0.04,-0.18,28.00,-0.87,-1.20,27.00,-0.01,-0.01
3105733,27.00,0.11,-0.30,28.00,-0.26,-0.84,27.00,0.08,-0.03
3105793,27.00,-0.07,-0.15,28.00,0.21,-0.39,27.00,-0.05,-0.03
