3590994,27.00,-0.14,-0.13,28.00,2.00,0.19,27.00,-0.04,-0.07
3591055,27.00,-0.01,-0.12,28.00,2.63,0.19,27.00,-0.02,-0.10
3591115,27.00,-0.04,-0.27,28.00,3.17,-0.74,27.00,0.01,-0.02
3591175,27.00,0.07,-0.15,28.00,3.58,0.03,27.00,-0.02,-0.06
3591235,27.00,0.17,-0.32,28.00,3.29,0.02,27.00,-0.01,-0.06
3591295,27.00,-0.01,-0.25,28.00,3.64,-0.51,27.00,-0.02,-0.02
3591355,27.00,0.01,-0.29,28.00,3.90,-0.36,27.00,-0.05,-0.06
3591415,27.00,-0.01,-0.17,28.00,3.83,-0.31,27.00,-0.02,-0.12
3591476,27.00,-0.14,-0.40,28.00,3.88,0.03,27.00,0.04,-0.03
3591536,27.00,-0.11,-0.27,28.00,3.47,-0.03,27.00,0.01,0.03
3591596,27.00,-0.17,-0.22,28.00,3.32,-0.01,27.00,0.02,0.03
3591656,27.00,0.01,-0.26,28.00,2.84,0.16,27.00,-0.01,-0.07
3591716,27.00,0.05,0.02,28.00,2.72,-0.33,27.00,0.01,-0.07
3591776,27.00,-0.02,-0.19,28.00,2.13,0.49,27.00,0.02,0.02
3591836,27.00,-0.14,-0.38,28.00,1.77,-0.03,27.00,-0.04,-0.04
3591896,27.00,0.05,-0.08,28.00,1.18,0.07,27.00,0.02,-0.04
3591957,27.00,0.05,-0.08,28.00,0.58,0.48,27.00,-0.04,-0.03
3592017,27.00,0.07,-0.12,28.00,-0.08,-0.10,27.00,0.01,-0.00
3592077,27.00,-0.04,-0.13,28.00,-0.52,0.12,27.00,-0.04,-0.02
3592137,27.00,-0.04,-0.22,28.00,-1.02,-0.60,27.00,-0.04,-0.07
3592197,27.00,-0.12,-0.34,28.00,-1.78,-0.33,27.00,-0.01,-0.02
3592257,27.00,-0.04,-0.16,28.00,-2.47,-0.19,27.00,-0.04,-0.10
3592317,27.00,0.01,-0.23,28.00,-2.63,-0.30,27.00,-0.04,-0.04
3592378,27.00,-0.10,-0.18,28.00,-2.98,-0.69,27.00,-0.05,-0.04
3592438,27.00,0.11,-0.21,28.00,-3.61,-0.56,27.00,0.01,0.03
3592498,27.00,0.02,-0.13,28.00,-3.44,-0.64,27.00,-0.05,0.01
3592558,27.00,0.11,-0.18,28.00,-3.85,-0.29,27.00,-0.02,0.00
3592618,27.00,0.04,-0.16,28.00,-3.77,-0.51,27.00,-0.01,-0.02
3592678,27.00,-0.08,-0.26,28.00,-3.98,-0.29,27.00,-0.05,-0.05
3592738,27.00,0.01,-0.26,28.00,-4.02,-0.14,27.00,-0.08,-0.04
3592798,27.00,0.07,-0.21,28.00,-3.54,-0.23,27.00,-0.04,-0.05
3592859,27.00,-0.02,-0.09,28.00,-3.20,-0.44,27.00,-0.01,-0.07
3592919,27.00,0.01,-0.10,28.00,-2.85,-0.42,27.00,-0.02,0.00
3592979,27.00,-0.05,-0.35,28.00,-2.42,-0.52,27.00,-0.01,0.04
3593039,27.00,-0.08,-0.34,28.00,-2.03,-0.72,27.00,-0.04,-0.02
3593099,27.00,-0.01,-0.31,28.00,-1.52,-0.74,27.00,-0.01,-0.04
3593159,27.00,-0.11,-0.28,28.00,-0.95,-0.88,27.00,-0.04,-0.02
3593219,27.00,-0.07,0.17,28.00,-0.20,-0.72,27.00,0.04,0.00
3593280,27.00,-0.01,-0.12,28.00,0.20,-0.23,27.00,-0.05,-0.04
3593340,27.00,0.12,-0.30,28.00,0.84,-0.46,27.00,0.02,-0.01
3593400,27.00,-0.10,-0.18,28.00,1.24,-0.06,27.00,-0.01,-0.05
3593460,27.00,0.07,-0.20,28.00,1.75,-0.08,27.00,-0.04,0.03
3593520,27.00,-0.05,-0.21,28.00,2.48,-0.28,27.00,-0.04,0.01
3593580,27.00,0.01,-0.15,28.00,2.98,-0.01,27.00,0.02,-0.00
3593640,27.00,0.01,-0.24,28.00,3.10,-0.26,27.00,0.01,-0.03
3593701,27.00,-0.02,-0.20,28.00,3.33,-0.31,27.00,0.04,-0.06
3593761,27.00,-0.11,-0.14,28.00,3.47,0.16,27.00,-0.02,-0.02
3593821,27.00,-0.12,-0.30,28.00,3.66,-0.08,27.00,0.08,-0.06
3593881,27.00,-0.10,-0.06,28.00,3.98,-0.43,27.00,-0.01,-0.06
3593941,27.00,0.02,-0.27,28.00,3.79,-0.31,27.00,0.04,-0.03
3594001,27.00,0.08,-0.13,28.00,3.83,-0.11,27.00,0.02,-0.06
3594061,27.00,-0.08,-0.16,28.00,3.39,-0.33,27.00,-0.04,-0.07
3594121,27.00,0.07,-0.22,28.00,3.22,-0.07,27.00,-0.02,-0.03
3594182,27.00,0.14,-0.15,28.00,2.82,0.07,27.00,-0.04,-0.06
3594242,27.00,0.14,-0.12,28.00,2.62,-0.21,27.00,0.02,-0.12
3594302,27.00,0.02,-0.36,28.00,1.99,-0.24,27.00,0.02,-0.06
3594362,27.00,0.10,-0.10,28.00,1.52,-0.05,27.00,-0.04,0.04
3594422,27.00,-0.04,-0.15,28.00,0.83,-0.57,27.00,-0.05,-0.06
3594482,27.00,-0.07,-0.22,28.00,0.34,0.00,27.00,0.02,0.03
3594542,27.00,-0.01,-0.28,28.00,-0.20,-0.19,27.00,0.02,-0.04
3594603,27.00,-0.12,-0.09,28.00,-0.89,0.10,27.00,-0.05,-0.03
3594663,27.00,-0.07,-0.14,28.00,-1.60,-0.31,27.00,0.01,-0.00
3594723,27.00,0.02,-0.20,28.00,-1.68,-0.48,27.00,-0.07,-0.07
3594783,27.00,0.08,-0.02,28.00,-2.47,-0.40,27.00,0.04,0.00
3594843,27.00,-0.04,-0.16,28.00,-3.14,-0.21,27.00,-0.05,-0.01
3594903,27.00,-0.12,-0.14,28.00,-3.25,-0.24,27.00,0.05,-0.08
3594963,27.00,-0.08,-0.14,28.00,-3.45,-0.25,27.00,0.05,0.02
3595023,27.00,0.01,-0.12,28.00,-4.04,-0.33,27.00,-0.02,-0.05
3595084,27.00,0.12,-0.35,28.00,-3.89,-0.17,27.00,-0.04,0.04
3595144,27.00,-0.02,-0.15,28.00,-3.70,-0.15,27.00,-0.04,-0.03
3595204,27.00,-0.10,-0.05,28.00,-3.89,-0.37,27.00,-0.01,-0.07
3595264,27.00,0.04,-0.20,28.00,-3.79,-0.67,27.00,-0.04,-0.08
3595324,27.00,-0.15,-0.46,28.00,-3.45,-0.50,27.00,0.01,-0.03
3595384,27.00,-0.05,-0.09,28.00,-3.26,-0.69,27.00,-0.01,-0.07
3595444,27.00,0.20,-0.21,28.00,-2.66,-0.79,27.00,0.02,0.04
3595505,27.00,0.02,-0.21,28.00,-2.37,-0.55,27.00,-0.05,-0.06
3595565,27.00,0.01,-0.25,28.00,-1.90,-0.80,27.00,0.07,0.04
3595625,27.00,-0.12,-0.25,28.00,-1.19,-0.41,27.00,-0.01,-0.02
3595685,27.00,0.14,-0.21,28.00,-0.62,-0.54,27.00,0.02,-0.02
3595745,27.00,-0.11,-0.17,28.00,-0.07,-0.85,27.00,-0.10,-0.02
3595805,27.00,-0.10,-0.29,28.00,0.46,-0.15,27.00,-0.04,-0.03
3595865,27.00,0.02,-0.15,28.00,0.99,0.25,27.00,-0.05,-0.06
3595925,27.00,-0.04,-0.05,28.00,1.37,0.38,27.00,0.02,-0.02
3595986,27.00,-0.01,-0.30,28.00,2.03,-0.27,27.00,0.04,-0.06
3596046,27.00,-0.04,-0.38,28.00,2.59,-0.16,27.00,-0.01,-0.00
3596106,27.00,-0.02,-0.25,28.00,3.03,0.46,27.00,-0.04,-0.00
3596166,27.00,0.01,-0.33,28.00,2.92,0.15,27.00,-0.01,-0.00
3596226,27.00,0.02,-0.00,28.00,3.48,0.12,27.00,0.04,-0.02
3596286,27.00,-0.12,-0.18,28.00,3.96,0.38,27.00,-0.05,0.05
3596346,27.00,0.10,-0.21,28.00,3.83,-0.28,27.00,-0.05,-0.04
3596407,27.00,0.05,-0.11,28.00,4.15,-0.10,27.00,-0.04,-0.00
3596467,27.00,-0.04,-0.17,28.00,3.61,-0.26,27.00,-0.05,-0.08
3596527,27.00,-0.05,-0.04,28.00,3.41,0.14,27.00,-0.01,-0.00
3596587,27.00,0.08,-0.06,28.00,3.27,-0.12,27.00,-0.02,-0.08
3596647,27.00,0.02,-0.17,28.00,2.94,-0.21,27.00,-0.04,-0.04
3596707,27.00,0.07,-0.26,28.00,2.72,-0.06,27.00,-0.02,-0.07
3596767,27.00,0.08,-0.25,28.00,2.38,-0.29,27.00,0.01,0.02
3596827,27.00,-0.14,-0.30,28.00,1.81,-0.08,27.00,0.02,-0.05
3596888,27.00,0.14,-0.20,28.00,1.14,-0.00,27.00,-0.04,-0.03
3596948,27.00,-0.01,-0.12,28.00,0.48,-0.11,27.00,-0.04,-0.09
3597008,27.00,0.04,-0.28,28.00,0.02,-0.31,27.00,-0.01,-0.03
3597068,27.00,0.04,-0.21,28.00,-0.37,-0.27,27.00,0.05,-0.06
3597128,27.00,0.08,-0.37,28.00,-1.24,0.17,27.00,-0.04,0.00
3597188,27.00,-0.08,-0.28,28.00,-1.93,-0.48,27.00,-0.04,-0.05
3597248,27.00,0.04,-0.22,28.00,-2.18,-0.11,27.00,-0.10,0.00
3597309,27.00,-0.08,-0.24,28.00,-2.51,-0.25,27.00,0.07,-0.07
3597369,27.00,0.01,-0.16,28.00,-3.19,0.13,27.00,0.02,-0.06
3597429,27.00,0.07,-0.29,28.00,-3.45,-0.12,27.00,-0.04,-0.03
3597489,27.00,-0.11,0.01,28.00,-3.88,-0.28,27.00,-0.02,-0.00
3597549,27.00,0.05,-0.15,28.00,-3.64,-0.59,27.00,-0.02,-0.09
3597609,27.00,0.21,-0.43,28.00,-4.08,-0.08,27.00,-0.04,-0.07
3597669,27.00,-0.11,-0.35,28.00,-3.99,-0.28,27.00,0.01,-0.04
3597729,27.00,-0.08,-0.33,28.00,-3.92,-0.07,27.00,0.01,0.01
3597790,27.00,-0.05,-0.35,28.00,-3.52,-0.54,27.00,-0.01,-0.02
3597850,27.00,-0.08,-0.08,28.00,-3.39,-0.21,27.00,-0.01,-0.05
3597910,27.00,0.10,-0.40,28.00,-2.79,-0.36,27.00,0.04,0.00
3597970,27.00,0.01,-0.10,28.00,-2.59,-0.17,27.00,0.01,-0.01
3598030,27.00,-0.08,-0.16,28.00,-1.91,-0.97,27.00,0.05,0.03
3598090,27.00,0.01,-0.20,28.00,-1.38,-0.51,27.00,0.05,-0.00
3598150,27.00,0.07,-0.16,28.00,-1.11,-0.16,27.00,-0.02,-0.11
3598211,27.00,-0.04,-0.07,28.00,-0.46,-0.54,27.00,-0.04,-0.04
3598271,27.00,0.08,-0.16,28.00,0.08,-0.42,27.00,-0.01,0.02
3598331,27.00,-0.01,-0.21,28.00,0.86,-0.13,27.00,0.05,-0.06
3598391,27.00,0.04,-0.22,28.00,1.21,-0.01,27.00,-0.01,-0.00
3598451,27.00,-0.10,-0.22,28.00,1.66,-0.39,27.00,-0.07,0.04
3598511,27.00,-0.12,-0.13,28.00,2.38,0.06,27.00,0.07,-0.04
3598571,27.00,0.04,-0.26,28.00,2.84,-0.34,27.00,0.01,0.03
3598631,27.00,-0.07,-0.04,28.00,3.04,0.02,27.00,-0.01,-0.07
3598692,27.00,-0.01,-0.20,28.00,3.20,0.02,27.00,-0.01,-0.03
3598752,27.00,-0.14,-0.25,28.00,3.80,-0.39,27.00,-0.01,0.03
3598812,27.00,0.01,-0.15,28.00,3.82,0.36,27.00,-0.01,-0.05
3598872,27.00,-0.12,-0.13,28.00,3.57,0.06,27.00,-0.04,-0.07
3598932,27.00,-0.01,-0.07,28.00,4.04,-0.17,27.00,-0.02,-0.07
3598992,27.00,0.07,-0.32,28.00,3.35,0.53,27.00,-0.04,-0.00
3599052,27.00,-0.07,-0.24,28.00,3.51,0.28,27.00,-0.02,-0.07
3599113,27.00,-0.18,-0.20,28.00,3.16,-0.20,27.00,0.04,-0.07
3599173,27.00,-0.12,-0.22,28.00,2.70,0.20,27.00,-0.02,-0.08
3599233,27.00,0.05,-0.31,28.00,2.62,0.49,27.00,-0.02,-0.03
3599293,27.00,0.11,-0.09,28.00,1.94,0.32,27.00,-0.07,-0.05
3599353,27.00,0.01,-0.15,28.00,1.40,0.36,27.00,0.05,-0.05
3599413,27.00,0.11,-0.15,28.00,1.05,0.51,27.00,0.01,-0.04
3599473,27.00,0.01,-0.15,28.00,0.27,0.33,27.00,-0.04,-0.13
3599534,27.00,-0.02,-0.29,28.00,-0.20,-0.30,27.00,-0.01,-0.04
3599594,27.00,-0.07,-0.22,28.00,-0.70,-0.29,27.00,-0.05,-0.05
3599654,27.00,-0.08,-0.25,28.00,-1.28,0.39,27.00,-0.01,-0.07
3599714,27.00,-0.02,-0.25,28.00,-1.93,-0.52,27.00,-0.05,-0.05
3599774,27.00,-0.07,-0.19,28.00,-2.50,-0.52,27.00,0.02,0.02
3599834,27.00,0.05,-0.18,28.00,-2.79,-0.57,27.00,-0.01,-0.03
3599894,27.00,0.08,-0.37,28.00,-3.44,0.26,27.00,-0.02,0.00
3599954,27.00,0.11,-0.20,28.00,-3.52,-0.26,27.00,-0.04,-0.00
3600015,27.00,0.11,-0.12,28.00,-3.32,-0.68,27.00,-0.02,0.01
3600075,27.00,0.17,-0.16,28.00,-3.70,-0.44,27.00,0.01,-0.04
3600135,27.00,0.01,-0.07,28.00,-3.74,-0.51,27.00,0.04,-0.04
3600195,27.00,0.07,-0.15,28.00,-3.79,-0.12,27.00,-0.02,-0.00
3600255,27.00,-0.02,-0.15,28.00,-3.77,-0.16,27.00,0.01,-0.02
3600315,27.00,0.04,-0.16,28.00,-3.61,0.16,27.00,-0.07,-0.07
3600375,27.00,-0.08,-0.22,28.00,-2.84,-0.54,27.00,-0.01,0.01
3600436,27.00,-0.20,-0.21,28.00,-2.67,-0.46,27.00,0.04,0.07
3600496,27.00,-0.17,-0.36,28.00,-2.38,-0.36,27.00,0.04,0.01
3600556,27.00,-0.15,-0.40,28.00,-1.69,-0.48,27.00,-0.07,-0.01
3600616,27.00,0.02,-0.04,28.00,-1.40,-0.60,27.00,-0.01,-0.05
3600676,27.00,-0.07,-0.28,28.00,-0.73,-0.47,27.00,0.01,0.06
3600736,27.00,0.04,-0.23,28.00,-0.24,-0.76,27.00,-0.01,0.00
3600796,27.00,-0.12,-0.17,28.00,0.36,-0.40,27.00,-0.04,-0.02
3600856,27.00,0.26,-0.16,28.00,0.80,-0.19,27.00,0.11,-0.04
3600917,27.00,-0.05,-0.17,28.00,1.24,-0.38,27.00,-0.01,-0.10
3600977,27.00,-0.11,-0.20,28.00,1.87,-0.46,27.00,0.05,0.05
3601037,27.00,0.10,-0.22,28.00,2.26,-0.14,27.00,-0.04,-0.07
3601097,27.00,-0.15,-0.31,28.00,2.79,0.02,27.00,-0.08,-0.08
3601157,27.00,0.05,-0.29,28.00,3.33,0.25,27.00,-0.04,-0.01
3601217,27.00,0.08,-0.16,28.00,3.71,0.06,27.00,-0.01,0.01
3601277,27.00,0.10,-0.18,28.00,3.52,-1.02,27.00,-0.02,-0.03
3601338,27.00,-0.01,-0.34,28.00,4.08,-0.63,27.00,0.02,0.01
3601398,27.00,0.01,-0.17,28.00,3.95,-0.38,27.00,0.02,-0.01
3601458,27.00,0.01,-0.00,28.00,3.85,0.35,27.00,0.01,-0.05
3601518,27.00,0.01,-0.29,28.00,3.45,0.05,27.00,0.02,-0.07
3601578,27.00,0.04,-0.31,28.00,3.57,0.09,27.00,0.02,-0.10
3601638,27.00,-0.05,-0.15,28.00,3.17,0.16,27.00,-0.04,0.01
3601698,27.00,0.04,-0.20,28.00,2.86,0.04,27.00,0.04,0.01
3601758,27.00,0.04,-0.13,28.00,2.50,0.23,27.00,-0.04,-0.09
3601819,27.00,0.02,-0.21,28.00,1.71,0.24,27.00,-0.05,-0.02
3601879,27.00,-0.01,-0.28,28.00,1.15,-0.14,27.00,0.02,-0.04
3601939,27.00,0.14,-0.17,28.00,0.75,0.22,27.00,0.05,-0.03
3601999,27.00,-0.07,-0.23,28.00,0.10,0.00,27.00,0.04,-0.04
3602059,27.00,-0.11,-0.00,28.00,-0.24,-0.28,27.00,-0.04,-0.03
3602119,27.00,0.05,-0.14,28.00,-0.87,-0.30,27.00,-0.07,-0.06
3602179,27.00,0.12,-0.16,28.00,-1.41,-0.60,27.00,0.07,-0.03
3602240,27.00,-0.14,-0.19,28.00,-2.16,0.26,27.00,0.04,0.06
3602300,27.00,-0.07,-0.27,28.00,-2.62,-0.05,27.00,0.01,-0.03
3602360,27.00,0.01,-0.19,28.00,-3.03,-0.35,27.00,0.05,-0.04
3602420,27.00,0.02,-0.33,28.00,-3.25,-0.33,27.00,0.01,-0.02
3602480,27.00,-0.12,-0.17,28.00,-3.55,0.05,27.00,-0.04,-0.07
3602540,27.00,-0.14,-0.25,28.00,-3.96,-0.36,27.00,-0.02,-0.00
3602600,27.00,-0.07,-0.31,28.00,-3.96,-0.30,27.00,-0.02,-0.05
3602660,27.00,0.10,-0.24,28.00,-3.92,-0.41,27.00,0.04,-0.06
3602721,27.00,-0.05,-0.20,28.00,-3.96,-0.48,27.00,0.04,0.02
3602781,27.00,0.01,-0.24,28.00,-3.44,-0.21,27.00,-0.01,-0.07
3602841,27.00,-0.07,-0.26,28.00,-3.35,-0.36,27.00,0.01,0.03
3602901,27.00,0.12,-0.36,28.00,-2.98,-0.58,27.00,-0.02,-0.04
3602961,27.00,-0.11,-0.34,28.00,-2.67,-0.67,27.00,0.02,0.03
3603021,27.00,0.01,-0.13,28.00,-2.23,-0.21,27.00,0.02,-0.07
3603081,27.00,0.02,-0.07,28.00,-1.79,-0.65,27.00,0.01,0.01
3603142,27.00,0.14,-0.08,28.00,-1.14,-0.23,27.00,-0.01,0.00
3603202,27.00,0.05,-0.17,28.00,-0.55,-0.38,27.00,-0.07,0.05
3603262,27.00,-0.10,-0.10,28.00,0.07,-0.25,27.00,0.01,-0.05
3603322,27.00,-0.05,-0.05,28.00,0.48,-0.19,27.00,-0.11,-0.08
3603382,27.00,0.02,-0.14,28.00,1.09,0.27,27.00,-0.02,-0.06
3603442,27.00,0.01,-0.07,28.00,1.60,-0.20,27.00,-0.01,0.01
3603502,27.00,-0.04,-0.15,28.00,2.32,-0.50,27.00,0.04,-0.00
3603562,27.00,-0.10,-0.21,28.00,2.79,0.02,27.00,-0.08,-0.06
3603623,27.00,0.02,-0.17,28.00,3.00,-0.24,27.00,-0.05,0.05
3603683,27.00,-0.07,-0.25,28.00,3.13,-0.15,27.00,-0.01,0.04
3603743,27.00,0.12,-0.24,28.00,3.38,0.32,27.00,-0.02,0.03
3603803,27.00,0.02,-0.19,28.00,3.73,0.19,27.00,0.01,-0.06
3603863,27.00,-0.05,-0.50,28.00,3.88,-0.14,27.00,0.02,-0.01
3603923,27.00,-0.01,-0.29,28.00,3.89,0.12,27.00,0.01,-0.04
3603983,27.00,0.20,-0.11,28.00,3.44,-0.28,27.00,0.01,-0.00
3604044,27.00,-0.02,-0.22,28.00,3.47,-0.43,27.00,0.05,-0.04
3604104,27.00,-0.14,-0.26,28.00,3.25,-0.00,27.00,0.01,-0.06
3604164,27.00,-0.04,-0.26,28.00,3.20,0.06,27.00,-0.01,-0.03
3604224,27.00,-0.14,-0.28,28.00,2.48,-0.30,27.00,0.01,-0.01
3604284,27.00,0.07,-0.21,28.00,2.12,-0.26,27.00,-0.04,-0.07
3604344,27.00,-0.05,-0.13,28.00,1.24,0.07,27.00,-0.02,-0.01
3604404,27.00,0.08,-0.21,28.00,0.77,-0.27,27.00,-0.01,-0.06
3604465,27.00,0.12,-0.26,28.00,0.55,-0.21,27.00,-0.01,-0.03
3604525,27.00,-0.08,-0.27,28.00,-0.21,-0.15,27.00,0.01,0.02
3604585,27.00,-0.11,-0.19,28.00,-0.74,-0.06,27.00,0.02,-0.02
3604645,27.00,-0.07,-0.27,28.00,-1.38,-0.04,27.00,0.02,-0.02
3604705,27.00,-0.10,-0.29,28.00,-1.97,0.00,27.00,0.02,-0.04
3604765,27.00,-0.02,-0.29,28.00,-2.32,-0.07,27.00,-0.05,-0.06
3604825,27.00,0.14,-0.18,28.00,-2.89,-0.07,27.00,-0.04,0.01
3604885,27.00,-0.11,0.05,28.00,-3.25,0.29,27.00,-0.01,-0.00
3604946,27.00,-0.10,-0.13,28.00,-3.49,-0.10,27.00,-0.08,-0.07
3605006,27.00,-0.15,-0.14,28.00,-3.86,-0.37,27.00,-0.05,-0.02
3605066,27.00,0.10,-0.12,28.00,-3.67,0.07,27.00,-0.04,-0.06
3605126,27.00,-0.14,-0.35,28.00,-3.90,-0.17,27.00,0.02,-0.01
3605186,27.00,-0.08,-0.07,28.00,-3.85,-0.20,27.00,-0.02,-0.00
3605246,27.00,-0.10,-0.15,28.00,-3.82,-0.65,27.00,0.02,0.06
3605306,27.00,-0.05,-0.24,28.00,-3.58,-0.80,27.00,-0.04,-0.06
3605367,27.00,-0.17,-0.15,28.00,-3.49,-0.36,27.00,0.04,0.07
3605427,27.00,0.05,-0.11,28.00,-2.91,-0.72,27.00,0.02,-0.04
3605487,27.00,-0.01,-0.21,28.00,-2.15,-0.56,27.00,-0.01,-0.07
3605547,27.00,-0.07,-0.18,28.00,-1.88,-0.37,27.00,-0.04,-0.01
3605607,27.00,-0.02,0.01,28.00,-1.37,-0.85,27.00,0.02,0.03
3605667,27.00,0.04,-0.17,28.00,-0.71,-0.95,27.00,-0.10,0.06
3605727,27.00,-0.11,-0.29,28.00,-0.36,-0.43,27.00,-0.01,-0.00
3605787,27.00,-0.01,-0.17,28.00,0.32,-0.47,27.00,0.02,0.00
3605848,27.00,-0.05,-0.14,28.00,0.89,-0.01,27.00,0.04,-0.01
3605908,27.00,-0.02,-0.21,28.00,1.25,-0.23,27.00,-0.11,-0.02
3605968,27.00,-0.10,-0.30,28.00,1.96,-0.38,27.00,0.02,0.02
3606028,27.00,0.11,-0.13,28.00,2.32,-0.09,27.00,-0.05,-0.05
3606088,27.00,-0.07,-0.20,28.00,2.82,0.15,27.00,0.04,-0.07
3606148,27.00,-0.05,-0.25,28.00,3.29,0.11,27.00,0.04,0.00
3606208,27.00,0.12,-0.24,28.00,3.52,0.07,27.00,-0.01,-0.05
3606269,27.00,-0.10,-0.23,28.00,3.95,-0.06,27.00,-0.01,-0.06
3606329,27.00,0.08,-0.25,28.00,3.70,-0.39,27.00,0.01,-0.00
3606389,27.00,0.04,-0.06,28.00,3.96,-0.30,27.00,0.04,0.05
3606449,27.00,-0.07,-0.36,28.00,3.82,-0.00,27.00,0.05,-0.03
3606509,27.00,0.14,-0.16,28.00,3.70,0.05,27.00,0.01,-0.03
3606569,27.00,0.20,-0.18,28.00,3.63,-0.08,27.00,0.02,-0.00
3606629,27.00,-0.04,-0.25,28.00,3.08,0.22,27.00,0.01,0.01
3606689,27.00,0.17,-0.10,28.00,2.81,0.07,27.00,-0.02,-0.02
3606750,27.00,-0.15,-0.29,28.00,2.15,0.08,27.00,-0.02,-0.04
3606810,27.00,-0.04,-0.29,28.00,1.90,-0.07,27.00,-0.05,-0.07
3606870,27.00,-0.01,-0.20,28.00,1.30,-0.08,27.00,0.02,-0.09
3606930,27.00,-0.08,-0.29,28.00,0.55,-0.00,27.00,0.10,-0.02
3606990,27.00,-0.15,-0.36,28.00,0.02,0.17,27.00,-0.02,-0.07
3607050,27.00,-0.01,-0.29,28.00,-0.39,-0.20,27.00,0.01,-0.01
3607110,27.00,0.04,-0.28,28.00,-1.05,0.36,27.00,-0.04,-0.05
3607171,27.00,0.11,-0.18,28.00,-1.56,0.18,27.00,-0.02,0.04
3607231,27.00,-0.02,-0.30,28.00,-2.01,-0.44,27.00,-0.01,0.02
3607291,27.00,-0.07,-0.14,28.00,-2.60,-0.36,27.00,-0.08,0.00
3607351,27.00,-0.01,-0.15,28.00,-2.72,-0.08,27.00,0.01,0.05
3607411,27.00,0.05,-0.22,28.00,-3.08,-0.02,27.00,-0.05,-0.04
3607471,27.00,-0.12,-0.18,28.00,-3.49,0.18,27.00,0.05,-0.00
3607531,27.00,0.01,-0.27,28.00,-3.60,-0.02,27.00,0.01,-0.00
3607591,27.00,-0.07,-0.16,28.00,-3.61,-0.11,27.00,0.01,-0.07
3607652,27.00,0.17,-0.10,28.00,-3.93,-0.15,27.00,0.01,-0.07
3607712,27.00,0.01,-0.29,28.00,-3.67,-0.26,27.00,-0.02,0.05
3607772,27.00,0.01,-0.09,28.00,-3.79,-0.18,27.00,0.02,-0.04
3607832,27.00,-0.10,-0.09,28.00,-3.73,-0.06,27.00,0.07,0.01
3607892,27.00,-0.05,-0.49,28.00,-3.04,-0.39,27.00,0.05,0.01
3607952,27.00,-0.10,-0.19,28.00,-2.84,-0.51,27.00,0.04,-0.02
3608012,27.00,-0.02,-0.29,28.00,-2.15,-0.17,27.00,-0.05,-0.15
3608073,27.00,-0.12,-0.19,28.00,-1.58,-0.26,27.00,0.01,-0.03
3608133,27.00,-0.07,-0.36,28.00,-1.06,-0.40,27.00,0.02,-0.07
3608193,27.00,0.05,-0.15,28.00,-0.73,-0.82,27.00,-0.04,-0.01
3608253,27.00,-0.05,-0.25,28.00,0.04,-0.58,27.00,0.04,-0.01
3608313,27.00,-0.07,-0.19,28.00,0.37,-0.46,27.00,-0.04,-0.05
3608373,27.00,0.04,-0.27,28.00,1.34,0.16,27.00,-0.04,-0.06
3608433,27.00,0.05,-0.14,28.00,1.74,-0.22,27.00,-0.04,-0.04
3608493,27.00,0.08,-0.28,28.00,2.01,0.11,27.00,-0.04,-0.03
3608554,27.00,0.07,-0.32,28.00,2.69,-0.03,27.00,0.04,-0.03
3608614,27.00,0.15,-0.17,28.00,3.29,-0.15,27.00,-0.02,-0.03
3608674,27.00,0.04,-0.11,28.00,3.26,-0.15,27.00,0.04,0.02
3608734,27.00,-0.10,-0.22,28.00,3.54,-0.20,27.00,0.04,-0.05
3608794,27.00,0.05,-0.22,28.00,4.01,-0.39,27.00,-0.01,-0.05
3608854,27.00,-0.12,-0.17,28.00,3.90,0.15,27.00,-0.05,-0.15
3608914,27.00,-0.17,-0.11,28.00,3.92,-0.15,27.00,0.01,-0.06
3608975,27.00,-0.01,-0.13,28.00,3.49,0.50,27.00,-0.01,-0.03
3609035,27.00,-0.15,-0.29,28.00,3.49,0.10,27.00,0.02,-0.06
3609095,27.00,0.15,-0.23,28.00,3.13,-0.14,27.00,0.05,-0.02
3609155,27.00,-0.02,-0.12,28.00,2.97,-0.09,27.00,-0.02,-0.01
3609215,27.00,0.02,-0.15,28.00,2.91,0.18,27.00,0.02,-0.07
3609275,27.00,-0.08,-0.13,28.00,2.13,-0.05,27.00,0.02,-0.11
3609335,27.00,-0.02,-0.12,28.00,1.66,0.00,27.00,-0.05,-0.07
3609395,27.00,-0.02,-0.22,28.00,0.95,-0.23,27.00,-0.05,-0.02
3609456,27.00,-0.04,-0.08,28.00,0.45,0.12,27.00,0.02,-0.03
3609516,27.00,-0.01,0.08,28.00,-0.17,-0.00,27.00,-0.02,-0.02
3609576,27.00,0.04,-0.20,28.00,-0.65,-0.39,27.00,-0.01,-0.07
3609636,27.00,-0.10,-0.28,28.00,-0.96,-0.44,27.00,0.07,0.00
3609696,27.00,-0.04,-0.29,28.00,-1.75,-0.33,27.00,0.01,-0.10
3609756,27.00,-0.12,-0.21,28.00,-2.29,-0.39,27.00,0.07,-0.02
3609816,27.00,-0.01,-0.25,28.00,-2.84,-0.22,27.00,0.08,0.05
3609877,27.00,0.08,-0.08,28.00,-3.01,-0.80,27.00,-0.01,-0.07
3609937,27.00,-0.12,-0.44,28.00,-3.36,-0.54,27.00,-0.01,-0.04
3609997,27.00,-0.14,-0.34,28.00,-3.74,-0.91,27.00,-0.01,-0.12
3610057,27.00,0.10,-0.27,28.00,-3.54,-0.40,27.00,-0.02,-0.11
3610117,27.00,0.10,-0.10,28.00,-3.47,-0.05,27.00,-0.11,-0.02
3610177,27.00,-0.02,-0.30,28.00,-3.82,-0.15,27.00,-0.08,-0.03
3610237,27.00,0.14,-0.14,28.00,-3.61,-0.23,27.00,0.02,-0.07
3610297,27.00,0.07,-0.12,28.00,-3.38,-0.25,27.00,-0.04,0.00
3610358,27.00,-0.05,-0.02,28.00,-3.29,-0.51,27.00,-0.02,-0.09
3610418,27.00,-0.01,-0.28,28.00,-2.81,-0.43,27.00,-0.02,-0.05
3610478,27.00,0.05,-0.04,28.00,-2.35,-0.26,27.00,-0.04,-0.05
3610538,27.00,0.07,-0.20,28.00,-2.01,-0.88,27.00,-0.04,-0.01
3610598,27.00,0.08,-0.34,28.00,-1.75,-0.65,27.00,-0.05,-0.03
3610658,27.00,0.02,-0.17,28.00,-1.00,-0.20,27.00,0.02,-0.00
3610718,27.00,0.01,-0.19,28.00,-0.52,-0.72,27.00,-0.04,-0.06
3610779,27.00,-0.10,-0.34,28.00,0.17,-0.22,27.00,0.02,-0.05
3610839,27.00,0.04,-0.10,28.00,0.75,-0.37,27.00,0.02,-0.06
3610899,27.00,0.08,-0.36,28.00,1.21,-0.51,27.00,0.01,0.00
3610959,27.00,0.12,-0.28,28.00,1.81,-0.06,27.00,-0.02,-0.03
3611019,27.00,0.01,-0.23,28.00,2.57,0.08,27.00,0.02,-0.05
3611079,27.00,-0.07,-0.22,28.00,2.73,0.13,27.00,0.04,-0.01
3611139,27.00,0.07,-0.13,28.00,3.38,-0.70,27.00,-0.01,-0.01
3611200,27.00,0.12,-0.33,28.00,3.61,0.07,27.00,-0.01,-0.05
3611260,27.00,0.10,-0.25,28.00,3.48,-0.16,27.00,0.04,0.09
3611320,27.00,0.02,-0.19,28.00,3.98,-0.23,27.00,-0.01,-0.08
3611380,27.00,-0.05,-0.29,28.00,3.60,-0.11,27.00,-0.05,-0.01
3611440,27.00,0.08,-0.03,28.00,3.90,-0.03,27.00,0.07,-0.02
3611500,27.00,-0.08,-0.21,28.00,3.83,-0.09,27.00,-0.02,-0.09
3611560,27.00,0.05,-0.15,28.00,3.86,-0.36,27.00,0.02,-0.06
3611620,27.00,-0.08,-0.25,28.00,3.17,0.13,27.00,-0.05,0.00
3611681,27.00,0.07,-0.20,28.00,2.60,0.07,27.00,0.05,-0.04
3611741,27.00,-0.02,-0.10,28.00,2.25,-0.33,27.00,-0.04,-0.13
3611801,27.00,0.02,-0.29,28.00,2.10,0.17,27.00,-0.02,-0.08
3611861,27.00,0.01,-0.27,28.00,1.36,0.46,27.00,-0.02,0.03
3611921,27.00,0.10,-0.05,28.00,0.81,-0.11,27.00,0.01,0.03
3611981,27.00,-0.05,-0.38,28.00,0.42,-0.10,27.00,-0.01,-0.03
3612041,27.00,0.21,-0.15,28.00,-0.27,-0.19,27.00,-0.02,0.02
3612102,27.00,0.07,-0.30,28.00,-0.92,-0.31,27.00,0.01,-0.05
3612162,27.00,-0.05,-0.19,28.00,-1.52,-0.17,27.00,0.07,-0.12
3612222,27.00,0.01,-0.12,28.00,-2.13,-0.73,27.00,-0.04,-0.04
3612282,27.00,-0.07,-0.21,28.00,-2.59,-0.36,27.00,-0.04,0.01
3612342,27.00,0.02,-0.15,28.00,-3.10,-0.09,27.00,0.01,-0.00
3612402,27.00,0.08,-0.12,28.00,-3.04,0.07,27.00,0.01,-0.04
3612462,27.00,-0.02,-0.23,28.00,-3.61,-0.36,27.00,0.05,-0.01
3612522,27.00,0.11,-0.32,28.00,-3.66,-0.50,27.00,-0.01,-0.11
3612583,27.00,-0.15,-0.22,28.00,-3.86,-0.49,27.00,0.02,-0.10
3612643,27.00,-0.01,-0.22,28.00,-4.01,-0.41,27.00,-0.01,0.05
3612703,27.00,-0.04,-0.22,28.00,-3.88,-0.29,27.00,-0.07,0.06
3612763,27.00,0.05,-0.22,28.00,-3.25,-1.11,27.00,0.04,-0.03
3612823,27.00,-0.01,-0.22,28.00,-3.49,0.03,27.00,-0.05,-0.03
3612883,27.00,0.04,-0.10,28.00,-3.10,-0.31,27.00,0.05,-0.07
3612943,27.00,-0.02,-0.11,28.00,-2.95,-0.33,27.00,0.02,0.00
3613004,27.00,-0.01,-0.07,28.00,-2.09,-0.66,27.00,0.01,-0.08
3613064,27.00,-0.08,-0.09,28.00,-1.87,-0.60,27.00,-0.02,0.07
3613124,27.00,-0.10,-0.17,28.00,-1.22,-0.60,27.00,-0.01,0.00
3613184,27.00,-0.15,-0.23,28.00,-0.64,-0.92,27.00,-0.02,-0.01
3613244,27.00,0.15,-0.28,28.00,-0.21,-0.91,27.00,-0.05,-0.02
3613304,27.00,-0.11,-0.16,28.00,0.26,-0.44,27.00,0.01,0.02
3613364,27.00,-0.10,-0.19,28.00,0.83,-0.31,27.00,-0.01,0.05
3613424,27.00,-0.07,-0.13,28.00,1.44,-0.20,27.00,-0.07,0.04
3613485,27.00,-0.08,-0.18,28.00,2.18,-0.79,27.00,-0.05,-0.02
3613545,27.00,0.01,-0.16,28.00,2.67,-0.27,27.00,-0.01,0.00
3613605,27.00,-0.11,-0.24,28.00,2.89,0.09,27.00,-0.07,-0.04
3613665,27.00,-0.26,-0.34,28.00,3.47,-0.05,27.00,0.02,0.03
3613725,27.00,0.02,-0.36,28.00,3.36,0.15,27.00,-0.01,0.00
3613785,27.00,0.02,-0.23,28.00,4.02,-0.18,27.00,0.04,-0.01
3613845,27.00,0.01,0.17,28.00,3.85,-0.40,27.00,-0.05,0.07
3613906,27.00,-0.01,-0.22,28.00,3.99,0.16,27.00,0.04,-0.01
3613966,27.00,0.04,-0.28,28.00,3.76,-0.34,27.00,-0.04,0.01
3614026,27.00,0.14,-0.20,28.00,3.67,-0.30,27.00,-0.05,-0.03
3614086,27.00,-0.14,-0.22,28.00,3.27,0.34,27.00,-0.01,0.04
3614146,27.00,-0.01,-0.13,28.00,2.85,-0.06,27.00,0.02,-0.03
3614206,27.00,-0.04,-0.29,28.00,2.41,0.04,27.00,-0.02,-0.02
3614266,27.00,-0.08,-0.17,28.00,2.16,-0.45,27.00,0.02,-0.05
3614326,27.00,0.07,-0.33,28.00,1.84,-0.23,27.00,-0.04,-0.04
3614387,27.00,0.02,-0.41,28.00,1.28,0.10,27.00,-0.07,-0.06
3614447,27.00,-0.04,-0.17,28.00,0.58,-0.05,27.00,-0.01,-0.03
3614507,27.00,-0.05,-0.33,28.00,0.08,-0.14,27.00,-0.01,0.02
3614567,27.00,-0.11,-0.15,28.00,-0.59,-0.30,27.00,-0.01,-0.01
3614627,27.00,0.12,-0.23,28.00,-1.37,-0.24,27.00,0.02,-0.08
3614687,27.00,-0.05,-0.27,28.00,-1.75,-0.68,27.00,0.02,-0.15
3614747,27.00,0.08,-0.25,28.00,-2.21,-0.06,27.00,-0.04,-0.06
3614808,27.00,0.01,-0.14,28.00,-2.79,0.09,27.00,-0.02,-0.07
3614868,27.00,0.10,-0.06,28.00,-2.94,0.10,27.00,-0.04,-0.07
3614928,27.00,-0.11,-0.22,28.00,-3.36,-0.28,27.00,0.01,-0.09
3614988,27.00,0.01,-0.15,28.00,-3.76,-0.39,27.00,-0.05,-0.00
3615048,27.00,0.05,-0.21,28.00,-3.83,-0.52,27.00,0.01,-0.05
3615108,27.00,-0.10,-0.16,28.00,-4.21,0.11,27.00,0.02,-0.04
3615168,27.00,-0.14,-0.34,28.00,-4.05,-0.06,27.00,-0.04,0.04
3615228,27.00,-0.04,-0.27,28.00,-3.79,-0.51,27.00,0.02,-0.06
3615289,27.00,0.12,-0.20,28.00,-3.73,-0.50,27.00,-0.05,0.07
3615349,27.00,0.15,-0.07,28.00,-3.35,-0.61,27.00,0.02,-0.01
3615409,27.00,-0.12,-0.22,28.00,-3.10,-0.29,27.00,-0.01,-0.01
3615469,27.00,-0.05,-0.33,28.00,-2.82,-0.07,27.00,0.01,0.03
3615529,27.00,-0.04,-0.28,28.00,-2.31,-0.31,27.00,0.02,0.02
3615589,27.00,0.02,-0.31,28.00,-1.50,-0.29,27.00,0.05,-0.00
3615649,27.00,-0.04,-0.32,28.00,-1.06,-0.33,27.00,-0.01,-0.02
3615710,27.00,-0.04,-0.15,28.00,-0.36,-0.67,27.00,-0.02,0.00
3615770,27.00,0.01,-0.23,28.00,0.08,-0.62,27.00,-0.02,0.02
3615830,27.00,-0.02,-0.24,28.00,0.56,-0.07,27.00,-0.01,-0.02
3615890,27.00,-0.08,-0.48,28.00,1.03,-0.17,27.00,0.01,-0.04
3615950,27.00,-0.30,-0.22,28.00,1.93,-0.57,27.00,-0.01,-0.02
3616010,27.00,-0.02,-0.27,28.00,2.09,-0.33,27.00,0.04,-0.04
3616070,27.00,0.05,-0.08,28.00,2.84,-0.31,27.00,-0.04,-0.07
3616130,27.00,0.02,-0.13,28.00,2.97,0.11,27.00,-0.05,-0.03
3616191,27.00,-0.01,-0.30,28.00,3.42,0.01,27.00,0.02,-0.08
3616251,27.00,-0.05,-0.21,28.00,3.74,-0.27,27.00,0.05,-0.05
3616311,27.00,-0.05,-0.37,28.00,3.66,-0.15,27.00,0.02,-0.02
3616371,27.00,0.02,-0.35,28.00,4.07,0.20,27.00,0.04,-0.09
3616431,27.00,-0.14,-0.20,28.00,3.77,0.00,27.00,0.01,-0.07
3616491,27.00,-0.04,-0.26,28.00,3.58,0.43,27.00,-0.07,0.03
3616551,27.00,0.02,-0.29,28.00,3.55,-0.06,27.00,-0.02,-0.06
3616612,27.00,-0.05,-0.33,28.00,3.29,-0.20,27.00,-0.02,-0.11
3616672,27.00,0.02,-0.14,28.00,2.94,0.52,27.00,-0.05,-0.07
3616732,27.00,0.15,-0.18,28.00,2.26,0.24,27.00,0.01,0.01
3616792,27.00,0.04,-0.38,28.00,2.00,0.16,27.00,-0.01,0.02
3616852,27.00,-0.07,-0.16,28.00,1.47,0.50,27.00,-0.07,-0.08
3616912,27.00,0.17,-0.15,28.00,0.87,0.68,27.00,0.01,0.01
3616972,27.00,0.04,-0.31,28.00,0.20,0.21,27.00,-0.02,0.06
3617033,27.00,-0.01,-0.21,28.00,-0.01,-0.15,27.00,-0.10,0.00
3617093,27.00,0.02,-0.26,28.00,-0.59,-0.23,27.00,0.01,0.02
3617153,27.00,-0.07,-0.22,28.00,-1.38,0.07,27.00,-0.05,-0.02
3617213,27.00,-0.02,-0.28,28.00,-2.16,-0.10,27.00,-0.05,-0.06
3617273,27.00,0.18,-0.15,28.00,-2.25,-0.28,27.00,-0.02,-0.01
3617333,27.00,0.14,-0.28,28.00,-2.82,-0.32,27.00,0.01,0.00
3617393,27.00,-0.05,-0.23,28.00,-3.05,0.04,27.00,-0.04,-0.02
3617453,27.00,-0.02,-0.19,28.00,-3.45,-0.29,27.00,-0.01,-0.03
3617514,27.00,-0.10,-0.11,28.00,-3.79,-0.13,27.00,0.07,-0.02
3617574,27.00,0.01,-0.22,28.00,-3.80,-0.23,27.00,0.02,-0.00
3617634,27.00,0.01,-0.36,28.00,-3.85,-0.05,27.00,0.01,-0.04
3617694,27.00,-0.11,-0.22,28.00,-3.96,-0.44,27.00,-0.04,-0.04
3617754,27.00,0.10,-0.09,28.00,-3.73,-0.31,27.00,0.02,-0.07
3617814,27.00,0.02,-0.08,28.00,-3.60,-0.25,27.00,-0.02,-0.06
3617874,27.00,-0.02,-0.18,28.00,-3.08,-0.41,27.00,-0.05,0.08
3617935,27.00,0.07,-0.06,28.00,-2.84,-0.29,27.00,-0.07,0.03
3617995,27.00,0.10,-0.17,28.00,-2.44,-0.41,27.00,-0.05,-0.05
3618055,27.00,-0.17,-0.20,28.00,-1.87,-0.39,27.00,-0.01,-0.02
3618115,27.00,-0.04,-0.05,28.00,-1.15,-0.58,27.00,0.01,-0.05
3618175,27.00,0.10,-0.24,28.00,-0.83,-0.48,27.00,-0.01,-0.10
3618235,27.00,0.01,-0.21,28.00,-0.18,-0.42,27.00,-0.01,-0.07
3618295,27.00,0.05,-0.28,28.00,0.23,-0.09,27.00,-0.04,0.02
3618355,27.00,0.01,-0.34,28.00,1.02,-0.69,27.00,-0.11,-0.00
3618416,27.00,-0.02,-0.22,28.00,1.38,-0.08,27.00,-0.01,-0.05
3618476,27.00,0.11,-0.15,28.00,2.03,0.52,27.00,-0.05,-0.05
3618536,27.00,-0.05,-0.19,28.00,2.38,-0.20,27.00,-0.02,-0.07
3618596,27.00,0.15,-0.35,28.00,3.22,-0.33,27.00,-0.04,-0.11
3618656,27.00,-0.07,-0.19,28.00,3.29,0.07,27.00,0.02,0.07
3618716,27.00,-0.07,-0.29,28.00,3.57,0.22,27.00,-0.01,0.05
3618776,27.00,0.10,-0.29,28.00,3.73,-0.34,27.00,0.02,-0.03
3618837,27.00,0.01,-0.20,28.00,3.89,0.20,27.00,-0.01,-0.07
3618897,27.00,-0.05,-0.22,28.00,4.15,-0.10,27.00,0.05,-0.03
3618957,27.00,0.07,-0.16,28.00,3.89,-0.00,27.00,-0.01,-0.16
3619017,27.00,-0.10,-0.15,28.00,3.86,0.33,27.00,0.02,-0.08
3619077,27.00,0.08,-0.27,28.00,3.41,0.02,27.00,0.07,0.01
3619137,27.00,0.08,-0.29,28.00,2.94,0.01,27.00,0.02,-0.08
3619197,27.00,-0.01,-0.34,28.00,2.70,0.33,27.00,-0.01,0.00
3619257,27.00,-0.11,-0.28,28.00,2.34,0.00,27.00,-0.05,-0.04
3619318,27.00,-0.08,-0.19,28.00,2.00,0.06,27.00,0.07,-0.05
3619378,27.00,0.11,-0.00,28.00,1.36,0.23,27.00,-0.02,0.01
3619438,27.00,-0.07,-0.27,28.00,0.46,0.38,27.00,-0.07,-0.05
3619498,27.00,-0.02,-0.42,28.00,0.02,0.29,27.00,-0.05,-0.01
3619558,27.00,0.10,-0.18,28.00,-0.55,-0.22,27.00,-0.01,-0.05
3619618,27.00,-0.01,-0.16,28.00,-0.68,-0.11,27.00,0.01,-0.04
3619678,27.00,-0.14,-0.19,28.00,-1.74,-0.11,27.00,-0.05,-0.05
3619739,27.00,-0.05,-0.24,28.00,-2.09,-0.14,27.00,-0.02,0.00
3619799,27.00,0.02,-0.29,28.00,-2.62,-0.17,27.00,-0.04,-0.09
3619859,27.00,-0.10,-0.15,28.00,-2.98,-0.13,27.00,-0.08,-0.11
3619919,27.00,-0.14,-0.08,28.00,-3.35,-0.27,27.00,-0.02,-0.06
3619979,27.00,-0.07,-0.16,28.00,-3.47,-0.55,27.00,-0.05,0.00
3620039,27.00,-0.01,-0.22,28.00,-3.80,-0.34,27.00,0.04,0.05
3620099,27.00,-0.14,-0.20,28.00,-3.61,-0.48,27.00,0.01,-0.04
3620159,27.00,0.08,-0.15,28.00,-3.98,-0.18,27.00,-0.02,-0.07
3620220,27.00,0.04,-0.20,28.00,-3.68,-0.35,27.00,0.01,0.05
3620280,27.00,0.01,-0.09,28.00,-3.67,-0.35,27.00,0.02,-0.08
3620340,27.00,0.12,-0.22,28.00,-3.29,-0.47,27.00,-0.07,-0.10
3620400,27.00,-0.02,-0.32,28.00,-2.89,-0.28,27.00,-0.01,-0.07
3620460,27.00,0.07,-0.35,28.00,-2.18,-0.55,27.00,0.01,-0.01
3620520,27.00,-0.01,-0.41,28.00,-2.54,-0.11,27.00,-0.04,-0.07
3620580,27.00,0.04,-0.18,28.00,-1.68,-0.81,27.00,-0.05,-0.01
3620641,27.00,-0.02,-0.27,28.00,-1.25,-0.47,27.00,-0.01,0.04
3620701,27.00,-0.07,-0.10,28.00,-0.52,-0.65,27.00,-0.01,-0.08
3620761,27.00,-0.02,-0.40,28.00,0.01,-0.31,27.00,0.15,-0.02
3620821,27.00,-0.15,-0.13,28.00,0.40,-0.14,27.00,-0.01,-0.07
3620881,27.00,0.04,-0.34,28.00,1.16,-0.34,27.00,-0.04,-0.07
3620941,27.00,0.04,-0.17,28.00,1.60,-0.07,27.00,-0.07,-0.01
3621001,27.00,-0.01,-0.15,28.00,2.04,0.17,27.00,-0.08,-0.01
3621061,27.00,-0.07,-0.32,28.00,2.50,-0.11,27.00,0.01,-0.13
3621122,27.00,-0.15,-0.36,28.00,3.23,-0.41,27.00,0.01,-0.02
3621182,27.00,-0.14,-0.11,28.00,3.77,-0.45,27.00,0.01,0.02
3621242,27.00,0.21,-0.24,28.00,3.47,-0.30,27.00,0.01,0.00
3621302,27.00,0.11,-0.22,28.00,3.99,-0.01,27.00,-0.05,-0.03
3621362,27.00,-0.04,-0.30,28.00,3.71,-0.39,27.00,-0.07,-0.11
3621422,27.00,0.17,-0.16,28.00,3.71,0.16,27.00,0.05,-0.09
3621482,27.00,0.11,-0.29,28.00,3.93,0.22,27.00,0.04,-0.00
3621543,27.00,-0.11,-0.22,28.00,3.76,0.16,27.00,-0.02,-0.06
3621603,27.00,0.04,-0.36,28.00,3.42,-0.23,27.00,0.02,-0.02
3621663,27.00,0.01,-0.24,28.00,2.82,-0.21,27.00,0.02,-0.01
3621723,27.00,-0.04,-0.36,28.00,2.44,-0.07,27.00,0.04,-0.04
3621783,27.00,-0.14,-0.31,28.00,2.03,0.15,27.00,0.02,-0.00
3621843,27.00,0.05,-0.11,28.00,1.49,-0.15,27.00,-0.01,-0.14
3621903,27.00,-0.05,-0.12,28.00,1.12,0.03,27.00,-0.04,-0.03
3621964,27.00,0.10,-0.17,28.00,0.59,0.03,27.00,0.01,-0.08
3622024,27.00,-0.02,-0.14,28.00,-0.12,-0.26,27.00,0.04,-0.14
3622084,27.00,0.05,-0.15,28.00,-0.62,0.00,27.00,-0.01,-0.07
3622144,27.00,0.29,-0.15,28.00,-1.22,-0.83,27.00,-0.04,-0.05
3622204,27.00,0.10,-0.16,28.00,-1.94,-0.04,27.00,-0.07,0.01
3622264,27.00,-0.23,-0.13,28.00,-2.15,0.01,27.00,0.08,-0.15
3622324,27.00,-0.26,-0.13,28.00,-2.73,0.15,27.00,0.05,-0.07
3622384,27.00,-0.02,-0.24,28.00,-2.98,-0.38,27.00,0.02,0.05
3622445,27.00,0.15,-0.25,28.00,-3.51,-0.60,27.00,0.02,-0.08
3622505,27.00,-0.10,-0.31,28.00,-3.98,-0.17,27.00,-0.01,-0.01
3622565,27.00,0.12,-0.18,28.00,-3.85,0.16,27.00,-0.05,-0.10
3622625,27.00,-0.02,-0.20,28.00,-3.98,-0.27,27.00,-0.04,0.00
3622685,27.00,-0.05,-0.22,28.00,-3.90,-0.43,27.00,0.07,-0.03
3622745,27.00,0.02,-0.28,28.00,-3.48,-0.70,27.00,-0.04,-0.05
3622805,27.00,0.01,-0.22,28.00,-3.47,-0.60,27.00,0.01,0.05
3622866,27.00,0.11,-0.29,28.00,-3.44,-0.15,27.00,0.02,-0.07
3622926,27.00,-0.04,-0.23,28.00,-2.78,-0.73,27.00,-0.04,-0.11
3622986,27.00,-0.14,-0.35,28.00,-2.35,-0.30,27.00,-0.01,-0.02
3623046,27.00,0.14,-0.15,28.00,-1.74,-0.21,27.00,0.01,0.05
3623106,27.00,0.05,-0.17,28.00,-1.68,-0.48,27.00,-0.04,-0.02
3623166,27.00,-0.07,-0.21,28.00,-0.86,-0.87,27.00,0.08,0.01
3623226,27.00,0.01,-0.23,28.00,-0.34,-0.52,27.00,0.08,-0.07
3623286,27.00,-0.08,-0.18,28.00,0.18,-0.44,27.00,0.01,-0.09
3623347,27.00,-0.01,-0.18,28.00,0.86,-0.50,27.00,-0.07,-0.06
3623407,27.00,-0.04,-0.36,28.00,1.33,-0.10,27.00,-0.04,0.02
3623467,27.00,0.08,-0.10,28.00,2.04,0.12,27.00,0.01,-0.07
3623527,27.00,0.07,-0.13,28.00,2.57,-0.40,27.00,0.01,0.00
3623587,27.00,-0.05,-0.18,28.00,2.72,-0.30,27.00,0.04,-0.01
3623647,27.00,-0.08,-0.08,28.00,3.20,0.06,27.00,0.04,0.03
3623707,27.00,-0.10,-0.31,28.00,3.49,-0.00,27.00,-0.02,-0.06
3623768,27.00,0.11,-0.06,28.00,3.80,0.29,27.00,-0.05,-0.01
3623828,27.00,-0.23,-0.36,28.00,3.79,-0.15,27.00,-0.02,-0.07
3623888,27.00,-0.04,-0.25,28.00,3.99,-0.25,27.00,-0.04,-0.07
3623948,27.00,0.05,-0.16,28.00,3.80,-0.20,27.00,0.01,-0.04
3624008,27.00,-0.04,-0.28,28.00,3.77,-0.36,27.00,0.04,-0.07
3624068,27.00,0.02,-0.15,28.00,3.32,0.14,27.00,-0.05,-0.02
3624128,27.00,-0.07,-0.28,28.00,3.22,0.23,27.00,-0.04,-0.06
3624188,27.00,-0.04,-0.22,28.00,2.81,0.06,27.00,-0.01,-0.04
3624249,27.00,0.02,-0.15,28.00,2.26,0.53,27.00,-0.02,-0.04
3624309,27.00,-0.02,-0.15,28.00,1.78,-0.36,27.00,-0.01,0.04
3624369,27.00,-0.10,-0.24,28.00,1.36,-0.22,27.00,0.01,-0.06
3624429,27.00,0.02,-0.28,28.00,0.86,-0.41,27.00,-0.02,-0.05
3624489,27.00,0.01,-0.15,28.00,0.14,-0.04,27.00,-0.05,-0.00
3624549,27.00,0.05,-0.17,28.00,-0.33,-0.33,27.00,0.05,-0.06
3624609,27.00,0.15,-0.25,28.00,-1.14,-0.24,27.00,0.02,-0.03
3624670,27.00,0.01,-0.19,28.00,-1.50,-0.40,27.00,0.02,-0.05
3624730,27.00,0.01,-0.24,28.00,-1.97,-0.20,27.00,-0.04,-0.12
3624790,27.00,0.04,-0.36,28.00,-2.72,0.01,27.00,0.01,0.01
3624850,27.00,0.04,-0.00,28.00,-2.81,0.21,27.00,-0.02,0.01
3624910,27.00,-0.01,-0.07,28.00,-3.39,0.06,27.00,0.08,0.04
3624970,27.00,-0.12,-0.17,28.00,-3.51,-0.26,27.00,-0.04,-0.00
3625030,27.00,0.07,-0.21,28.00,-3.95,-0.36,27.00,-0.01,0.09
3625090,27.00,-0.26,-0.25,28.00,-4.01,-0.23,27.00,0.02,-0.03
3625151,27.00,-0.07,-0.32,28.00,-3.99,0.06,27.00,-0.02,-0.01
3625211,27.00,0.12,-0.10,28.00,-3.63,-0.30,27.00,-0.02,-0.01
3625271,27.00,0.12,-0.28,28.00,-3.64,-0.14,27.00,-0.02,0.01
3625331,27.00,-0.21,-0.22,28.00,-3.42,-0.23,27.00,-0.05,-0.05
3625391,27.00,-0.01,-0.22,28.00,-3.25,-0.40,27.00,-0.01,-0.02
3625451,27.00,-0.04,-0.05,28.00,-2.86,-0.45,27.00,-0.07,-0.03
3625511,27.00,-0.05,-0.19,28.00,-2.42,-0.48,27.00,0.02,-0.05
3625572,27.00,0.12,-0.30,28.00,-1.72,-0.53,27.00,0.04,-0.06
3625632,27.00,-0.01,-0.15,28.00,-1.19,-0.51,27.00,-0.01,-0.07
3625692,27.00,0.07,-0.16,28.00,-0.56,-0.30,27.00,-0.07,0.05
3625752,27.00,-0.11,-0.23,28.00,-0.04,-0.58,27.00,0.04,-0.03
3625812,27.00,-0.11,-0.19,28.00,0.61,-0.23,27.00,-0.02,-0.04
3625872,27.00,-0.10,-0.23,28.00,1.18,0.47,27.00,-0.02,0.07
3625932,27.00,0.11,-0.25,28.00,1.49,0.11,27.00,-0.07,0.02
3625992,27.00,0.02,-0.38,28.00,1.93,-0.24,27.00,0.04,-0.07
3626053,27.00,0.05,-0.17,28.00,2.44,-0.07,27.00,-0.02,-0.10
3626113,27.00,0.02,-0.26,28.00,3.04,0.28,27.00,-0.07,-0.03
3626173,27.00,0.08,-0.10,28.00,3.30,0.03,27.00,-0.01,-0.02
3626233,27.00,0.07,-0.15,28.00,3.54,-0.22,27.00,-0.01,-0.00
3626293,27.00,-0.02,-0.29,28.00,3.77,-0.05,27.00,0.02,-0.00
3626353,27.00,-0.07,-0.19,28.00,4.12,0.23,27.00,-0.05,-0.00
3626413,27.00,-0.14,-0.25,28.00,4.21,-0.15,27.00,0.05,-0.01
3626474,27.00,-0.08,-0.37,28.00,3.45,0.01,27.00,0.04,-0.07
3626534,27.00,-0.05,-0.15,28.00,3.44,0.34,27.00,-0.05,-0.03
3626594,27.00,0.07,-0.29,28.00,3.22,0.04,27.00,-0.02,-0.05
3626654,27.00,-0.11,-0.31,28.00,3.03,0.26,27.00,-0.01,-0.04
3626714,27.00,-0.07,-0.35,28.00,2.51,0.14,27.00,-0.02,-0.07
3626774,27.00,-0.05,-0.15,28.00,2.15,0.07,27.00,-0.04,-0.01
3626834,27.00,-0.07,-0.34,28.00,1.53,-0.04,27.00,-0.07,0.03
3626894,27.00,-0.08,-0.31,28.00,1.14,-0.03,27.00,0.02,-0.04
3626955,27.00,-0.01,-0.15,28.00,0.45,0.04,27.00,0.02,-0.03
3627015,27.00,0.08,-0.17,28.00,0.10,-0.37,27.00,-0.02,-0.03
3627075,27.00,0.01,-0.16,28.00,-0.67,0.22,27.00,-0.02,-0.14
3627135,27.00,-0.17,-0.19,28.00,-0.92,-0.14,27.00,0.01,0.02
3627195,27.00,-0.04,-0.24,28.00,-1.58,0.23,27.00,-0.01,0.00
3627255,27.00,0.10,-0.08,28.00,-2.28,-0.47,27.00,-0.05,-0.11
3627315,27.00,-0.01,-0.32,28.00,-2.60,-0.34,27.00,-0.02,0.00
3627376,27.00,-0.05,-0.15,28.00,-3.26,-0.29,27.00,0.02,0.00
3627436,27.00,0.02,-0.24,28.00,-3.35,-0.54,27.00,-0.05,-0.03
3627496,27.00,0.12,-0.17,28.00,-3.52,-0.56,27.00,0.02,-0.07
3627556,27.00,-0.07,-0.12,28.00,-3.82,-0.32,27.00,0.01,-0.01
3627616,27.00,-0.12,-0.18,28.00,-3.88,-0.15,27.00,-0.02,-0.07
3627676,27.00,-0.02,-0.00,28.00,-3.89,-0.14,27.00,-0.01,-0.05
3627736,27.00,-0.21,-0.26,28.00,-3.85,0.08,27.00,0.01,-0.03
3627796,27.00,0.02,-0.12,28.00,-3.79,0.21,27.00,0.04,-0.06
3627857,27.00,0.12,-0.22,28.00,-3.27,-0.44,27.00,-0.01,0.05
3627917,27.00,0.02,-0.32,28.00,-3.03,-0.24,27.00,-0.02,-0.02
3627977,27.00,0.01,-0.12,28.00,-2.35,-0.60,27.00,0.05,-0.04
3628037,27.00,0.01,-0.44,28.00,-2.06,-0.31,27.00,-0.05,-0.05
3628097,27.00,0.01,-0.02,28.00,-1.60,-0.34,27.00,-0.01,0.01
3628157,27.00,-0.04,-0.23,28.00,-1.03,-0.96,27.00,0.01,-0.05
3628217,27.00,0.01,-0.12,28.00,-0.37,-0.60,27.00,0.07,-0.03
3628278,27.00,-0.12,-0.40,28.00,0.14,-0.23,27.00,-0.07,-0.06
3628338,27.00,-0.05,-0.31,28.00,0.83,-0.09,27.00,0.01,0.12
3628398,27.00,0.01,-0.29,28.00,1.43,-0.46,27.00,-0.01,-0.06
3628458,27.00,-0.05,-0.20,28.00,1.87,-0.23,27.00,-0.01,-0.02
3628518,27.00,-0.08,-0.11,28.00,2.29,0.20,27.00,-0.01,0.01
3628578,27.00,0.05,-0.22,28.00,2.69,0.14,27.00,-0.01,-0.01
3628638,27.00,0.05,-0.44,28.00,3.27,-0.10,27.00,-0.07,-0.01
3628699,27.00,-0.05,-0.13,28.00,3.11,-0.02,27.00,0.02,-0.07
3628759,27.00,0.11,-0.23,28.00,3.76,-0.26,27.00,-0.02,-0.02
3628819,27.00,-0.01,-0.20,28.00,3.77,-0.00,27.00,-0.04,-0.03
3628879,27.00,-0.04,-0.16,28.00,3.61,-0.01,27.00,-0.01,-0.05
3628939,27.00,0.11,-0.25,28.00,3.95,0.17,27.00,-0.01,-0.02
3628999,27.00,-0.14,-0.15,28.00,3.76,-0.05,27.00,0.04,0.01
3629059,27.00,-0.02,-0.22,28.00,3.42,-0.22,27.00,0.04,-0.07
3629119,27.00,0.02,-0.27,28.00,3.04,0.08,27.00,0.01,-0.04
3629180,27.00,-0.08,-0.16,28.00,2.81,0.00,27.00,0.02,0.01
3629240,27.00,-0.15,-0.32,28.00,2.50,0.05,27.00,-0.04,0.02
3629300,27.00,0.04,-0.15,28.00,2.00,-0.07,27.00,0.04,-0.08
3629360,27.00,0.15,-0.15,28.00,1.59,0.37,27.00,0.04,0.01
3629420,27.00,0.07,-0.23,28.00,1.14,0.24,27.00,-0.02,-0.00
3629480,27.00,-0.12,-0.31,28.00,0.43,-0.18,27.00,-0.02,-0.00
3629540,27.00,0.10,-0.22,28.00,-0.32,-0.10,27.00,-0.04,-0.02
3629601,27.00,-0.12,-0.22,28.00,-0.93,0.07,27.00,-0.02,-0.05
3629661,27.00,0.02,-0.24,28.00,-1.68,0.03,27.00,0.02,-0.00
3629721,27.00,0.18,-0.19,28.00,-1.97,-0.12,27.00,-0.01,0.07
3629781,27.00,0.04,-0.23,28.00,-2.45,-0.38,27.00,-0.05,-0.02
3629841,27.00,0.10,-0.12,28.00,-2.81,-0.29,27.00,-0.01,-0.18
3629901,27.00,-0.04,-0.20,28.00,-3.08,0.03,27.00,0.05,0.05
3629961,27.00,0.07,-0.17,28.00,-3.63,0.14,27.00,-0.01,-0.10
3630021,27.00,-0.11,-0.19,28.00,-3.63,-0.39,27.00,-0.01,-0.06
3630082,27.00,0.20,-0.12,28.00,-3.93,-0.36,27.00,0.01,-0.07
3630142,27.00,0.04,-0.22,28.00,-4.14,-0.19,27.00,-0.05,-0.06
3630202,27.00,0.05,-0.07,28.00,-3.95,-0.22,27.00,0.07,0.01
3630262,27.00,-0.07,-0.20,28.00,-3.71,-0.92,27.00,0.01,0.00
3630322,27.00,-0.04,-0.22,28.00,-3.32,-0.15,27.00,-0.10,-0.01
3630382,27.00,-0.02,-0.20,28.00,-3.00,-0.32,27.00,0.04,-0.07
3630442,27.00,0.05,-0.09,28.00,-2.72,0.08,27.00,-0.02,-0.04
3630503,27.00,0.01,-0.44,28.00,-2.35,-0.44,27.00,-0.05,-0.06
3630563,27.00,-0.20,-0.36,28.00,-1.74,-0.65,27.00,-0.02,0.05
3630623,27.00,0.10,-0.22,28.00,-1.18,-0.70,27.00,-0.01,-0.02
3630683,27.00,0.01,-0.09,28.00,-0.73,-0.42,27.00,-0.05,-0.00
3630743,27.00,-0.12,-0.33,28.00,-0.23,-0.89,27.00,-0.05,-0.00
3630803,27.00,-0.07,-0.38,28.00,0.40,-0.36,27.00,-0.02,-0.07
3630863,27.00,0.02,-0.29,28.00,0.92,-0.16,27.00,-0.01,0.01
3630923,27.00,-0.07,-0.26,28.00,1.46,0.18,27.00,0.01,0.02
3630984,27.00,0.10,-0.24,28.00,2.38,-0.33,27.00,-0.02,-0.02
3631044,27.00,0.11,-0.04,28.00,2.75,-0.19,27.00,-0.02,-0.08
3631104,27.00,-0.05,-0.10,28.00,2.91,-0.10,27.00,0.05,-0.01
3631164,27.00,-0.01,-0.14,28.00,3.33,-0.36,27.00,-0.02,-0.06
3631224,27.00,-0.05,-0.22,28.00,3.48,0.20,27.00,-0.04,-0.03
3631284,27.00,0.10,-0.12,28.00,3.76,-0.03,27.00,-0.01,-0.01
3631344,27.00,0.10,-0.21,28.00,4.02,-0.28,27.00,-0.04,-0.02
3631405,27.00,0.07,-0.31,28.00,3.60,0.22,27.00,-0.07,0.01
3631465,27.00,-0.02,-0.19,28.00,3.80,0.02,27.00,0.01,-0.06
3631525,27.00,-0.04,-0.15,28.00,3.64,0.06,27.00,-0.01,-0.05
3631585,27.00,-0.07,-0.18,28.00,3.49,0.37,27.00,-0.01,0.02
3631645,27.00,-0.14,-0.15,28.00,3.05,0.26,27.00,-0.01,0.01
3631705,27.00,-0.10,-0.32,28.00,2.92,-0.31,27.00,0.02,-0.02
3631765,27.00,0.15,-0.16,28.00,2.23,-0.11,27.00,0.02,-0.11
3631825,27.00,0.10,-0.09,28.00,1.96,0.11,27.00,0.01,-0.07
3631886,27.00,-0.01,-0.29,28.00,1.15,-0.14,27.00,0.02,0.03
3631946,27.00,0.01,-0.28,28.00,0.77,-0.00,27.00,-0.01,-0.04
3632006,27.00,-0.02,-0.15,28.00,-0.02,-0.00,27.00,-0.04,-0.00
3632066,27.00,-0.11,-0.42,28.00,-0.61,0.24,27.00,-0.05,-0.02
3632126,27.00,0.04,-0.27,28.00,-1.36,-0.64,27.00,-0.02,-0.11
3632186,27.00,-0.04,-0.21,28.00,-1.62,-0.31,27.00,-0.07,-0.06
3632246,27.00,-0.01,-0.06,28.00,-2.12,-0.04,27.00,-0.02,-0.02
3632307,27.00,0.02,-0.29,28.00,-2.85,-0.27,27.00,-0.04,-0.03
3632367,27.00,-0.11,-0.21,28.00,-3.20,0.17,27.00,0.04,-0.03
3632427,27.00,-0.08,-0.24,28.00,-3.23,-0.05,27.00,-0.04,-0.00
3632487,27.00,-0.15,-0.27,28.00,-3.60,0.07,27.00,-0.02,-0.12
3632547,27.00,0.11,-0.15,28.00,-3.96,0.11,27.00,-0.02,0.01
3632607,27.00,-0.02,-0.29,28.00,-3.79,-0.27,27.00,-0.04,-0.03
3632667,27.00,-0.08,-0.16,28.00,-4.01,-0.33,27.00,-0.02,-0.06
3632727,27.00,-0.17,-0.26,28.00,-4.01,-0.16,27.00,-0.01,-0.12
3632788,27.00,0.08,-0.15,28.00,-3.33,-0.14,27.00,0.01,-0.07
3632848,27.00,-0.01,-0.11,28.00,-3.19,-0.80,27.00,-0.05,0.00
3632908,27.00,-0.02,-0.07,28.00,-2.84,-0.51,27.00,-0.05,-0.07
3632968,27.00,-0.01,-0.33,28.00,-2.59,-0.39,27.00,-0.01,-0.06
3633028,27.00,0.18,-0.22,28.00,-2.09,-0.39,27.00,0.04,-0.07
3633088,27.00,-0.08,-0.05,28.00,-1.69,-0.50,27.00,-0.07,-0.07
3633148,27.00,0.10,-0.19,28.00,-0.90,-0.02,27.00,-0.04,0.00
3633209,27.00,-0.05,-0.08,28.00,-0.39,-0.51,27.00,-0.01,-0.08
3633269,27.00,-0.10,-0.23,28.00,-0.05,-0.50,27.00,0.02,0.02
3633329,27.00,-0.24,-0.20,28.00,0.89,-0.55,27.00,0.04,-0.01
3633389,27.00,-0.08,0.01,28.00,1.49,-0.44,27.00,-0.04,0.03
3633449,27.00,-0.14,-0.06,28.00,2.06,-0.44,27.00,-0.01,-0.00
3633509,27.00,-0.04,-0.08,28.00,2.25,-0.65,27.00,-0.01,0.04
3633569,27.00,0.02,0.04,28.00,2.76,-0.53,27.00,0.04,-0.02
3633629,27.00,0.04,-0.11,28.00,3.13,0.15,27.00,-0.02,-0.01
3633690,27.00,0.08,-0.18,28.00,3.51,0.15,27.00,0.01,0.00
3633750,27.00,-0.08,-0.21,28.00,3.49,0.21,27.00,-0.01,-0.05
3633810,27.00,0.07,-0.20,28.00,3.88,-0.02,27.00,0.01,-0.07
3633870,27.00,0.07,-0.37,28.00,3.60,0.52,27.00,-0.07,-0.03
3633930,27.00,0.02,-0.22,28.00,3.90,0.07,27.00,0.02,-0.01
3633990,27.00,-0.32,-0.08,28.00,3.74,-0.16,27.00,0.01,-0.04
3634050,27.00,0.07,-0.30,28.00,3.49,0.07,27.00,-0.02,0.04
3634111,27.00,0.01,-0.14,28.00,3.11,0.07,27.00,-0.08,-0.04
3634171,27.00,-0.11,-0.29,28.00,2.94,-0.03,27.00,0.07,-0.01
3634231,27.00,0.20,-0.24,28.00,2.23,0.21,27.00,0.02,0.01
3634291,27.00,-0.08,-0.30,28.00,2.06,-0.53,27.00,-0.05,0.02
3634351,27.00,-0.01,-0.07,28.00,1.52,0.41,27.00,0.01,0.14
3634411,27.00,-0.07,-0.19,28.00,0.67,0.15,27.00,-0.01,0.01
3634471,27.00,0.05,-0.15,28.00,0.36,0.06,27.00,-0.01,-0.03
3634532,27.00,-0.08,-0.33,28.00,-0.26,-0.28,27.00,-0.01,-0.02
3634592,27.00,0.08,-0.27,28.00,-0.96,-0.03,27.00,-0.05,-0.05
3634652,27.00,0.07,-0.11,28.00,-1.49,-0.09,27.00,-0.07,-0.06
3634712,27.00,-0.14,-0.27,28.00,-2.01,0.02,27.00,0.05,-0.03
3634772,27.00,0.11,-0.15,28.00,-2.25,0.51,27.00,-0.04,0.00
3634832,27.00,0.15,-0.15,28.00,-2.67,-0.17,27.00,-0.01,-0.01
3634892,27.00,0.05,-0.19,28.00,-3.17,-0.27,27.00,-0.01,-0.09
3634952,27.00,-0.01,-0.28,28.00,-3.47,-0.22,27.00,-0.05,0.07
3635013,27.00,-0.05,-0.01,28.00,-3.67,-0.09,27.00,0.02,0.02
3635073,27.00,0.04,-0.22,28.00,-3.73,-0.04,27.00,-0.04,-0.02
3635133,27.00,-0.04,-0.26,28.00,-4.18,0.08,27.00,0.07,-0.01
3635193,27.00,-0.01,-0.19,28.00,-3.80,-0.13,27.00,-0.10,-0.03
3635253,27.00,-0.01,-0.24,28.00,-4.02,-0.50,27.00,-0.04,-0.04
3635313,27.00,0.04,-0.01,28.00,-3.39,-0.39,27.00,0.04,-0.03
3635373,27.00,-0.04,-0.36,28.00,-3.08,0.09,27.00,0.02,-0.00
3635434,27.00,-0.01,-0.23,28.00,-2.69,-0.59,27.00,0.01,-0.08
3635494,27.00,-0.11,-0.22,28.00,-2.34,-0.56,27.00,-0.04,-0.03
3635554,27.00,0.18,-0.13,28.00,-2.23,0.11,27.00,0.04,-0.02
3635614,27.00,0.01,-0.50,28.00,-1.59,-0.65,27.00,-0.08,0.01
3635674,27.00,-0.12,-0.11,28.00,-0.90,-0.38,27.00,-0.02,-0.01
3635734,27.00,0.01,0.00,28.00,-0.17,-0.70,27.00,-0.01,0.01
3635794,27.00,-0.20,-0.29,28.00,0.30,-0.26,27.00,0.01,0.04
3635854,27.00,0.04,-0.09,28.00,1.09,-0.59,27.00,-0.02,-0.03
3635915,27.00,-0.11,-0.25,28.00,1.58,0.01,27.00,-0.05,-0.06
3635975,27.00,0.07,-0.12,28.00,2.00,0.31,27.00,0.04,-0.03
3636035,27.00,0.11,-0.17,28.00,2.42,0.07,27.00,-0.01,-0.08
3636095,27.00,-0.02,-0.15,28.00,2.94,-0.04,27.00,0.01,-0.05
3636155,27.00,-0.05,-0.36,28.00,3.44,0.25,27.00,-0.02,-0.00
3636215,27.00,0.10,-0.15,28.00,3.41,-0.02,27.00,-0.02,0.04
3636275,27.00,-0.10,-0.03,28.00,4.21,-0.26,27.00,-0.02,0.00
3636336,27.00,0.01,-0.23,28.00,3.52,0.25,27.00,0.05,0.00
3636396,27.00,0.07,-0.22,28.00,3.77,0.13,27.00,0.01,0.00
3636456,27.00,0.01,-0.15,28.00,3.57,0.22,27.00,-0.05,-0.04
3636516,27.00,0.07,-0.21,28.00,3.67,0.34,27.00,-0.02,-0.07
3636576,27.00,0.04,-0.26,28.00,3.07,-0.12,27.00,-0.04,-0.08
3636636,27.00,-0.04,-0.21,28.00,3.30,-0.15,27.00,-0.07,0.02
3636696,27.00,0.04,-0.06,28.00,2.56,0.69,27.00,-0.05,-0.11
3636756,27.00,0.04,-0.21,28.00,2.16,0.06,27.00,-0.02,-0.08
3636817,27.00,-0.10,-0.32,28.00,1.72,0.26,27.00,-0.04,-0.03
3636877,27.00,-0.04,-0.05,28.00,1.15,0.25,27.00,-0.01,-0.04
3636937,27.00,0.04,-0.15,28.00,0.48,0.42,27.00,-0.02,-0.02
3636997,27.00,0.02,-0.20,28.00,0.01,0.10,27.00,-0.04,-0.05
3637057,27.00,0.23,-0.00,28.00,-0.42,-0.60,27.00,-0.02,-0.00
3637117,27.00,0.08,-0.11,28.00,-0.97,0.45,27.00,-0.04,-0.01
3637177,27.00,-0.01,-0.15,28.00,-1.68,0.08,27.00,-0.02,-0.07
3637238,27.00,-0.04,-0.27,28.00,-2.28,-0.34,27.00,0.01,-0.00
3637298,27.00,0.10,-0.10,28.00,-2.60,0.18,27.00,-0.02,-0.03
3637358,27.00,0.24,-0.16,28.00,-2.97,-0.41,27.00,0.05,-0.02
3637418,27.00,-0.15,-0.23,28.00,-3.07,-0.52,27.00,-0.01,0.01
3637478,27.00,-0.01,-0.27,28.00,-3.44,-0.61,27.00,-0.01,-0.01
3637538,27.00,-0.14,-0.20,28.00,-3.57,-0.49,27.00,0.02,-0.04
3637598,27.00,-0.05,-0.13,28.00,-3.99,-0.03,27.00,0.01,0.02
3637658,27.00,-0.12,-0.26,28.00,-4.01,-0.34,27.00,0.04,-0.00
3637719,27.00,0.08,-0.19,28.00,-4.01,0.05,27.00,-0.02,-0.00
3637779,27.00,0.01,-0.24,28.00,-3.60,-0.27,27.00,0.04,-0.02
3637839,27.00,0.05,-0.20,28.00,-3.47,-0.66,27.00,-0.02,0.02
3637899,27.00,0.07,-0.25,28.00,-3.07,-0.49,27.00,-0.04,-0.00
3637959,27.00,-0.02,-0.30,28.00,-2.67,-0.06,27.00,-0.01,-0.07
3638019,27.00,0.10,-0.14,28.00,-1.93,-0.67,27.00,0.02,-0.01
3638079,27.00,-0.10,-0.37,28.00,-1.65,-0.65,27.00,-0.02,-0.06
3638140,27.00,0.10,-0.25,28.00,-1.22,-0.59,27.00,0.01,-0.07
3638200,27.00,-0.01,-0.27,28.00,-0.61,-0.35,27.00,0.05,-0.00
3638260,27.00,-0.14,-0.31,28.00,-0.12,-0.63,27.00,-0.04,0.05
3638320,27.00,0.04,-0.19,28.00,0.70,0.10,27.00,-0.02,-0.02
3638380,27.00,0.05,-0.41,28.00,0.89,-0.35,27.00,0.01,-0.00
3638440,27.00,-0.10,-0.11,28.00,1.62,-0.15,27.00,0.04,-0.03
3638500,27.00,-0.08,-0.39,28.00,2.32,0.34,27.00,-0.04,-0.03
3638560,27.00,-0.10,-0.04,28.00,2.66,-0.03,27.00,-0.01,-0.03
3638621,27.00,0.02,-0.08,28.00,3.01,0.01,27.00,-0.01,-0.03
3638681,27.00,-0.04,-0.15,28.00,3.14,-0.09,27.00,-0.04,-0.01
3638741,27.00,-0.10,-0.23,28.00,3.66,0.04,27.00,-0.05,-0.01
3638801,27.00,0.02,-0.21,28.00,3.64,-0.05,27.00,-0.01,0.05
3638861,27.00,-0.04,-0.17,28.00,3.99,-0.51,27.00,-0.07,-0.06
3638921,27.00,0.04,-0.19,28.00,4.04,0.30,27.00,0.01,-0.07
3638981,27.00,0.02,-0.18,28.00,3.83,0.37,27.00,-0.08,-0.10
3639042,27.00,-0.17,-0.31,28.00,4.04,0.01,27.00,0.02,0.00
3639102,27.00,0.04,-0.06,28.00,3.25,-0.34,27.00,-0.01,-0.04
3639162,27.00,0.14,-0.02,28.00,2.98,-0.33,27.00,-0.01,0.03
3639222,27.00,-0.11,-0.11,28.00,2.40,0.45,27.00,-0.04,-0.00
3639282,27.00,-0.01,-0.48,28.00,2.31,0.50,27.00,-0.01,-0.04
3639342,27.00,-0.02,-0.21,28.00,1.93,-0.06,27.00,0.01,-0.04
3639402,27.00,-0.15,-0.29,28.00,1.31,0.04,27.00,0.01,-0.00
3639463,27.00,-0.02,-0.20,28.00,0.43,0.27,27.00,-0.01,-0.00
3639523,27.00,0.11,-0.11,28.00,-0.27,0.15,27.00,-0.07,-0.01
3639583,27.00,0.08,-0.10,28.00,-0.75,-0.19,27.00,-0.01,-0.11
3639643,27.00,-0.10,-0.22,28.00,-1.08,-0.49,27.00,-0.08,-0.04
3639703,27.00,0.02,-0.22,28.00,-1.84,-0.42,27.00,-0.02,-0.08
3639763,27.00,-0.04,-0.15,28.00,-2.04,-0.44,27.00,0.02,-0.02
3639823,27.00,0.02,-0.26,28.00,-2.75,-0.43,27.00,0.04,-0.04
3639883,27.00,-0.12,-0.36,28.00,-3.14,-0.51,27.00,-0.04,-0.07
3639944,27.00,-0.08,-0.24,28.00,-3.35,-0.48,27.00,-0.04,0.02
3640004,27.00,-0.01,-0.27,28.00,-3.80,-0.28,27.00,0.01,0.03
3640064,27.00,-0.02,-0.19,28.00,-3.95,-0.20,27.00,0.01,-0.05
3640124,27.00,0.05,-0.15,28.00,-4.17,-0.49,27.00,-0.10,-0.05
3640184,27.00,-0.08,-0.09,28.00,-3.96,-0.15,27.00,0.04,-0.04
3640244,27.00,0.01,0.01,28.00,-3.66,-0.61,27.00,-0.10,0.07
3640304,27.00,-0.01,-0.24,28.00,-3.16,-0.39,27.00,0.04,-0.00
3640364,27.00,-0.01,-0.14,28.00,-3.08,-0.37,27.00,-0.07,-0.00
3640425,27.00,0.18,-0.17,28.00,-2.86,-0.83,27.00,-0.07,-0.09
3640485,27.00,-0.18,-0.39,28.00,-2.41,-0.48,27.00,-0.02,-0.10
3640545,27.00,-0.07,-0.02,28.00,-2.10,-0.38,27.00,-0.02,-0.07
3640605,27.00,0.02,-0.22,28.00,-1.46,-0.81,27.00,-0.02,-0.06
3640665,27.00,-0.04,-0.20,28.00,-0.58,-1.24,27.00,0.01,0.05
3640725,27.00,0.10,-0.18,28.00,-0.24,-0.56,27.00,-0.01,-0.04
3640785,27.00,0.02,-0.37,28.00,0.33,-0.19,27.00,0.02,0.03
3640846,27.00,-0.17,-0.48,28.00,0.83,-0.29,27.00,0.04,0.00
3640906,27.00,0.05,-0.25,28.00,1.37,-0.39,27.00,-0.01,-0.07
3640966,27.00,0.04,-0.07,28.00,1.93,-0.19,27.00,0.01,-0.06
3641026,27.00,-0.05,-0.06,28.00,2.29,0.18,27.00,-0.02,-0.01
3641086,27.00,0.11,-0.18,28.00,2.79,-0.03,27.00,-0.07,-0.04
3641146,27.00,-0.07,-0.33,28.00,3.10,0.08,27.00,-0.02,-0.00
3641206,27.00,0.04,-0.10,28.00,3.55,0.22,27.00,-0.02,0.01
3641267,27.00,0.04,-0.14,28.00,3.68,-0.28,27.00,-0.04,-0.02
3641327,27.00,0.08,-0.29,28.00,4.15,-0.64,27.00,-0.02,-0.06
3641387,27.00,-0.26,0.06,28.00,3.63,0.33,27.00,-0.14,0.02
3641447,27.00,0.07,-0.22,28.00,3.76,0.00,27.00,-0.05,-0.03
3641507,27.00,0.14,0.03,28.00,3.99,-0.24,27.00,0.04,0.01
3641567,27.00,-0.05,-0.24,28.00,3.66,0.25,27.00,0.02,-0.01
3641627,27.00,0.04,-0.18,28.00,3.33,0.28,27.00,-0.12,-0.02
3641687,27.00,0.10,-0.15,28.00,2.73,0.16,27.00,0.04,-0.09
3641748,27.00,-0.01,-0.11,28.00,2.25,0.51,27.00,0.01,0.04
3641808,27.00,0.02,-0.26,28.00,2.00,-0.22,27.00,0.01,-0.00
3641868,27.00,0.05,-0.26,28.00,1.25,0.30,27.00,0.02,-0.01
3641928,27.00,-0.04,-0.17,28.00,0.80,-0.42,27.00,-0.01,-0.06
3641988,27.00,-0.12,-0.26,28.00,0.37,0.01,27.00,-0.10,-0.10
3642048,27.00,-0.21,-0.22,28.00,-0.26,-0.48,27.00,-0.01,0.06
3642108,27.00,0.05,-0.24,28.00,-1.00,-0.44,27.00,-0.05,-0.01
3642169,27.00,-0.11,-0.26,28.00,-1.53,-0.36,27.00,-0.04,-0.05
3642229,27.00,-0.11,-0.29,28.00,-2.01,-0.17,27.00,0.05,-0.09
3642289,27.00,0.07,-0.16,28.00,-2.67,-0.29,27.00,0.05,-0.07
3642349,27.00,-0.04,-0.22,28.00,-3.22,-0.11,27.00,-0.08,-0.07
3642409,27.00,-0.01,-0.22,28.00,-3.16,-0.09,27.00,-0.04,-0.07
3642469,27.00,-0.04,-0.22,28.00,-3.57,-0.41,27.00,-0.01,0.03
3642529,27.00,0.12,-0.19,28.00,-3.98,-0.04,27.00,0.01,-0.01
3642589,27.00,-0.07,-0.22,28.00,-3.95,0.14,27.00,0.02,-0.07
3642650,27.00,-0.14,-0.23,28.00,-4.12,-0.19,27.00,-0.02,-0.03
3642710,27.00,0.02,-0.09,28.00,-3.82,-0.73,27.00,0.01,0.01
3642770,27.00,-0.04,-0.25,28.00,-3.85,-0.60,27.00,-0.01,-0.08
3642830,27.00,-0.05,-0.01,28.00,-3.41,-0.38,27.00,-0.04,0.03
3642890,27.00,-0.11,-0.47,28.00,-2.95,-0.73,27.00,0.01,-0.01
3642950,27.00,0.08,-0.01,28.00,-2.85,-0.87,27.00,0.02,-0.04
3643010,27.00,-0.10,-0.15,28.00,-2.31,-0.47,27.00,0.02,-0.07
3643071,27.00,-0.04,-0.20,28.00,-1.79,-0.73,27.00,-0.02,-0.05
3643131,27.00,-0.02,-0.22,28.00,-1.34,-0.49,27.00,0.02,-0.00
3643191,27.00,-0.10,-0.07,28.00,-0.62,-0.43,27.00,0.02,-0.02
3643251,27.00,0.07,-0.29,28.00,-0.18,-0.52,27.00,0.02,-0.04
3643311,27.00,-0.02,-0.21,28.00,0.55,-0.38,27.00,-0.02,0.02
3643371,27.00,-0.10,-0.35,28.00,1.02,0.01,27.00,0.05,0.04
3643431,27.00,-0.07,-0.40,28.00,1.65,-0.08,27.00,-0.02,-0.07
3643491,27.00,0.04,-0.18,28.00,2.25,-0.55,27.00,-0.02,-0.07
3643552,27.00,0.01,-0.32,28.00,2.35,0.58,27.00,0.01,0.03
3643612,27.00,-0.02,-0.28,28.00,2.89,-0.10,27.00,-0.04,0.02
3643672,27.00,-0.02,-0.04,28.00,3.36,0.03,27.00,-0.01,-0.02
3643732,27.00,-0.02,-0.26,28.00,3.70,0.15,27.00,-0.01,-0.07
3643792,27.00,0.08,-0.09,28.00,4.07,0.10,27.00,-0.04,-0.00
3643852,27.00,0.05,-0.09,28.00,3.68,0.63,27.00,-0.01,-0.05
3643912,27.00,0.10,-0.01,28.00,4.05,0.06,27.00,-0.05,0.00
3643973,27.00,0.01,-0.25,28.00,3.45,0.36,27.00,-0.02,0.03
3644033,27.00,-0.01,-0.22,28.00,3.54,0.08,27.00,-0.01,-0.05
3644093,27.00,0.04,-0.03,28.00,3.58,-0.10,27.00,-0.04,-0.02
3644153,27.00,-0.08,-0.17,28.00,3.00,0.17,27.00,0.04,-0.02
3644213,27.00,-0.12,-0.29,28.00,2.62,-0.15,27.00,0.02,0.04
3644273,27.00,0.01,-0.35,28.00,1.97,-0.07,27.00,0.07,-0.01
3644333,27.00,-0.08,-0.29,28.00,1.58,-0.01,27.00,0.05,0.05
3644393,27.00,-0.04,-0.08,28.00,1.08,-0.03,27.00,-0.01,-0.07
3644454,27.00,0.14,-0.24,28.00,0.64,0.15,27.00,0.05,-0.01
3644514,27.00,-0.07,-0.18,28.00,0.08,-0.29,27.00,0.01,-0.11
3644574,27.00,0.12,-0.15,28.00,-0.70,-0.02,27.00,-0.04,-0.03
3644634,27.00,-0.08,-0.19,28.00,-1.18,0.46,27.00,0.04,0.01
3644694,27.00,-0.10,-0.22,28.00,-1.66,0.10,27.00,0.07,0.05
3644754,27.00,-0.01,-0.19,28.00,-1.99,0.15,27.00,0.04,-0.08
3644814,27.00,0.02,-0.16,28.00,-2.63,0.13,27.00,-0.04,0.00
3644875,27.00,0.17,-0.14,28.00,-3.07,-0.31,27.00,0.05,-0.14
3644935,27.00,-0.04,-0.27,28.00,-3.47,-0.63,27.00,0.10,-0.03
3644995,27.00,-0.07,-0.08,28.00,-3.73,-0.42,27.00,0.01,-0.02
3645055,27.00,-0.01,-0.35,28.00,-3.48,-0.07,27.00,-0.05,-0.04
3645115,27.00,0.02,-0.27,28.00,-3.95,0.32,27.00,0.02,0.01
3645175,27.00,-0.20,-0.27,28.00,-3.93,-0.23,27.00,-0.05,-0.06
3645235,27.00,-0.07,-0.17,28.00,-3.83,-0.09,27.00,0.02,-0.02
3645295,27.00,0.14,-0.28,28.00,-3.61,-0.15,27.00,0.08,-0.00
3645356,27.00,-0.07,-0.18,28.00,-3.30,-0.54,27.00,-0.01,-0.04
3645416,27.00,-0.11,-0.20,28.00,-3.03,-0.29,27.00,-0.01,-0.09
3645476,27.00,0.04,-0.15,28.00,-2.63,-0.56,27.00,0.02,0.04
3645536,27.00,-0.04,-0.07,28.00,-2.09,-0.82,27.00,-0.01,-0.01
3645596,27.00,0.15,-0.19,28.00,-1.62,-0.38,27.00,0.04,-0.01
3645656,27.00,0.01,-0.21,28.00,-0.59,-0.44,27.00,-0.02,-0.04
3645716,27.00,0.07,-0.40,28.00,-0.45,-0.83,27.00,0.01,0.00
3645777,27.00,-0.02,-0.34,28.00,0.14,-0.54,27.00,0.01,-0.04
3645837,27.00,0.02,-0.08,28.00,0.77,-0.25,27.00,0.01,-0.11
3645897,27.00,0.01,-0.22,28.00,1.37,-0.33,27.00,-0.11,-0.00
3645957,27.00,-0.23,0.03,28.00,1.74,-0.44,27.00,0.01,-0.04
3646017,27.00,-0.12,-0.29,28.00,2.32,-0.35,27.00,0.01,-0.07
3646077,27.00,-0.18,-0.21,28.00,2.84,0.13,27.00,-0.05,0.01
3646137,27.00,-0.05,-0.42,28.00,3.35,-0.02,27.00,-0.04,-0.01
3646198,27.00,-0.04,-0.29,28.00,3.35,0.28,27.00,-0.01,-0.09
3646258,27.00,-0.04,-0.25,28.00,3.96,-0.21,27.00,-0.04,-0.08
3646318,27.00,0.02,-0.13,28.00,3.79,-0.01,27.00,-0.02,0.08
3646378,27.00,-0.14,-0.27,28.00,4.02,0.14,27.00,-0.01,0.02
3646438,27.00,-0.04,-0.12,28.00,4.08,0.35,27.00,-0.05,-0.04
3646498,27.00,0.01,-0.15,28.00,3.71,0.23,27.00,0.01,-0.05
3646558,27.00,0.05,-0.05,28.00,3.30,0.31,27.00,-0.02,-0.09
3646618,27.00,0.05,-0.19,28.00,3.14,0.06,27.00,-0.02,0.04
3646679,27.00,-0.15,-0.28,28.00,2.98,0.20,27.00,0.05,-0.01
3646739,27.00,0.01,-0.19,28.00,2.40,-0.13,27.00,0.02,-0.03
3646799,27.00,-0.08,-0.11,28.00,1.96,0.01,27.00,0.05,-0.00
3646859,27.00,0.04,-0.08,28.00,1.18,0.00,27.00,0.04,0.01
3646919,27.00,-0.01,-0.10,28.00,0.78,0.65,27.00,-0.02,-0.06
3646979,27.00,-0.11,-0.36,28.00,0.33,-0.28,27.00,-0.01,-0.01
3647039,27.00,0.14,-0.15,28.00,-0.36,-0.09,27.00,0.05,-0.03
3647100,27.00,-0.05,-0.23,28.00,-0.90,-0.35,27.00,-0.05,-0.02
3647160,27.00,0.01,-0.14,28.00,-1.46,-0.12,27.00,0.01,-0.04
3647220,27.00,-0.04,-0.19,28.00,-1.99,-0.21,27.00,-0.05,-0.01
3647280,27.00,-0.05,-0.29,28.00,-2.19,-0.35,27.00,-0.02,-0.05
3647340,27.00,-0.01,-0.12,28.00,-2.66,-0.37,27.00,0.01,-0.02
3647400,27.00,-0.10,-0.19,28.00,-3.20,-0.16,27.00,-0.04,0.06
3647460,27.00,-0.10,-0.23,28.00,-3.49,-0.16,27.00,0.07,-0.01
3647520,27.00,0.05,-0.32,28.00,-3.88,-0.49,27.00,0.02,-0.03
3647581,27.00,-0.10,-0.13,28.00,-3.96,-0.32,27.00,0.02,0.02
3647641,27.00,0.05,-0.28,28.00,-3.82,-0.51,27.00,0.04,0.01
3647701,27.00,0.05,-0.22,28.00,-3.82,-0.14,27.00,-0.02,-0.05
3647761,27.00,0.14,-0.08,28.00,-3.48,-0.01,27.00,0.05,-0.03
3647821,27.00,-0.02,-0.09,28.00,-3.63,-0.24,27.00,0.04,-0.02
3647881,27.00,0.08,-0.08,28.00,-3.07,-0.98,27.00,0.05,-0.05
3647941,27.00,-0.02,-0.24,28.00,-2.76,-0.42,27.00,-0.01,-0.04
3648002,27.00,0.07,-0.14,28.00,-2.41,-0.44,27.00,-0.02,0.02
3648062,27.00,0.07,-0.24,28.00,-1.74,-0.43,27.00,0.01,-0.07
3648122,27.00,-0.04,-0.15,28.00,-1.21,-0.62,27.00,-0.05,0.01
3648182,27.00,-0.01,-0.13,28.00,-0.59,-0.71,27.00,0.05,-0.02
3648242,27.00,-0.15,-0.16,28.00,-0.39,-0.78,27.00,-0.02,-0.02
3648302,27.00,0.01,-0.00,28.00,0.11,-0.58,27.00,0.04,0.04
3648362,27.00,-0.05,-0.15,28.00,0.80,-0.39,27.00,0.02,-0.06
3648422,27.00,0.08,-0.09,28.00,1.43,-0.20,27.00,0.07,-0.07
3648483,27.00,-0.07,-0.24,28.00,2.28,-0.21,27.00,-0.02,-0.06
3648543,27.00,0.15,-0.20,28.00,2.32,-0.06,27.00,-0.01,-0.03
3648603,27.00,-0.14,-0.29,28.00,2.94,-0.09,27.00,-0.10,-0.03
3648663,27.00,-0.04,-0.14,28.00,3.36,0.01,27.00,-0.02,-0.05
3648723,27.00,-0.10,-0.16,28.00,3.58,0.46,27.00,-0.01,-0.04
3648783,27.00,-0.12,-0.26,28.00,3.96,0.05,27.00,0.01,0.00
3648843,27.00,-0.05,-0.14,28.00,3.86,0.15,27.00,-0.07,-0.04
3648904,27.00,-0.10,-0.25,28.00,3.55,0.51,27.00,-0.05,-0.08
3648964,27.00,-0.14,-0.28,28.00,3.74,-0.24,27.00,-0.01,-0.06
3649024,27.00,-0.11,-0.16,28.00,3.71,-0.07,27.00,0.01,-0.07
3649084,27.00,0.05,-0.16,28.00,3.44,-0.02,27.00,0.04,-0.05
3649144,27.00,0.05,-0.28,28.00,2.95,-0.04,27.00,0.08,0.07
3649204,27.00,0.07,-0.31,28.00,2.86,-0.47,27.00,0.05,-0.05
3649264,27.00,0.02,-0.25,28.00,2.21,0.35,27.00,-0.01,-0.02
3649324,27.00,-0.02,-0.25,28.00,1.75,0.44,27.00,0.02,-0.04
3649385,27.00,0.02,-0.29,28.00,1.52,-0.15,27.00,0.05,-0.03
3649445,27.00,0.10,-0.10,28.00,0.74,0.34,27.00,-0.07,-0.08
3649505,27.00,-0.07,-0.12,28.00,0.27,-0.06,27.00,0.04,-0.07
3649565,27.00,-0.07,-0.17,28.00,-0.61,-0.00,27.00,-0.04,-0.02
3649625,27.00,-0.07,-0.14,28.00,-0.87,-0.87,27.00,0.04,0.05
3649685,27.00,-0.15,-0.15,28.00,-1.40,-0.35,27.00,-0.07,-0.03
3649745,27.00,0.17,-0.07,28.00,-2.03,-0.18,27.00,-0.07,-0.04
3649806,27.00,-0.04,-0.20,28.00,-2.62,-0.52,27.00,0.01,-0.04
3649866,27.00,-0.01,-0.25,28.00,-3.23,-0.49,27.00,-0.01,-0.18
3649926,27.00,-0.04,-0.43,28.00,-3.19,-0.18,27.00,-0.01,0.00
3649986,27.00,0.05,-0.19,28.00,-3.82,0.16,27.00,0.01,-0.09
3650046,27.00,-0.01,-0.26,28.00,-3.85,-0.21,27.00,-0.01,0.03
3650106,27.00,0.01,-0.25,28.00,-3.82,-0.24,27.00,-0.04,-0.10
3650166,27.00,-0.01,-0.12,28.00,-3.70,0.06,27.00,-0.02,-0.03
3650226,27.00,-0.15,-0.25,28.00,-3.67,-0.50,27.00,0.04,-0.03
3650287,27.00,0.05,-0.25,28.00,-3.36,-0.25,27.00,-0.05,0.03
3650347,27.00,0.04,-0.12,28.00,-3.48,-0.20,27.00,0.04,-0.05
3650407,27.00,0.04,-0.21,28.00,-3.10,-0.13,27.00,0.01,-0.06
3650467,27.00,-0.02,-0.34,28.00,-2.67,-0.39,27.00,0.01,-0.06
3650527,27.00,-0.20,-0.28,28.00,-2.15,-0.36,27.00,0.01,-0.06
3650587,27.00,-0.15,-0.18,28.00,-1.59,-0.60,27.00,-0.01,-0.01
3650647,27.00,-0.04,-0.10,28.00,-1.30,-0.31,27.00,0.02,-0.00
3650708,27.00,0.10,-0.29,28.00,-0.56,-0.74,27.00,-0.04,-0.07
3650768,27.00,0.07,-0.18,28.00,-0.05,-0.39,27.00,-0.01,-0.06
3650828,27.00,-0.05,-0.30,28.00,0.64,-0.18,27.00,-0.07,-0.07
3650888,27.00,-0.05,-0.26,28.00,1.28,0.10,27.00,-0.01,-0.06
3650948,27.00,0.01,-0.29,28.00,1.69,-0.05,27.00,-0.01,-0.02
3651008,27.00,0.07,-0.29,28.00,2.41,-0.06,27.00,0.05,-0.03
3651068,27.00,0.01,-0.22,28.00,2.78,-0.57,27.00,-0.07,-0.09
3651128,27.00,-0.02,-0.15,28.00,3.07,-0.11,27.00,0.02,-0.03
3651189,27.00,-0.15,-0.25,28.00,3.68,-0.07,27.00,-0.02,-0.08
3651249,27.00,0.01,-0.17,28.00,3.41,0.21,27.00,0.02,-0.07
3651309,27.00,0.23,-0.07,28.00,3.88,-0.07,27.00,-0.04,-0.01
3651369,27.00,-0.08,-0.17,28.00,3.79,0.09,27.00,-0.01,-0.01
3651429,27.00,0.08,-0.18,28.00,3.95,0.14,27.00,-0.01,0.00
3651489,27.00,0.01,-0.29,28.00,3.90,-0.33,27.00,0.02,-0.09
3651549,27.00,-0.11,-0.15,28.00,3.71,0.10,27.00,0.02,-0.01
3651610,27.00,0.01,-0.22,28.00,3.16,-0.12,27.00,0.05,-0.06
3651670,27.00,-0.05,-0.03,28.00,2.88,0.36,27.00,0.01,-0.07
3651730,27.00,0.12,-0.19,28.00,2.32,-0.22,27.00,-0.05,-0.01
3651790,27.00,-0.11,-0.22,28.00,2.16,-0.53,27.00,-0.08,-0.03
3651850,27.00,0.01,-0.13,28.00,1.58,-0.09,27.00,0.04,-0.10
3651910,27.00,0.07,-0.28,28.00,0.67,-0.23,27.00,0.04,-0.04
3651970,27.00,-0.12,-0.13,28.00,0.33,0.18,27.00,-0.02,-0.03
3652031,27.00,-0.11,-0.28,28.00,-0.24,-0.37,27.00,-0.01,-0.09
3652091,27.00,-0.04,-0.32,28.00,-0.90,0.01,27.00,-0.07,-0.07
3652151,27.00,-0.15,-0.14,28.00,-1.40,-0.29,27.00,0.04,0.00
3652211,27.00,-0.04,-0.18,28.00,-2.00,-0.16,27.00,0.04,-0.03
3652271,27.00,-0.15,-0.10,28.00,-2.45,0.26,27.00,-0.05,0.02
3652331,27.00,0.04,-0.05,28.00,-2.82,-0.15,27.00,-0.01,-0.03
3652391,27.00,0.27,-0.24,28.00,-2.95,-0.07,27.00,-0.01,-0.02
3652451,27.00,-0.02,-0.16,28.00,-3.35,-0.29,27.00,-0.05,0.08
3652512,27.00,0.11,-0.08,28.00,-3.82,0.53,27.00,-0.02,-0.10
3652572,27.00,-0.12,-0.20,28.00,-4.01,-0.21,27.00,0.02,-0.02
3652632,27.00,0.10,-0.25,28.00,-3.76,-0.39,27.00,-0.01,0.01
3652692,27.00,-0.01,-0.20,28.00,-3.66,-0.51,27.00,0.01,-0.08
3652752,27.00,-0.24,-0.22,28.00,-3.90,-0.39,27.00,0.01,-0.01
3652812,27.00,0.02,-0.27,28.00,-3.51,-0.21,27.00,-0.01,-0.08
3652872,27.00,0.12,-0.22,28.00,-3.13,0.00,27.00,0.02,-0.02
3652933,27.00,-0.07,-0.20,28.00,-2.75,-0.57,27.00,-0.07,-0.06
3652993,27.00,-0.10,-0.15,28.00,-2.51,-0.75,27.00,-0.04,0.01
3653053,27.00,0.02,-0.02,28.00,-1.93,-0.03,27.00,0.02,-0.05
3653113,27.00,-0.17,-0.10,28.00,-1.43,-0.88,27.00,0.01,-0.07
3653173,27.00,-0.02,-0.29,28.00,-0.90,-1.16,27.00,-0.02,-0.04
3653233,27.00,-0.10,-0.22,28.00,-0.30,-0.68,27.00,-0.02,-0.01
3653293,27.00,0.11,-0.15,28.00,0.32,-0.49,27.00,-0.02,-0.07
3653353,27.00,0.07,-0.33,28.00,0.87,0.08,27.00,-0.05,0.04
3653414,27.00,-0.12,-0.13,28.00,1.44,0.18,27.00,0.01,0.00
3653474,27.00,-0.04,-0.18,28.00,1.82,0.14,27.00,-0.01,-0.02
3653534,27.00,-0.04,-0.14,28.00,2.26,0.08,27.00,-0.04,0.03
3653594,27.00,0.07,-0.00,28.00,2.81,0.06,27.00,0.14,-0.07
3653654,27.00,0.02,-0.21,28.00,2.84,0.36,27.00,-0.05,-0.08
3653714,27.00,-0.05,-0.16,28.00,3.57,0.15,27.00,-0.05,-0.03
3653774,27.00,0.10,-0.22,28.00,3.49,-0.03,27.00,-0.01,-0.03
3653835,27.00,0.07,-0.11,28.00,3.74,0.35,27.00,-0.01,-0.05
3653895,27.00,0.05,-0.09,28.00,3.70,0.06,27.00,-0.05,-0.09
3653955,27.00,-0.11,-0.38,28.00,3.71,0.02,27.00,0.01,-0.04
3654015,27.00,-0.02,-0.29,28.00,3.66,-0.13,27.00,-0.02,0.01
3654075,27.00,0.08,-0.11,28.00,3.55,-0.25,27.00,0.01,-0.07
3654135,27.00,-0.10,-0.32,28.00,3.22,0.28,27.00,0.04,-0.14
3654195,27.00,-0.05,-0.24,28.00,2.84,0.58,27.00,0.02,-0.04
3654255,27.00,-0.05,-0.05,28.00,2.31,0.05,27.00,-0.07,-0.09
3654316,27.00,-0.05,-0.13,28.00,1.75,-0.06,27.00,-0.04,-0.05
3654376,27.00,-0.18,-0.29,28.00,1.21,0.26,27.00,-0.02,0.03
3654436,27.00,-0.04,-0.27,28.00,0.64,-0.26,27.00,-0.01,0.02
3654496,27.00,-0.08,-0.22,28.00,0.17,-0.16,27.00,0.04,0.05
3654556,27.00,0.05,-0.18,28.00,-0.40,-0.13,27.00,0.04,-0.06
3654616,27.00,0.01,-0.11,28.00,-1.21,0.44,27.00,-0.04,0.03
3654676,27.00,-0.08,-0.07,28.00,-1.79,-0.11,27.00,0.02,-0.08
3654737,27.00,-0.07,-0.14,28.00,-2.06,0.21,27.00,0.05,-0.05
3654797,27.00,0.04,-0.15,28.00,-2.89,0.38,27.00,0.01,-0.07
3654857,27.00,0.01,-0.10,28.00,-2.86,-0.03,27.00,-0.01,-0.08
3654917,27.00,0.04,-0.27,28.00,-3.25,-0.47,27.00,-0.05,-0.02
3654977,27.00,-0.20,-0.25,28.00,-3.51,-0.59,27.00,-0.01,-0.04
3655037,27.00,-0.02,-0.30,28.00,-3.71,-0.21,27.00,0.01,-0.04
3655097,27.00,-0.01,-0.27,28.00,-3.89,0.16,27.00,-0.08,-0.03
3655157,27.00,-0.04,-0.28,28.00,-3.92,-0.37,27.00,0.01,-0.06
3655218,27.00,0.07,-0.05,28.00,-3.99,-0.14,27.00,-0.05,-0.00
3655278,27.00,-0.11,-0.11,28.00,-3.76,-0.31,27.00,-0.04,-0.08
3655338,27.00,0.07,-0.34,28.00,-3.60,-0.80,27.00,-0.07,0.04
3655398,27.00,-0.05,-0.11,28.00,-2.84,0.00,27.00,0.01,-0.03
3655458,27.00,-0.08,-0.13,28.00,-2.59,-0.34,27.00,0.02,-0.01
3655518,27.00,0.02,-0.12,28.00,-2.21,-0.58,27.00,-0.02,-0.05
3655578,27.00,-0.05,-0.15,28.00,-1.63,-0.36,27.00,0.04,-0.01
3655639,27.00,0.04,-0.22,28.00,-1.06,-0.75,27.00,-0.02,-0.08
3655699,27.00,0.01,-0.35,28.00,-0.62,-0.51,27.00,-0.01,-0.05
3655759,27.00,-0.01,-0.30,28.00,0.02,-0.51,27.00,-0.04,0.01
3655819,27.00,-0.08,-0.36,28.00,0.45,-0.02,27.00,0.02,0.00
3655879,27.00,0.04,-0.51,28.00,1.30,-0.10,27.00,0.02,0.00
3655939,27.00,0.08,-0.21,28.00,1.75,-0.22,27.00,0.01,-0.06
3655999,27.00,0.02,-0.29,28.00,1.85,0.17,27.00,-0.01,-0.01
3656059,27.00,-0.05,-0.15,28.00,2.72,0.07,27.00,-0.02,-0.03
3656120,27.00,0.01,-0.22,28.00,3.10,0.21,27.00,0.02,-0.04
3656180,27.00,-0.08,-0.18,28.00,3.41,-0.00,27.00,0.01,0.01
3656240,27.00,0.10,-0.12,28.00,3.74,-0.25,27.00,-0.11,-0.02
3656300,27.00,-0.08,-0.33,28.00,3.88,-0.37,27.00,-0.04,-0.03
3656360,27.00,-0.05,-0.07,28.00,3.74,-0.16,27.00,0.04,0.01
3656420,27.00,-0.07,-0.22,28.00,3.71,0.15,27.00,0.02,-0.03
3656480,27.00,0.18,-0.11,28.00,3.54,0.58,27.00,-0.05,-0.00
3656541,27.00,0.11,-0.10,28.00,3.63,-0.08,27.00,0.02,-0.06
3656601,27.00,0.18,-0.12,28.00,3.22,-0.07,27.00,-0.04,-0.02
3656661,27.00,-0.05,-0.16,28.00,3.14,0.15,27.00,-0.02,-0.01
3656721,27.00,0.12,-0.07,28.00,2.73,0.31,27.00,0.01,-0.02
3656781,27.00,0.12,-0.16,28.00,2.13,0.75,27.00,0.05,-0.09
3656841,27.00,0.05,-0.15,28.00,1.37,0.11,27.00,0.02,-0.00
3656901,27.00,-0.08,-0.10,28.00,1.16,0.21,27.00,-0.01,0.01
3656962,27.00,-0.11,-0.29,28.00,0.27,0.39,27.00,-0.01,-0.08
3657022,27.00,0.23,-0.17,28.00,-0.14,-0.19,27.00,0.02,-0.03
3657082,27.00,-0.18,-0.10,28.00,-0.65,-0.02,27.00,0.05,0.01
3657142,27.00,0.04,-0.20,28.00,-1.28,0.07,27.00,0.05,-0.05
3657202,27.00,0.08,-0.22,28.00,-1.94,-0.24,27.00,-0.04,-0.09
3657262,27.00,-0.02,-0.28,28.00,-2.15,-0.31,27.00,0.07,-0.01
3657322,27.00,0.08,-0.15,28.00,-2.69,0.03,27.00,0.01,-0.15
3657382,27.00,0.08,-0.22,28.00,-2.84,-0.15,27.00,0.01,-0.06
3657443,27.00,-0.07,-0.16,28.00,-3.39,-0.37,27.00,-0.05,-0.07
3657503,27.00,0.07,-0.08,28.00,-3.60,-0.46,27.00,-0.08,-0.06
3657563,27.00,0.01,-0.19,28.00,-3.99,0.04,27.00,-0.02,-0.08
3657623,27.00,-0.01,-0.40,28.00,-3.76,-0.40,27.00,0.02,-0.07
3657683,27.00,0.10,-0.28,28.00,-3.83,-0.35,27.00,0.02,-0.06
3657743,27.00,-0.11,-0.29,28.00,-3.77,-0.03,27.00,0.02,-0.06
3657803,27.00,0.02,-0.22,28.00,-3.30,0.01,27.00,0.02,-0.02
3657864,27.00,-0.08,-0.08,28.00,-3.33,-0.17,27.00,0.01,0.01
3657924,27.00,-0.04,-0.12,28.00,-2.66,-0.32,27.00,-0.01,0.02
3657984,27.00,-0.11,-0.21,28.00,-2.54,-0.16,27.00,0.02,0.00
3658044,27.00,-0.17,-0.05,28.00,-1.97,-0.75,27.00,0.01,-0.03
3658104,27.00,0.01,-0.27,28.00,-1.37,-0.80,27.00,0.02,-0.03
3658164,27.00,-0.04,-0.19,28.00,-0.84,-1.27,27.00,-0.04,-0.06
3658224,27.00,0.04,-0.28,28.00,-0.39,-1.00,27.00,-0.02,0.04
3658284,27.00,-0.01,-0.16,28.00,0.15,-0.48,27.00,-0.01,0.07
3658345,27.00,0.21,-0.04,28.00,0.74,-0.44,27.00,-0.01,-0.02
3658405,27.00,-0.07,-0.33,28.00,1.22,-0.49,27.00,-0.01,-0.00
3658465,27.00,-0.04,-0.30,28.00,1.91,-0.01,27.00,0.01,0.01
3658525,27.00,-0.07,-0.03,28.00,2.51,0.22,27.00,0.08,-0.02
3658585,27.00,-0.02,-0.26,28.00,3.04,-0.36,27.00,-0.08,-0.07
3658645,27.00,-0.10,-0.45,28.00,3.10,0.00,27.00,-0.02,-0.07
3658705,27.00,0.14,-0.07,28.00,3.54,0.32,27.00,0.07,-0.02
3658766,27.00,0.01,0.00,28.00,3.85,0.05,27.00,-0.08,0.02
3658826,27.00,0.02,-0.04,28.00,3.74,-0.29,27.00,-0.05,-0.01
3658886,27.00,-0.01,-0.09,28.00,3.85,0.23,27.00,0.02,-0.07
3658946,27.00,-0.02,-0.13,28.00,3.60,-0.51,27.00,-0.05,-0.02
3659006,27.00,0.05,-0.24,28.00,3.76,-0.30,27.00,-0.07,-0.04
3659066,27.00,-0.12,-0.19,28.00,3.57,0.56,27.00,0.04,-0.04
3659126,27.00,-0.07,-0.22,28.00,3.01,-0.12,27.00,-0.02,-0.07
3659186,27.00,-0.04,-0.07,28.00,2.91,-0.56,27.00,-0.04,-0.06
3659247,27.00,-0.02,-0.06,28.00,2.16,0.15,27.00,0.05,-0.05
3659307,27.00,0.04,-0.16,28.00,2.09,-0.08,27.00,-0.02,-0.04
3659367,27.00,-0.10,-0.11,28.00,1.22,-0.27,27.00,-0.04,-0.07
3659427,27.00,0.01,-0.23,28.00,0.83,-0.02,27.00,-0.07,-0.03
3659487,27.00,0.01,-0.20,28.00,0.33,-0.34,27.00,-0.02,-0.07
3659547,27.00,-0.04,-0.26,28.00,-0.24,-0.11,27.00,-0.04,-0.04
3659607,27.00,0.02,-0.21,28.00,-0.83,-0.11,27.00,-0.05,-0.05
3659668,27.00,0.08,-0.30,28.00,-1.33,-0.12,27.00,-0.01,-0.10
3659728,27.00,0.05,-0.13,28.00,-1.97,0.34,27.00,0.02,-0.08
3659788,27.00,0.15,-0.10,28.00,-2.67,-0.04,27.00,0.01,-0.04
3659848,27.00,0.02,-0.21,28.00,-2.92,-0.06,27.00,-0.02,-0.06
3659908,27.00,0.20,-0.21,28.00,-3.47,-0.12,27.00,-0.01,-0.02
3659968,27.00,0.05,-0.19,28.00,-3.54,0.06,27.00,-0.01,-0.07
3660028,27.00,-0.10,-0.32,28.00,-3.86,-0.32,27.00,-0.02,-0.06
3660088,27.00,0.05,-0.28,28.00,-3.64,-0.34,27.00,0.02,0.02
3660149,27.00,-0.17,-0.22,28.00,-4.14,-0.10,27.00,-0.04,-0.09
3660209,27.00,0.02,-0.22,28.00,-3.70,-0.88,27.00,-0.07,-0.07
3660269,27.00,-0.17,-0.32,28.00,-3.32,-0.85,27.00,0.02,-0.10
3660329,27.00,0.04,-0.22,28.00,-3.27,-0.38,27.00,0.10,0.01
3660389,27.00,-0.11,-0.26,28.00,-3.10,-0.75,27.00,0.01,0.01
3660449,27.00,-0.23,-0.29,28.00,-2.63,-0.87,27.00,0.07,-0.00
3660509,27.00,0.01,-0.39,28.00,-2.29,-0.85,27.00,0.04,0.03
3660570,27.00,0.15,-0.10,28.00,-1.79,-1.21,27.00,-0.04,-0.08
3660630,27.00,0.14,-0.22,28.00,-1.30,-0.49,27.00,-0.04,-0.03
3660690,27.00,0.04,-0.10,28.00,-0.75,-0.62,27.00,-0.07,-0.01
3660750,27.00,-0.02,-0.12,28.00,-0.02,-0.54,27.00,0.02,0.05
3660810,27.00,-0.02,-0.24,28.00,0.53,-0.29,27.00,-0.04,-0.04
3660870,27.00,-0.07,-0.15,28.00,0.87,0.29,27.00,-0.01,-0.10
3660930,27.00,-0.04,-0.08,28.00,1.79,-0.07,27.00,0.02,-0.05
3660990,27.00,0.04,-0.07,28.00,2.16,-0.55,27.00,0.02,-0.01
3661051,27.00,-0.05,-0.19,28.00,2.57,0.30,27.00,0.01,-0.05
3661111,27.00,0.08,-0.38,28.00,2.73,-0.06,27.00,0.01,0.01
3661171,27.00,-0.02,-0.13,28.00,3.22,-0.51,27.00,-0.01,-0.05
3661231,27.00,0.14,0.07,28.00,3.47,-0.15,27.00,0.04,-0.07
3661291,27.00,-0.01,-0.20,28.00,3.54,-0.19,27.00,0.01,-0.02
3661351,27.00,-0.07,-0.11,28.00,3.68,0.18,27.00,-0.04,-0.07
3661411,27.00,0.15,0.02,28.00,3.64,0.44,27.00,0.02,-0.06
3661472,27.00,0.04,-0.08,28.00,3.86,-0.27,27.00,0.04,-0.07
3661532,27.00,0.17,-0.32,28.00,3.48,-0.58,27.00,-0.04,-0.05
3661592,27.00,-0.08,-0.26,28.00,3.42,-0.14,27.00,0.01,-0.04
3661652,27.00,0.01,-0.07,28.00,2.88,0.01,27.00,0.05,-0.01
3661712,27.00,-0.02,-0.18,28.00,2.37,-0.38,27.00,0.02,-0.07
3661772,27.00,-0.11,-0.08,28.00,2.38,-0.63,27.00,0.02,-0.07
3661832,27.00,-0.11,-0.27,28.00,1.79,0.03,27.00,-0.02,0.03
3661893,27.00,0.10,-0.15,28.00,1.34,0.02,27.00,-0.04,-0.07
3661953,27.00,0.18,-0.17,28.00,0.67,0.18,27.00,0.05,-0.04
3662013,27.00,0.05,-0.11,28.00,-0.01,0.05,27.00,-0.02,0.00
3662073,27.00,0.08,-0.36,28.00,-0.53,-0.12,27.00,0.05,0.00
3662133,27.00,-0.08,-0.26,28.00,-1.22,-0.30,27.00,0.01,-0.07
3662193,27.00,0.08,-0.25,28.00,-1.58,0.17,27.00,-0.05,0.01
3662253,27.00,-0.04,-0.16,28.00,-2.32,-0.07,27.00,-0.08,-0.04
3662313,27.00,0.04,-0.15,28.00,-2.66,-0.44,27.00,-0.01,-0.01
3662374,27.00,-0.02,-0.37,28.00,-3.30,-0.18,27.00,0.01,0.00
3662434,27.00,-0.02,-0.10,28.00,-3.35,0.22,27.00,0.01,-0.08
3662494,27.00,-0.01,-0.19,28.00,-3.88,0.07,27.00,-0.01,-0.02
3662554,27.00,-0.05,-0.04,28.00,-3.79,-0.12,27.00,0.08,-0.07
3662614,27.00,-0.04,0.04,28.00,-3.92,-0.16,27.00,-0.04,-0.07
3662674,27.00,-0.11,-0.15,28.00,-3.88,-0.56,27.00,-0.02,-0.05
3662734,27.00,0.12,-0.22,28.00,-3.76,-0.40,27.00,-0.04,-0.00
3662795,27.00,-0.04,-0.06,28.00,-3.60,-0.24,27.00,-0.05,-0.11
3662855,27.00,0.01,-0.22,28.00,-3.38,-0.53,27.00,0.01,-0.18
3662915,27.00,0.05,-0.25,28.00,-3.42,-0.28,27.00,-0.05,0.02
3662975,27.00,0.15,-0.24,28.00,-2.47,-0.79,27.00,-0.02,-0.07
3663035,27.00,-0.10,-0.35,28.00,-2.00,-0.58,27.00,0.01,-0.01
3663095,27.00,0.10,-0.22,28.00,-1.56,-0.04,27.00,0.10,-0.04
3663155,27.00,0.10,-0.12,28.00,-0.95,-0.29,27.00,-0.05,-0.07
3663215,27.00,-0.08,-0.11,28.00,-0.45,-0.84,27.00,-0.04,-0.02
3663276,27.00,-0.04,-0.16,28.00,0.08,-0.42,27.00,0.04,0.05
3663336,27.00,0.04,-0.05,28.00,0.73,-0.55,27.00,-0.01,-0.04
3663396,27.00,0.04,-0.17,28.00,1.27,-0.18,27.00,-0.02,-0.03
3663456,27.00,-0.04,-0.16,28.00,1.96,-0.65,27.00,-0.01,-0.02
3663516,27.00,0.15,-0.22,28.00,2.22,-0.45,27.00,-0.01,0.00
3663576,27.00,0.04,-0.04,28.00,2.76,0.07,27.00,-0.04,-0.07
3663636,27.00,-0.15,-0.23,28.00,3.14,0.11,27.00,0.01,-0.02
3663697,27.00,0.08,-0.10,28.00,3.48,-0.01,27.00,-0.05,-0.02
3663757,27.00,0.02,-0.16,28.00,3.83,-0.21,27.00,-0.02,-0.01
3663817,27.00,0.24,-0.08,28.00,3.99,0.42,27.00,0.01,-0.00
3663877,27.00,-0.05,-0.33,28.00,3.96,0.29,27.00,-0.04,-0.02
3663937,27.00,0.01,-0.20,28.00,3.61,-0.06,27.00,0.04,-0.08
3663997,27.00,-0.17,-0.34,28.00,3.52,0.04,27.00,0.01,-0.04
3664057,27.00,-0.02,-0.12,28.00,3.38,-0.07,27.00,0.02,-0.04
3664117,27.00,0.12,-0.29,28.00,3.19,0.00,27.00,0.01,-0.04
3664178,27.00,0.12,-0.10,28.00,2.81,0.07,27.00,-0.02,-0.04
3664238,27.00,-0.12,-0.23,28.00,2.48,-0.45,27.00,0.05,-0.02
3664298,27.00,0.05,-0.29,28.00,1.81,0.22,27.00,-0.04,-0.12
3664358,27.00,0.05,-0.36,28.00,1.36,-0.04,27.00,-0.02,-0.01
3664418,27.00,-0.04,-0.16,28.00,0.73,0.15,27.00,-0.05,-0.04
3664478,27.00,0.02,-0.29,28.00,0.23,-0.01,27.00,-0.05,-0.02
3664538,27.00,-0.08,-0.36,28.00,-0.34,-0.01,27.00,-0.04,0.03
3664599,27.00,-0.02,-0.07,28.00,-0.89,0.13,27.00,0.04,-0.02
3664659,27.00,-0.10,-0.31,28.00,-1.56,-0.00,27.00,-0.04,-0.03
3664719,27.00,-0.20,-0.38,28.00,-1.93,-0.31,27.00,0.04,-0.00
3664779,27.00,0.05,-0.08,28.00,-2.35,-0.42,27.00,0.04,-0.01
3664839,27.00,0.02,-0.25,28.00,-2.73,-0.07,27.00,0.04,0.02
3664899,27.00,0.02,-0.14,28.00,-3.08,-0.44,27.00,0.04,-0.07
3664959,27.00,0.11,-0.25,28.00,-3.64,-0.60,27.00,0.02,-0.02
3665019,27.00,-0.02,-0.08,28.00,-3.68,-0.33,27.00,0.07,-0.07
3665080,27.00,0.04,-0.22,28.00,-3.83,-0.46,27.00,0.01,0.00
3665140,27.00,-0.02,-0.21,28.00,-3.98,-0.45,27.00,-0.04,-0.09
3665200,27.00,0.01,-0.24,28.00,-3.66,-0.18,27.00,0.02,0.05
3665260,27.00,-0.17,-0.25,28.00,-3.51,-0.25,27.00,0.01,0.01
3665320,27.00,0.11,-0.19,28.00,-3.51,-0.31,27.00,0.01,0.00
3665380,27.00,0.10,-0.22,28.00,-3.05,-0.45,27.00,0.01,-0.01
3665440,27.00,-0.11,-0.30,28.00,-2.56,-0.27,27.00,0.01,-0.04
3665501,27.00,-0.11,-0.28,28.00,-2.34,-0.68,27.00,0.04,-0.03
3665561,27.00,-0.05,-0.36,28.00,-1.81,0.03,27.00,-0.01,-0.00
3665621,27.00,0.17,-0.16,28.00,-1.24,-0.49,27.00,-0.01,-0.02
3665681,27.00,-0.04,0.01,28.00,-0.81,-0.72,27.00,-0.07,-0.07
3665741,27.00,0.17,-0.20,28.00,-0.10,-0.88,27.00,-0.02,-0.10
3665801,27.00,0.01,-0.24,28.00,0.52,-0.37,27.00,-0.08,-0.07
3665861,27.00,-0.10,-0.16,28.00,0.95,-0.69,27.00,-0.02,0.03
3665921,27.00,0.01,-0.15,28.00,1.41,-0.07,27.00,-0.02,-0.02
3665982,27.00,0.04,-0.19,28.00,1.94,0.15,27.00,-0.01,-0.00
3666042,27.00,0.02,-0.30,28.00,2.73,-0.27,27.00,-0.04,0.00
3666102,27.00,-0.17,-0.10,28.00,3.32,0.04,27.00,-0.04,-0.10
3666162,27.00,-0.18,-0.22,28.00,3.25,-0.07,27.00,0.05,-0.06
3666222,27.00,-0.01,-0.25,28.00,3.41,-0.27,27.00,-0.07,-0.07
3666282,27.00,-0.08,-0.33,28.00,3.70,-0.07,27.00,0.01,-0.00
3666342,27.00,-0.14,-0.33,28.00,3.93,-0.28,27.00,-0.02,-0.08
3666403,27.00,-0.04,-0.16,28.00,3.95,0.18,27.00,-0.04,-0.06
3666463,27.00,0.10,-0.28,28.00,4.04,0.33,27.00,0.02,-0.03
3666523,27.00,-0.15,-0.40,28.00,3.64,0.01,27.00,0.02,-0.02
3666583,27.00,-0.15,-0.25,28.00,3.33,0.02,27.00,-0.01,0.01
3666643,27.00,0.07,-0.25,28.00,3.10,-0.36,27.00,-0.04,-0.05
3666703,27.00,-0.05,-0.02,28.00,2.76,-0.11,27.00,0.05,-0.05
3666763,27.00,0.04,-0.15,28.00,2.44,0.36,27.00,-0.08,-0.06
3666823,27.00,-0.05,-0.34,28.00,1.50,0.20,27.00,-0.01,-0.05
3666884,27.00,-0.11,-0.04,28.00,1.52,0.06,27.00,-0.02,-0.00
3666944,27.00,0.21,-0.31,28.00,0.71,0.21,27.00,0.05,0.02
3667004,27.00,-0.12,-0.24,28.00,-0.07,-0.06,27.00,-0.04,0.01
3667064,27.00,-0.05,-0.16,28.00,-0.37,0.06,27.00,0.04,0.05
3667124,27.00,0.05,-0.17,28.00,-0.73,-0.41,27.00,-0.04,0.00
3667184,27.00,0.05,-0.15,28.00,-1.75,-0.48,27.00,-0.01,-0.05
3667244,27.00,0.07,-0.25,28.00,-2.01,-0.17,27.00,-0.01,0.00
3667305,27.00,-0.08,-0.12,28.00,-2.53,-0.73,27.00,-0.04,-0.03
3667365,27.00,-0.04,-0.26,28.00,-3.00,-0.20,27.00,-0.04,0.01
3667425,27.00,0.07,0.06,28.00,-3.58,-0.01,27.00,0.02,-0.01
3667485,27.00,0.07,-0.40,28.00,-3.61,-0.44,27.00,-0.08,-0.07
3667545,27.00,-0.08,-0.27,28.00,-3.58,-0.46,27.00,-0.01,-0.07
3667605,27.00,0.02,-0.27,28.00,-3.99,-0.41,27.00,0.05,-0.04
3667665,27.00,0.01,-0.15,28.00,-3.98,-0.06,27.00,0.04,0.05
3667725,27.00,0.14,0.08,28.00,-3.61,-0.48,27.00,0.08,-0.03
3667786,27.00,-0.11,-0.16,28.00,-3.63,-0.12,27.00,-0.08,-0.07
3667846,27.00,0.01,-0.20,28.00,-3.33,-0.24,27.00,0.01,-0.11
3667906,27.00,-0.10,-0.24,28.00,-3.10,-0.62,27.00,0.05,-0.03
3667966,27.00,0.21,-0.14,28.00,-2.67,-0.14,27.00,-0.05,-0.03
3668026,27.00,-0.02,-0.14,28.00,-2.26,-0.51,27.00,0.02,-0.03
3668086,27.00,0.05,-0.27,28.00,-1.63,-0.88,27.00,-0.01,-0.06
3668146,27.00,0.08,-0.04,28.00,-1.06,-0.35,27.00,0.01,-0.06
3668207,27.00,0.12,-0.14,28.00,-0.51,-0.24,27.00,0.01,-0.01
3668267,27.00,-0.12,-0.36,28.00,0.17,-0.59,27.00,0.05,0.00
3668327,27.00,0.04,-0.06,28.00,0.49,-0.20,27.00,-0.04,-0.05
3668387,27.00,-0.21,-0.29,28.00,0.80,0.04,27.00,-0.01,-0.03
3668447,27.00,0.01,-0.36,28.00,1.78,-0.23,27.00,0.01,-0.01
3668507,27.00,-0.05,-0.10,28.00,2.19,-0.07,27.00,0.01,-0.01
3668567,27.00,-0.04,-0.22,28.00,2.85,-0.59,27.00,-0.10,0.02
3668628,27.00,0.10,-0.13,28.00,2.91,-0.09,27.00,-0.02,-0.01
3668688,27.00,0.02,-0.31,28.00,3.49,-0.09,27.00,0.05,-0.06
3668748,27.00,0.01,-0.15,28.00,3.67,-0.09,27.00,0.02,-0.06
3668808,27.00,-0.07,-0.09,28.00,3.77,0.04,27.00,-0.02,0.05
3668868,27.00,0.02,-0.24,28.00,3.83,0.26,27.00,-0.02,-0.04
3668928,27.00,0.11,-0.20,28.00,3.83,-0.47,27.00,-0.02,-0.04
3668988,27.00,-0.10,-0.22,28.00,3.86,-0.27,27.00,0.04,0.03
3669048,27.00,0.05,-0.20,28.00,3.68,0.43,27.00,-0.01,-0.05
3669109,27.00,0.11,-0.15,28.00,3.45,0.58,27.00,-0.04,-0.07
3669169,27.00,-0.02,-0.10,28.00,2.85,0.00,27.00,-0.04,-0.00
3669229,27.00,-0.23,-0.26,28.00,2.50,-0.20,27.00,0.02,-0.09
3669289,27.00,0.07,-0.03,28.00,2.12,-0.08,27.00,-0.01,0.01
3669349,27.00,0.07,-0.08,28.00,1.34,-0.31,27.00,0.01,-0.10
3669409,27.00,-0.14,-0.19,28.00,0.96,0.22,27.00,-0.04,-0.03
3669469,27.00,-0.02,-0.20,28.00,0.39,0.30,27.00,-0.02,-0.06
3669530,27.00,0.02,-0.21,28.00,0.04,-0.16,27.00,-0.02,0.00
3669590,27.00,-0.10,-0.29,28.00,-0.78,-0.41,27.00,0.05,-0.06
3669650,27.00,-0.07,-0.29,28.00,-1.34,-0.59,27.00,0.04,-0.07
3669710,27.00,0.02,-0.28,28.00,-1.75,-0.22,27.00,0.04,-0.00
3669770,27.00,0.01,-0.02,28.00,-2.81,-0.10,27.00,-0.05,0.07
3669830,27.00,-0.02,-0.03,28.00,-2.82,-0.54,27.00,0.01,-0.01
3669890,27.00,-0.02,-0.22,28.00,-3.22,-0.19,27.00,-0.08,-0.03
3669950,27.00,-0.12,-0.23,28.00,-3.47,-0.15,27.00,0.04,-0.07
3670011,27.00,-0.12,-0.14,28.00,-3.76,-0.01,27.00,-0.05,-0.11
3670071,27.00,0.04,0.04,28.00,-3.70,-0.22,27.00,0.04,-0.14
3670131,27.00,-0.07,-0.13,28.00,-4.14,0.21,27.00,-0.04,0.03
3670191,27.00,-0.04,-0.26,28.00,-3.93,-0.68,27.00,-0.01,-0.04
3670251,27.00,-0.08,-0.20,28.00,-3.85,-0.53,27.00,0.02,-0.03
3670311,27.00,-0.01,-0.27,28.00,-3.38,-0.33,27.00,-0.01,-0.03
3670371,27.00,-0.11,-0.15,28.00,-3.16,-0.39,27.00,0.02,-0.06
3670432,27.00,0.04,-0.13,28.00,-2.75,-0.93,27.00,-0.01,-0.03
3670492,27.00,0.02,-0.14,28.00,-2.40,-0.47,27.00,-0.02,0.00
3670552,27.00,0.08,-0.30,28.00,-2.01,-0.68,27.00,-0.05,-0.07
3670612,27.00,-0.01,-0.18,28.00,-1.43,-0.74,27.00,0.01,0.00
3670672,27.00,-0.15,-0.22,28.00,-0.61,-1.24,27.00,0.07,-0.01
3670732,27.00,0.02,-0.03,28.00,-0.11,-0.48,27.00,-0.05,-0.05
3670792,27.00,0.01,-0.08,28.00,0.46,-0.29,27.00,0.04,-0.00
3670852,27.00,-0.01,-0.19,28.00,0.90,-0.12,27.00,-0.02,-0.06
3670913,27.00,0.23,-0.13,28.00,1.50,0.13,27.00,-0.02,-0.05
3670973,27.00,-0.10,-0.22,28.00,2.09,-0.24,27.00,0.04,-0.00
3671033,27.00,-0.04,-0.17,28.00,2.54,-0.68,27.00,-0.04,-0.11
3671093,27.00,0.07,-0.37,28.00,2.78,-0.22,27.00,-0.01,-0.00
3671153,27.00,0.02,-0.31,28.00,3.03,0.03,27.00,0.01,0.04
3671213,27.00,0.05,-0.31,28.00,3.60,-0.09,27.00,-0.01,-0.02
3671273,27.00,-0.04,-0.22,28.00,4.17,-0.10,27.00,0.07,0.03
3671334,27.00,-0.11,0.01,28.00,3.36,0.33,27.00,0.04,-0.04
3671394,27.00,0.08,-0.18,28.00,3.93,-0.22,27.00,0.02,-0.05
3671454,27.00,-0.11,-0.14,28.00,3.55,-0.03,27.00,0.07,-0.06
3671514,27.00,0.05,-0.16,28.00,3.45,-0.20,27.00,0.05,-0.01
3671574,27.00,0.10,-0.04,28.00,3.30,-0.02,27.00,0.04,-0.08
3671634,27.00,0.08,-0.19,28.00,3.32,0.12,27.00,-0.02,-0.03
3671694,27.00,0.05,-0.11,28.00,2.63,0.54,27.00,-0.05,-0.06
3671754,27.00,-0.12,-0.44,28.00,2.16,0.07,27.00,-0.07,-0.06
3671815,27.00,0.07,-0.15,28.00,1.90,0.11,27.00,0.01,-0.08
3671875,27.00,-0.18,-0.30,28.00,1.22,-0.27,27.00,-0.01,-0.07
3671935,27.00,0.01,-0.15,28.00,0.93,-0.34,27.00,-0.07,0.02
3671995,27.00,-0.10,-0.23,28.00,0.18,-0.39,27.00,-0.04,-0.05
3672055,27.00,-0.08,0.08,28.00,-0.53,0.01,27.00,-0.08,-0.08
3672115,27.00,0.07,-0.24,28.00,-1.22,0.13,27.00,-0.01,-0.01
3672175,27.00,-0.05,-0.08,28.00,-1.40,-0.49,27.00,-0.05,-0.08
3672236,27.00,0.08,-0.14,28.00,-2.21,-0.07,27.00,-0.04,-0.08
3672296,27.00,0.05,-0.27,28.00,-2.73,-0.15,27.00,0.01,-0.09
3672356,27.00,-0.04,-0.03,28.00,-2.97,-0.17,27.00,0.02,-0.11
3672416,27.00,0.02,-0.10,28.00,-3.17,-0.51,27.00,0.02,0.00
3672476,27.00,0.04,-0.10,28.00,-3.51,-0.39,27.00,-0.07,-0.03
3672536,27.00,0.11,-0.22,28.00,-3.83,-0.54,27.00,-0.05,-0.01
3672596,27.00,-0.07,-0.22,28.00,-3.98,-0.22,27.00,-0.01,0.01
3672656,27.00,0.01,-0.04,28.00,-3.88,-0.55,27.00,0.01,-0.06
3672717,27.00,0.12,-0.19,28.00,-3.71,-0.33,27.00,0.07,-0.00
3672777,27.00,-0.14,-0.16,28.00,-3.64,-0.14,27.00,0.01,-0.06
3672837,27.00,0.04,-0.24,28.00,-3.26,-0.44,27.00,0.02,-0.02
3672897,27.00,-0.02,-0.15,28.00,-3.05,-0.16,27.00,0.05,-0.04
3672957,27.00,-0.04,-0.22,28.00,-2.76,0.24,27.00,0.01,0.01
3673017,27.00,0.12,-0.09,28.00,-2.25,0.07,27.00,-0.04,-0.04
3673077,27.00,-0.04,-0.21,28.00,-1.84,-0.51,27.00,-0.01,-0.12
3673138,27.00,0.01,-0.49,28.00,-1.08,-0.65,27.00,-0.05,-0.05
3673198,27.00,-0.12,-0.17,28.00,-0.59,-0.45,27.00,0.05,-0.02
3673258,27.00,0.04,-0.05,28.00,-0.11,-0.64,27.00,0.05,-0.07
3673318,27.00,0.04,-0.27,28.00,0.40,-0.10,27.00,-0.02,-0.04
3673378,27.00,-0.14,-0.14,28.00,1.22,0.16,27.00,-0.01,0.02
3673438,27.00,0.08,0.01,28.00,1.69,-0.01,27.00,-0.04,-0.07
3673498,27.00,0.04,-0.25,28.00,2.07,0.03,27.00,-0.01,-0.00
3673558,27.00,-0.02,-0.11,28.00,2.56,-0.38,27.00,0.05,-0.06
3673619,27.00,-0.02,-0.15,28.00,2.82,-0.01,27.00,0.01,-0.00
3673679,27.00,0.02,-0.24,28.00,3.44,0.25,27.00,0.01,0.02
3673739,27.00,-0.14,-0.10,28.00,3.77,-0.18,27.00,0.01,-0.04
3673799,27.00,-0.05,-0.28,28.00,3.66,0.52,27.00,-0.01,-0.01
3673859,27.00,-0.11,-0.07,28.00,3.85,0.22,27.00,0.01,-0.05
3673919,27.00,0.07,-0.28,28.00,3.73,0.08,27.00,-0.02,-0.06
3673979,27.00,0.05,-0.27,28.00,3.82,0.08,27.00,-0.10,-0.00
3674040,27.00,0.01,-0.13,28.00,3.41,0.21,27.00,0.02,-0.07
3674100,27.00,-0.05,-0.39,28.00,3.30,-0.62,27.00,0.05,-0.03
3674160,27.00,0.10,-0.18,28.00,3.07,0.10,27.00,0.02,-0.05
3674220,27.00,0.08,-0.18,28.00,2.34,0.36,27.00,0.08,0.01
3674280,27.00,-0.12,-0.29,28.00,2.16,0.27,27.00,-0.02,-0.05
3674340,27.00,-0.04,-0.25,28.00,1.52,-0.23,27.00,-0.04,-0.08
3674400,27.00,-0.04,-0.15,28.00,1.18,0.33,27.00,0.02,0.01
3674461,27.00,0.02,-0.28,28.00,0.39,0.30,27.00,-0.01,0.02
3674521,27.00,0.08,-0.29,28.00,0.10,-0.30,27.00,0.02,-0.04
3674581,27.00,0.24,-0.15,28.00,-0.92,-0.20,27.00,-0.05,-0.09
3674641,27.00,0.04,-0.36,28.00,-1.43,0.34,27.00,-0.04,-0.09
3674701,27.00,-0.17,-0.18,28.00,-2.04,0.05,27.00,-0.01,-0.09
3674761,27.00,0.02,-0.39,28.00,-2.23,-0.20,27.00,-0.08,-0.04
3674821,27.00,0.04,-0.33,28.00,-2.81,0.07,27.00,0.02,-0.07
3674881,27.00,-0.02,-0.10,28.00,-3.01,-0.02,27.00,0.04,-0.10
3674942,27.00,-0.10,-0.29,28.00,-3.29,-0.31,27.00,-0.07,-0.04
3675002,27.00,0.04,-0.27,28.00,-3.77,0.20,27.00,-0.01,-0.03
3675062,27.00,-0.11,-0.26,28.00,-3.79,-0.12,27.00,0.02,-0.07
3675122,27.00,0.04,-0.40,28.00,-3.85,-0.31,27.00,-0.01,-0.04
3675182,27.00,-0.02,-0.15,28.00,-3.77,-0.10,27.00,-0.02,-0.04
3675242,27.00,0.10,-0.20,28.00,-3.74,-0.07,27.00,-0.05,0.01
3675302,27.00,0.14,-0.26,28.00,-3.44,-0.05,27.00,0.05,-0.09
3675363,27.00,-0.15,-0.29,28.00,-3.01,-0.44,27.00,-0.01,-0.07
3675423,27.00,-0.05,-0.15,28.00,-2.78,-0.56,27.00,0.02,-0.00
3675483,27.00,-0.08,-0.30,28.00,-2.42,-0.60,27.00,0.02,0.06
3675543,27.00,-0.15,0.04,28.00,-1.85,-0.49,27.00,-0.05,-0.10
3675603,27.00,-0.11,0.09,28.00,-1.14,-0.82,27.00,-0.01,0.05
3675663,27.00,0.14,-0.11,28.00,-0.71,-0.80,27.00,0.04,-0.05
3675723,27.00,0.24,-0.07,28.00,-0.34,-0.56,27.00,-0.02,-0.05
3675783,27.00,0.01,-0.15,28.00,0.24,-0.52,27.00,-0.01,-0.04
3675844,27.00,0.07,0.13,28.00,0.90,-0.52,27.00,-0.05,-0.05
3675904,27.00,0.10,-0.05,28.00,1.38,-0.64,27.00,-0.04,-0.02
3675964,27.00,-0.05,-0.22,28.00,1.93,-0.28,27.00,0.04,-0.05
3676024,27.00,0.02,-0.26,28.00,2.38,0.45,27.00,-0.01,0.00
3676084,27.00,-0.04,-0.15,28.00,2.73,0.27,27.00,0.01,0.04
3676144,27.00,0.15,-0.21,28.00,3.25,0.21,27.00,0.01,-0.03
3676204,27.00,-0.05,-0.29,28.00,3.23,-0.00,27.00,-0.07,0.05
3676265,27.00,0.20,-0.01,28.00,3.89,0.19,27.00,-0.07,-0.04
3676325,27.00,0.10,-0.17,28.00,3.66,-0.05,27.00,-0.02,-0.03
3676385,27.00,-0.14,-0.22,28.00,3.92,-0.04,27.00,0.01,-0.01
3676445,27.00,-0.07,-0.29,28.00,3.93,-0.23,27.00,0.05,0.10
3676505,27.00,-0.07,-0.31,28.00,3.92,-0.23,27.00,-0.07,-0.03
3676565,27.00,0.01,-0.15,28.00,3.42,0.10,27.00,0.02,-0.05
3676625,27.00,-0.11,-0.26,28.00,3.14,0.14,27.00,-0.01,-0.07
3676685,27.00,0.12,-0.17,28.00,2.92,0.12,27.00,0.01,0.00
3676746,27.00,-0.02,-0.14,28.00,1.99,0.12,27.00,0.02,-0.06
3676806,27.00,-0.01,-0.30,28.00,1.85,0.29,27.00,0.04,-0.04
3676866,27.00,-0.11,-0.29,28.00,1.22,-0.05,27.00,0.01,-0.01
3676926,27.00,-0.05,-0.18,28.00,0.89,0.22,27.00,0.07,0.00
3676986,27.00,-0.07,-0.16,28.00,0.15,0.02,27.00,-0.01,-0.11
3677046,27.00,-0.04,-0.08,28.00,-0.36,-0.28,27.00,0.01,0.02
3677106,27.00,0.12,-0.31,28.00,-0.84,0.30,27.00,-0.01,0.02
3677167,27.00,-0.05,-0.22,28.00,-1.37,0.07,27.00,0.02,-0.07
3677227,27.00,-0.05,-0.18,28.00,-2.15,-0.07,27.00,0.01,0.00
3677287,27.00,-0.01,-0.20,28.00,-2.51,0.04,27.00,-0.02,0.02
3677347,27.00,0.02,-0.30,28.00,-2.91,-0.05,27.00,0.01,-0.07
3677407,27.00,-0.15,-0.18,28.00,-3.32,-0.19,27.00,-0.02,-0.11
3677467,27.00,-0.02,-0.00,28.00,-3.77,-0.16,27.00,-0.04,-0.04
3677527,27.00,-0.08,-0.16,28.00,-3.79,-0.19,27.00,-0.01,-0.07
3677587,27.00,0.11,-0.24,28.00,-3.71,-0.58,27.00,0.02,-0.07
3677648,27.00,-0.02,-0.26,28.00,-3.89,-0.60,27.00,-0.04,0.02
3677708,27.00,-0.11,-0.20,28.00,-3.82,-0.50,27.00,-0.02,0.04
3677768,27.00,-0.05,-0.30,28.00,-3.48,-0.26,27.00,0.02,0.00
3677828,27.00,-0.08,-0.21,28.00,-3.52,-0.14,27.00,-0.01,-0.00
3677888,27.00,-0.02,-0.24,28.00,-3.05,-0.21,27.00,-0.07,-0.07
3677948,27.00,-0.18,-0.15,28.00,-2.62,-0.63,27.00,-0.04,-0.06
3678008,27.00,0.04,-0.18,28.00,-2.19,-0.54,27.00,-0.02,-0.03
3678069,27.00,0.07,-0.06,28.00,-1.71,-1.02,27.00,-0.04,0.04
3678129,27.00,-0.15,-0.26,28.00,-1.18,-0.50,27.00,-0.01,-0.07
3678189,27.00,0.04,-0.10,28.00,-0.77,-0.58,27.00,-0.07,-0.05
3678249,27.00,-0.10,-0.29,28.00,-0.05,-0.21,27.00,-0.01,0.06
3678309,27.00,-0.07,-0.29,28.00,0.37,-0.25,27.00,-0.01,-0.07
3678369,27.00,0.01,-0.30,28.00,0.81,-0.07,27.00,0.07,-0.05
3678429,27.00,-0.02,-0.33,28.00,1.21,-0.22,27.00,0.08,-0.01
3678489,27.00,-0.04,0.01,28.00,2.22,-0.41,27.00,-0.04,0.03
3678550,27.00,0.01,-0.20,28.00,2.34,0.11,27.00,0.02,0.00
3678610,27.00,0.10,-0.08,28.00,3.19,-0.56,27.00,-0.05,-0.02
3678670,27.00,-0.05,-0.07,28.00,3.58,-0.04,27.00,-0.01,-0.06
3678730,27.00,0.11,-0.00,28.00,3.47,-0.09,27.00,-0.01,-0.04
3678790,27.00,0.01,-0.45,28.00,3.83,-0.27,27.00,0.01,-0.07
3678850,27.00,0.05,-0.08,28.00,3.68,-0.24,27.00,-0.01,-0.02
3678910,27.00,-0.01,-0.23,28.00,3.80,-0.02,27.00,-0.02,-0.01
3678971,27.00,0.01,-0.15,28.00,3.60,-0.25,27.00,0.08,-0.04
3679031,27.00,0.08,-0.03,28.00,3.70,0.05,27.00,-0.04,0.00
3679091,27.00,0.12,-0.17,28.00,3.55,-0.22,27.00,-0.04,-0.01
3679151,27.00,-0.04,-0.35,28.00,3.17,0.45,27.00,0.05,-0.02
3679211,27.00,-0.05,-0.29,28.00,2.47,-0.28,27.00,-0.05,-0.04
3679271,27.00,-0.10,-0.26,28.00,2.21,-0.14,27.00,-0.01,0.01
3679331,27.00,-0.18,-0.12,28.00,1.79,-0.11,27.00,0.02,-0.03
3679392,27.00,-0.10,-0.29,28.00,1.12,-0.39,27.00,-0.02,-0.06
3679452,27.00,-0.11,-0.15,28.00,0.70,0.22,27.00,0.04,0.02
3679512,27.00,-0.11,-0.24,28.00,0.08,-0.10,27.00,0.02,0.02
3679572,27.00,0.02,-0.17,28.00,-0.62,-0.00,27.00,-0.01,-0.01
3679632,27.00,0.07,-0.29,28.00,-0.97,-0.44,27.00,-0.02,-0.03
3679692,27.00,0.10,-0.18,28.00,-1.90,-0.02,27.00,0.02,-0.05
3679752,27.00,0.05,-0.10,28.00,-2.35,-0.08,27.00,0.04,-0.07
3679812,27.00,0.07,-0.20,28.00,-2.79,-0.35,27.00,0.02,-0.02
3679873,27.00,0.04,-0.15,28.00,-3.22,0.08,27.00,-0.05,-0.05
3679933,27.00,-0.12,-0.07,28.00,-3.55,0.27,27.00,0.02,-0.00
3679993,27.00,0.14,-0.15,28.00,-3.42,-0.27,27.00,0.01,-0.00
3680053,27.00,-0.04,-0.06,28.00,-3.88,-0.20,27.00,-0.02,-0.06
3680113,27.00,-0.15,-0.32,28.00,-3.83,-0.42,27.00,0.07,-0.10
3680173,27.00,-0.11,-0.25,28.00,-3.96,-0.82,27.00,-0.02,-0.09
3680233,27.00,-0.02,-0.07,28.00,-3.77,-0.73,27.00,-0.05,-0.04
3680294,27.00,-0.29,-0.30,28.00,-3.35,-0.49,27.00,-0.02,-0.05
3680354,27.00,-0.04,-0.20,28.00,-3.30,-0.38,27.00,-0.07,-0.00
3680414,27.00,0.02,-0.27,28.00,-3.04,-0.58,27.00,-0.08,-0.01
3680474,27.00,-0.15,-0.36,28.00,-2.35,-0.77,27.00,-0.01,-0.05
3680534,27.00,0.05,0.10,28.00,-2.18,-0.57,27.00,0.10,-0.10
3680594,27.00,-0.07,-0.36,28.00,-1.40,-0.48,27.00,0.02,0.01
3680654,27.00,-0.15,-0.30,28.00,-1.06,-0.36,27.00,-0.01,-0.01
3680714,27.00,-0.04,-0.26,28.00,-0.42,-0.86,27.00,-0.04,-0.09
3680775,27.00,0.11,-0.24,28.00,0.10,-0.51,27.00,0.01,-0.05
3680835,27.00,-0.11,-0.27,28.00,0.49,-0.51,27.00,-0.01,-0.07
3680895,27.00,-0.02,-0.22,28.00,1.50,-0.11,27.00,-0.07,-0.03
3680955,27.00,-0.20,-0.23,28.00,1.71,-0.16,27.00,-0.02,-0.07
3681015,27.00,0.04,-0.17,28.00,2.18,-0.64,27.00,0.01,-0.03
3681075,27.00,-0.08,-0.24,28.00,2.82,-0.07,27.00,-0.02,-0.01
3681135,27.00,-0.05,-0.13,28.00,3.07,0.58,27.00,0.04,-0.06
3681196,27.00,0.17,-0.04,28.00,3.19,0.30,27.00,0.02,-0.02
3681256,27.00,-0.10,-0.25,28.00,3.64,-0.16,27.00,0.05,0.00
3681316,27.00,0.04,-0.23,28.00,3.61,0.50,27.00,-0.02,0.01
3681376,27.00,0.02,-0.23,28.00,4.01,0.01,27.00,-0.01,-0.08
3681436,27.00,0.10,-0.07,28.00,4.07,-0.07,27.00,0.02,-0.03
3681496,27.00,-0.10,-0.24,28.00,3.66,0.02,27.00,-0.05,-0.04
3681556,27.00,0.08,-0.22,28.00,3.26,0.13,27.00,0.01,-0.13
3681616,27.00,0.08,-0.14,28.00,2.98,-0.07,27.00,-0.01,-0.02
3681677,27.00,0.02,-0.28,28.00,2.91,-0.05,27.00,0.02,0.00
3681737,27.00,-0.04,-0.18,28.00,2.54,-0.38,27.00,0.02,0.01
3681797,27.00,-0.10,-0.25,28.00,2.07,-0.44,27.00,-0.04,-0.01
3681857,27.00,-0.05,-0.15,28.00,1.40,0.22,27.00,0.05,-0.01
3681917,27.00,-0.05,-0.13,28.00,0.70,0.24,27.00,0.01,-0.05
3681977,27.00,0.07,-0.15,28.00,0.26,-0.15,27.00,-0.02,-0.13
3682037,27.00,-0.08,-0.27,28.00,-0.20,-0.23,27.00,-0.04,-0.00
3682098,27.00,-0.07,-0.15,28.00,-0.96,-0.21,27.00,0.04,0.03
3682158,27.00,0.10,-0.13,28.00,-1.71,-0.17,27.00,0.01,-0.04
3682218,27.00,-0.04,-0.23,28.00,-1.81,-0.29,27.00,-0.02,-0.00
3682278,27.00,0.05,-0.44,28.00,-2.38,-0.16,27.00,0.01,-0.09
3682338,27.00,0.07,-0.30,28.00,-3.11,0.26,27.00,-0.04,-0.02
3682398,27.00,0.20,-0.36,28.00,-3.16,-0.58,27.00,-0.01,-0.01
3682458,27.00,-0.07,-0.22,28.00,-3.30,-0.75,27.00,0.04,-0.07
3682518,27.00,-0.01,0.00,28.00,-3.60,-0.46,27.00,0.02,0.06
3682579,27.00,0.08,-0.10,28.00,-3.88,0.22,27.00,0.04,-0.04
3682639,27.00,0.11,-0.09,28.00,-4.01,-0.65,27.00,-0.01,-0.02
3682699,27.00,-0.05,-0.30,28.00,-3.85,-0.18,27.00,-0.04,0.05
3682759,27.00,-0.02,-0.34,28.00,-3.98,-0.03,27.00,-0.07,-0.13
3682819,27.00,0.14,-0.16,28.00,-3.66,-0.51,27.00,-0.07,0.00
3682879,27.00,0.08,-0.13,28.00,-3.13,-0.37,27.00,-0.05,-0.00
3682939,27.00,-0.20,-0.31,28.00,-2.85,-0.20,27.00,0.01,0.02
3683000,27.00,0.08,-0.27,28.00,-2.25,-0.46,27.00,-0.01,-0.04
3683060,27.00,-0.05,-0.15,28.00,-2.12,-0.40,27.00,-0.04,0.02
3683120,27.00,-0.14,-0.10,28.00,-1.53,-0.65,27.00,-0.02,0.00
3683180,27.00,0.07,-0.13,28.00,-0.73,-0.41,27.00,-0.01,0.00
3683240,27.00,-0.10,-0.33,28.00,-0.24,-0.45,27.00,0.05,-0.01
3683300,27.00,0.08,-0.22,28.00,0.42,-0.68,27.00,0.07,-0.05
3683360,27.00,-0.04,-0.28,28.00,1.05,-0.17,27.00,0.01,-0.00
3683420,27.00,-0.02,-0.31,28.00,1.53,0.25,27.00,-0.01,0.03
3683481,27.00,-0.05,-0.29,28.00,1.91,-0.09,27.00,-0.01,-0.04
3683541,27.00,-0.10,-0.09,28.00,2.37,-0.14,27.00,-0.07,-0.06
3683601,27.00,-0.14,-0.40,28.00,3.04,0.22,27.00,-0.05,-0.07
3683661,27.00,-0.07,-0.06,28.00,3.10,-0.04,27.00,-0.01,-0.05
3683721,27.00,-0.10,-0.26,28.00,3.57,-0.34,27.00,-0.02,0.01
3683781,27.00,0.15,-0.19,28.00,3.88,-0.29,27.00,-0.02,-0.07
3683841,27.00,-0.08,-0.24,28.00,3.83,0.20,27.00,0.05,-0.03
3683902,27.00,0.10,-0.05,28.00,3.67,0.60,27.00,0.01,-0.00
3683962,27.00,-0.10,0.03,28.00,3.51,0.52,27.00,0.04,0.00
3684022,27.00,0.11,-0.17,28.00,3.68,0.03,27.00,-0.01,-0.03
3684082,27.00,0.08,-0.16,28.00,3.23,-0.29,27.00,-0.05,-0.06
3684142,27.00,0.05,-0.27,28.00,3.23,-0.36,27.00,0.05,-0.06
3684202,27.00,-0.07,-0.23,28.00,2.47,0.15,27.00,0.01,-0.02
3684262,27.00,0.05,-0.02,28.00,2.00,0.39,27.00,0.05,-0.01
3684322,27.00,-0.17,-0.29,28.00,1.62,0.11,27.00,-0.01,-0.00
3684383,27.00,0.01,-0.29,28.00,1.11,0.17,27.00,0.01,-0.06
3684443,27.00,0.08,-0.19,28.00,0.43,0.23,27.00,0.05,-0.04
3684503,27.00,0.01,-0.12,28.00,-0.01,-0.17,27.00,0.04,-0.07
3684563,27.00,-0.01,-0.07,28.00,-0.51,-0.32,27.00,-0.04,0.03
3684623,27.00,0.17,-0.07,28.00,-1.00,-0.00,27.00,-0.04,0.00
3684683,27.00,-0.08,-0.29,28.00,-1.63,-0.44,27.00,0.01,-0.04
3684743,27.00,0.01,-0.27,28.00,-2.16,-0.40,27.00,-0.01,-0.05
3684804,27.00,-0.05,-0.06,28.00,-2.62,-0.51,27.00,-0.02,-0.08
3684864,27.00,-0.04,-0.15,28.00,-2.97,-0.00,27.00,0.02,0.00
3684924,27.00,-0.08,-0.10,28.00,-3.27,0.31,27.00,-0.04,-0.05
3684984,27.00,0.04,-0.17,28.00,-3.39,-0.38,27.00,0.01,-0.03
3685044,27.00,0.11,-0.15,28.00,-3.77,-0.03,27.00,-0.01,-0.07
3685104,27.00,0.11,-0.17,28.00,-3.70,-0.17,27.00,0.07,-0.03
3685164,27.00,-0.08,-0.15,28.00,-3.96,-0.08,27.00,-0.01,0.01
3685224,27.00,0.07,-0.15,28.00,-3.92,-0.33,27.00,0.02,-0.04
3685285,27.00,-0.14,-0.12,28.00,-3.73,-0.19,27.00,0.01,0.04
3685345,27.00,0.04,-0.21,28.00,-3.25,-0.15,27.00,-0.02,-0.06
3685405,27.00,-0.08,0.01,28.00,-2.92,-0.38,27.00,0.02,0.07
3685465,27.00,0.27,-0.13,28.00,-2.53,-0.10,27.00,-0.01,0.00
3685525,27.00,-0.05,-0.26,28.00,-2.25,-0.50,27.00,-0.02,-0.04
3685585,27.00,-0.02,0.10,28.00,-1.50,-0.44,27.00,-0.02,-0.04
3685645,27.00,-0.07,-0.07,28.00,-1.09,-0.29,27.00,-0.10,-0.07
3685706,27.00,0.21,-0.33,28.00,-0.64,-0.42,27.00,-0.01,-0.05
3685766,27.00,-0.12,-0.13,28.00,0.02,-0.36,27.00,0.04,-0.07
3685826,27.00,0.02,-0.16,28.00,0.61,-0.33,27.00,-0.08,-0.01
3685886,27.00,0.05,0.08,28.00,1.05,-0.65,27.00,0.02,0.06
3685946,27.00,-0.17,-0.16,28.00,1.77,-0.45,27.00,-0.01,-0.03
3686006,27.00,0.14,-0.12,28.00,2.22,0.03,27.00,-0.04,-0.07
3686066,27.00,-0.02,-0.15,28.00,2.75,-0.06,27.00,-0.01,-0.02
3686127,27.00,-0.07,-0.30,28.00,3.19,0.08,27.00,0.07,-0.05
3686187,27.00,-0.08,-0.17,28.00,3.17,0.06,27.00,0.05,0.01
3686247,27.00,0.12,-0.21,28.00,3.63,-0.30,27.00,0.02,0.01
3686307,27.00,0.02,-0.22,28.00,3.82,0.07,27.00,-0.05,-0.10
3686367,27.00,-0.04,-0.01,28.00,3.92,-0.41,27.00,-0.02,-0.02
3686427,27.00,0.02,-0.29,28.00,3.83,-0.29,27.00,0.01,-0.04
3686487,27.00,-0.07,-0.34,28.00,4.10,-0.23,27.00,-0.02,-0.01
3686547,27.00,-0.07,-0.18,28.00,3.35,0.48,27.00,-0.04,0.03
3686608,27.00,0.11,-0.23,28.00,3.29,0.48,27.00,0.01,0.00
3686668,27.00,-0.04,-0.22,28.00,2.97,-0.01,27.00,-0.05,-0.09
3686728,27.00,-0.12,-0.32,28.00,2.63,0.07,27.00,-0.02,-0.06
3686788,27.00,-0.04,-0.32,28.00,1.97,0.13,27.00,-0.04,-0.07
3686848,27.00,0.01,-0.18,28.00,1.46,0.08,27.00,-0.02,-0.07
3686908,27.00,0.04,-0.27,28.00,0.99,0.09,27.00,-0.02,0.03
3686968,27.00,0.11,-0.18,28.00,0.39,0.29,27.00,-0.05,-0.07
3687029,27.00,-0.18,-0.15,28.00,-0.18,0.04,27.00,0.01,-0.06
3687089,27.00,-0.14,-0.19,28.00,-0.74,-0.34,27.00,-0.01,0.02
3687149,27.00,0.01,-0.22,28.00,-1.25,-0.22,27.00,-0.01,0.02
3687209,27.00,0.04,-0.07,28.00,-1.87,0.09,27.00,0.01,-0.08
3687269,27.00,-0.02,-0.12,28.00,-2.57,-0.22,27.00,-0.08,-0.00
3687329,27.00,0.02,-0.16,28.00,-2.72,-0.36,27.00,0.04,-0.01
3687389,27.00,-0.04,-0.19,28.00,-3.10,0.11,27.00,0.04,0.00
3687449,27.00,0.01,-0.15,28.00,-3.63,-0.10,27.00,-0.05,-0.07
3687510,27.00,0.11,-0.33,28.00,-3.79,-0.44,27.00,0.01,-0.02
3687570,27.00,0.10,-0.18,28.00,-4.18,-0.29,27.00,0.04,-0.02
3687630,27.00,-0.02,-0.22,28.00,-3.76,-0.57,27.00,-0.01,-0.05
3687690,27.00,0.12,-0.17,28.00,-3.85,-0.54,27.00,0.02,-0.06
3687750,27.00,0.07,-0.15,28.00,-3.45,-0.06,27.00,0.05,-0.06
3687810,27.00,0.01,-0.09,28.00,-3.25,-0.29,27.00,-0.02,-0.02
3687870,27.00,0.07,-0.19,28.00,-3.22,-0.36,27.00,-0.02,-0.08
3687931,27.00,0.07,-0.25,28.00,-2.66,-0.77,27.00,-0.02,0.00
3687991,27.00,-0.01,-0.34,28.00,-2.48,-0.33,27.00,-0.05,0.07
3688051,27.00,-0.01,-0.36,28.00,-1.94,-0.92,27.00,-0.01,0.01
3688111,27.00,0.05,-0.12,28.00,-1.36,-1.11,27.00,-0.05,-0.05
3688171,27.00,-0.14,-0.37,28.00,-0.58,-1.29,27.00,-0.02,-0.01
3688231,27.00,0.07,-0.11,28.00,-0.27,-0.43,27.00,-0.02,-0.06
3688291,27.00,-0.02,-0.22,28.00,0.27,-0.55,27.00,0.02,-0.06
3688351,27.00,-0.05,-0.25,28.00,0.86,0.07,27.00,-0.01,0.01
3688412,27.00,-0.20,-0.35,28.00,1.43,-0.55,27.00,0.02,-0.00
3688472,27.00,-0.15,-0.27,28.00,1.96,-0.36,27.00,0.01,-0.00
3688532,27.00,-0.14,-0.07,28.00,2.40,0.17,27.00,-0.02,0.00
3688592,27.00,0.14,-0.19,28.00,3.00,-0.37,27.00,-0.04,0.09
3688652,27.00,0.01,-0.29,28.00,3.13,0.29,27.00,-0.01,0.01
3688712,27.00,0.04,-0.13,28.00,3.20,0.03,27.00,-0.02,-0.08
3688772,27.00,0.01,-0.29,28.00,3.55,-0.04,27.00,-0.01,0.04
3688833,27.00,-0.07,-0.02,28.00,3.48,0.51,27.00,-0.04,-0.00
3688893,27.00,-0.11,-0.20,28.00,3.93,0.20,27.00,0.05,-0.05
3688953,27.00,-0.12,-0.42,28.00,3.88,-0.08,27.00,0.04,-0.05
3689013,27.00,0.17,-0.23,28.00,3.57,-0.48,27.00,0.02,-0.00
3689073,27.00,0.02,-0.12,28.00,3.60,0.24,27.00,-0.04,-0.15
3689133,27.00,0.20,-0.27,28.00,3.10,0.53,27.00,0.04,-0.02
3689193,27.00,-0.04,-0.20,28.00,2.50,0.40,27.00,-0.02,-0.07
3689253,27.00,-0.04,-0.07,28.00,2.29,0.31,27.00,-0.02,-0.07
3689314,27.00,-0.17,-0.22,28.00,1.79,0.32,27.00,0.01,-0.06
3689374,27.00,-0.10,-0.12,28.00,1.21,0.04,27.00,0.02,-0.03
3689434,27.00,-0.07,-0.23,28.00,0.93,-0.33,27.00,-0.08,0.05
3689494,27.00,0.04,-0.26,28.00,0.04,-0.17,27.00,0.02,-0.01
3689554,27.00,0.02,-0.26,28.00,-0.39,-0.29,27.00,-0.04,-0.08
3689614,27.00,-0.05,-0.31,28.00,-1.12,-0.24,27.00,-0.04,-0.02
3689674,27.00,-0.05,-0.28,28.00,-1.58,0.05,27.00,0.04,-0.00
3689735,27.00,0.11,-0.11,28.00,-2.23,0.27,27.00,0.01,-0.04
3689795,27.00,-0.04,-0.28,28.00,-2.79,-0.06,27.00,-0.07,0.02
3689855,27.00,-0.05,-0.15,28.00,-2.91,-0.52,27.00,-0.05,-0.05
3689915,27.00,-0.07,-0.17,28.00,-3.35,-0.22,27.00,-0.04,-0.11
3689975,27.00,-0.04,-0.26,28.00,-3.74,-0.69,27.00,0.04,-0.01
3690035,27.00,0.10,-0.08,28.00,-3.89,-0.27,27.00,-0.04,0.05
3690095,27.00,-0.08,-0.10,28.00,-4.08,0.43,27.00,-0.01,0.06
3690155,27.00,-0.05,-0.23,28.00,-3.74,-0.36,27.00,-0.05,-0.03
3690216,27.00,-0.05,-0.32,28.00,-3.90,-0.49,27.00,-0.01,0.06
3690276,27.00,0.11,-0.15,28.00,-3.63,-0.24,27.00,-0.05,-0.07
3690336,27.00,-0.10,-0.21,28.00,-3.26,-0.56,27.00,-0.01,-0.03
3690396,27.00,-0.02,-0.21,28.00,-3.11,-0.33,27.00,-0.04,-0.04
3690456,27.00,-0.14,-0.15,28.00,-2.91,-0.46,27.00,-0.02,-0.07
3690516,27.00,0.02,-0.23,28.00,-2.40,-0.31,27.00,0.01,0.04
3690576,27.00,0.07,-0.06,28.00,-1.77,-0.70,27.00,-0.01,0.01
3690637,27.00,-0.08,-0.29,28.00,-1.08,-0.39,27.00,-0.02,-0.07
3690697,27.00,-0.11,-0.15,28.00,-0.45,-0.71,27.00,-0.01,-0.03
3690757,27.00,0.14,-0.19,28.00,0.01,-0.44,27.00,0.01,-0.07
3690817,27.00,0.07,-0.17,28.00,0.53,-0.40,27.00,-0.01,-0.05
3690877,27.00,0.02,-0.24,28.00,0.95,0.28,27.00,-0.02,0.00
3690937,27.00,0.01,-0.23,28.00,1.82,0.15,27.00,-0.08,-0.09
3690997,27.00,-0.11,-0.19,28.00,2.22,-0.15,27.00,-0.02,-0.08
3691057,27.00,0.01,-0.17,28.00,2.62,-0.05,27.00,-0.05,0.00
3691118,27.00,-0.05,-0.23,28.00,2.91,-0.45,27.00,0.01,-0.07
3691178,27.00,-0.07,-0.32,28.00,3.25,-0.14,27.00,-0.02,-0.05
3691238,27.00,-0.08,-0.26,28.00,3.70,-0.05,27.00,-0.01,0.02
3691298,27.00,-0.01,-0.16,28.00,3.82,0.29,27.00,-0.02,0.00
3691358,27.00,0.18,-0.09,28.00,3.61,0.51,27.00,-0.02,-0.01
3691418,27.00,0.01,-0.24,28.00,3.60,0.07,27.00,0.04,-0.01
3691478,27.00,-0.10,-0.19,28.00,3.55,-0.13,27.00,0.04,-0.07
3691539,27.00,-0.04,-0.12,28.00,3.73,-0.07,27.00,-0.05,-0.05
3691599,27.00,-0.14,-0.10,28.00,3.16,-0.08,27.00,0.01,-0.10
3691659,27.00,0.08,-0.22,28.00,3.01,0.07,27.00,-0.04,0.06
3691719,27.00,-0.15,-0.25,28.00,2.28,0.53,27.00,-0.10,-0.05
3691779,27.00,0.11,-0.18,28.00,2.16,-0.14,27.00,-0.07,-0.02
3691839,27.00,0.07,-0.08,28.00,1.81,-0.11,27.00,-0.02,-0.03
3691899,27.00,0.08,-0.17,28.00,0.90,0.24,27.00,-0.05,-0.07
3691960,27.00,0.01,-0.22,28.00,0.27,0.04,27.00,-0.01,0.00
3692020,27.00,-0.05,-0.19,28.00,0.12,0.03,27.00,0.04,-0.01
3692080,27.00,-0.07,-0.24,28.00,-0.58,-0.53,27.00,-0.02,-0.02
3692140,27.00,0.12,-0.15,28.00,-1.31,-0.18,27.00,0.04,-0.02
3692200,27.00,0.04,-0.07,28.00,-1.99,0.11,27.00,-0.07,-0.13
3692260,27.00,-0.01,-0.22,28.00,-2.22,-0.13,27.00,-0.01,-0.01
3692320,27.00,-0.01,-0.20,28.00,-2.76,0.13,27.00,-0.05,-0.06
3692380,27.00,-0.11,-0.13,28.00,-2.92,-0.28,27.00,-0.04,0.04
3692441,27.00,0.10,-0.15,28.00,-3.38,-0.11,27.00,0.02,-0.07
3692501,27.00,-0.10,-0.11,28.00,-3.68,-0.03,27.00,-0.07,-0.01
3692561,27.00,-0.05,-0.21,28.00,-3.76,-0.14,27.00,0.01,-0.02
3692621,27.00,0.11,-0.21,28.00,-3.90,-0.27,27.00,0.05,-0.15
3692681,27.00,0.10,-0.24,28.00,-4.04,-0.62,27.00,-0.02,0.06
3692741,27.00,-0.04,-0.16,28.00,-3.74,-0.16,27.00,0.01,-0.07
3692801,27.00,0.08,-0.25,28.00,-3.60,-0.76,27.00,0.01,-0.06
3692862,27.00,-0.02,0.10,28.00,-3.14,-0.39,27.00,0.01,-0.05
3692922,27.00,-0.23,-0.15,28.00,-3.05,-0.40,27.00,0.04,0.08
3692982,27.00,0.01,-0.08,28.00,-2.69,-0.30,27.00,-0.02,0.02
3693042,27.00,0.01,-0.08,28.00,-1.82,-0.27,27.00,0.02,-0.05
3693102,27.00,-0.10,-0.32,28.00,-1.24,-0.49,27.00,-0.04,0.01
3693162,27.00,-0.02,-0.07,28.00,-0.93,-0.58,27.00,0.04,-0.07
3693222,27.00,0.02,-0.17,28.00,-0.39,-0.45,27.00,-0.01,-0.00
3693282,27.00,-0.07,-0.13,28.00,0.12,-0.36,27.00,0.08,-0.06
3693343,27.00,-0.05,-0.09,28.00,0.64,-0.13,27.00,0.07,-0.04
3693403,27.00,-0.05,-0.15,28.00,1.37,-0.03,27.00,-0.05,-0.01
3693463,27.00,-0.15,-0.22,28.00,2.00,0.24,27.00,-0.01,-0.07
3693523,27.00,-0.10,-0.16,28.00,2.13,0.09,27.00,-0.04,0.02
3693583,27.00,0.04,-0.20,28.00,2.86,-0.14,27.00,-0.01,-0.05
3693643,27.00,-0.02,-0.21,28.00,3.32,0.01,27.00,-0.01,0.00
3693703,27.00,0.05,-0.12,28.00,3.35,0.06,27.00,-0.02,-0.07
3693764,27.00,0.02,-0.29,28.00,3.71,0.13,27.00,-0.05,-0.13
3693824,27.00,0.14,-0.29,28.00,4.04,-0.06,27.00,-0.02,0.00
3693884,27.00,-0.07,-0.03,28.00,3.96,0.23,27.00,-0.01,0.00
3693944,27.00,0.04,-0.07,28.00,3.68,0.27,27.00,0.01,-0.00
3694004,27.00,0.05,-0.18,28.00,3.58,0.09,27.00,-0.05,0.00
3694064,27.00,-0.02,-0.21,28.00,3.22,0.26,27.00,0.02,-0.07
3694124,27.00,0.05,-0.05,28.00,3.05,-0.18,27.00,0.04,-0.01
3694184,27.00,-0.08,-0.09,28.00,2.91,0.07,27.00,0.01,-0.05
3694245,27.00,0.01,-0.06,28.00,2.40,0.01,27.00,0.01,-0.08
3694305,27.00,-0.05,-0.08,28.00,1.56,-0.11,27.00,-0.05,-0.14
3694365,27.00,-0.02,-0.29,28.00,1.49,0.22,27.00,-0.04,0.01
3694425,27.00,-0.01,-0.15,28.00,0.80,0.35,27.00,-0.04,-0.05
3694485,27.00,0.01,-0.20,28.00,0.26,0.10,27.00,0.01,-0.05
3694545,27.00,-0.11,-0.15,28.00,-0.37,-0.53,27.00,-0.08,-0.08
3694605,27.00,0.01,-0.08,28.00,-0.90,0.41,27.00,0.01,-0.10
3694666,27.00,-0.02,-0.22,28.00,-1.60,-0.02,27.00,0.01,-0.05
3694726,27.00,-0.02,-0.15,28.00,-1.91,-0.05,27.00,0.01,0.02
3694786,27.00,-0.04,-0.26,28.00,-2.56,-0.12,27.00,-0.02,-0.04
3694846,27.00,-0.01,-0.26,28.00,-2.62,0.05,27.00,-0.07,-0.07
3694906,27.00,-0.08,-0.19,28.00,-3.33,-0.31,27.00,0.08,-0.03
3694966,27.00,0.10,-0.12,28.00,-3.60,-0.30,27.00,-0.02,-0.01
3695026,27.00,-0.04,-0.21,28.00,-3.83,0.07,27.00,0.02,0.00
3695086,27.00,0.04,-0.20,28.00,-3.61,-0.50,27.00,0.01,-0.01
3695147,27.00,-0.12,-0.18,28.00,-3.99,-0.15,27.00,-0.07,0.05
3695207,27.00,0.01,0.05,28.00,-3.54,-0.49,27.00,-0.04,-0.01
3695267,27.00,0.04,-0.25,28.00,-3.49,-0.20,27.00,0.01,-0.00
3695327,27.00,-0.10,-0.22,28.00,-3.68,-0.24,27.00,-0.07,-0.12
3695387,27.00,0.07,-0.20,28.00,-3.05,-0.47,27.00,0.04,0.00
3695447,27.00,-0.02,-0.27,28.00,-2.51,-0.38,27.00,-0.02,-0.01
3695507,27.00,0.11,-0.12,28.00,-2.18,-0.79,27.00,-0.07,0.02
3695568,27.00,0.04,-0.25,28.00,-1.60,-0.69,27.00,-0.07,-0.07
3695628,27.00,-0.17,-0.10,28.00,-1.41,-0.19,27.00,-0.04,-0.04
3695688,27.00,-0.10,-0.27,28.00,-0.75,-0.86,27.00,-0.01,0.01
3695748,27.00,-0.01,-0.12,28.00,-0.10,-0.44,27.00,-0.02,-0.02
3695808,27.00,-0.15,-0.29,28.00,0.52,-0.36,27.00,-0.04,0.00
3695868,27.00,-0.12,-0.20,28.00,0.87,-0.22,27.00,-0.01,0.00
3695928,27.00,-0.12,-0.20,28.00,1.66,0.16,27.00,-0.04,-0.07
3695988,27.00,-0.11,-0.16,28.00,2.13,-0.09,27.00,-0.04,-0.03
3696049,27.00,0.11,-0.03,28.00,2.60,-0.47,27.00,-0.02,-0.03
3696109,27.00,0.20,-0.26,28.00,3.25,-0.22,27.00,-0.04,-0.07
3696169,27.00,-0.14,-0.26,28.00,3.45,0.18,27.00,-0.01,-0.03
3696229,27.00,-0.11,-0.15,28.00,3.57,-0.17,27.00,-0.02,-0.07
3696289,27.00,0.07,-0.15,28.00,3.70,0.20,27.00,-0.07,0.04
3696349,27.00,-0.02,-0.00,28.00,3.77,-0.18,27.00,-0.08,-0.05
3696409,27.00,0.01,-0.06,28.00,4.08,0.06,27.00,-0.04,-0.05
3696470,27.00,-0.15,-0.26,28.00,4.07,-0.20,27.00,0.04,-0.07
3696530,27.00,-0.04,-0.34,28.00,3.47,0.23,27.00,0.01,-0.07
3696590,27.00,0.07,-0.21,28.00,3.30,0.19,27.00,0.07,-0.07
3696650,27.00,0.10,-0.26,28.00,2.81,0.44,27.00,0.04,-0.02
3696710,27.00,0.05,-0.18,28.00,2.66,-0.02,27.00,-0.04,-0.06
3696770,27.00,-0.14,-0.31,28.00,2.35,0.13,27.00,-0.04,-0.05
3696830,27.00,0.26,-0.21,28.00,1.77,0.18,27.00,-0.02,0.00
3696891,27.00,0.02,-0.16,28.00,1.12,-0.23,27.00,0.04,-0.11
3696951,27.00,-0.07,-0.16,28.00,0.58,0.12,27.00,-0.02,-0.02
3697011,27.00,0.01,-0.15,28.00,0.07,-0.28,27.00,0.01,-0.04
3697071,27.00,-0.05,-0.14,28.00,-0.62,0.06,27.00,-0.02,-0.03
3697131,27.00,0.11,-0.09,28.00,-1.28,-0.70,27.00,-0.07,-0.05
3697191,27.00,-0.07,-0.16,28.00,-1.71,-0.34,27.00,-0.05,-0.01
3697251,27.00,0.14,-0.13,28.00,-2.23,-0.42,27.00,-0.04,-0.02
3697311,27.00,0.08,-0.01,28.00,-2.56,-0.43,27.00,-0.01,-0.02
3697372,27.00,-0.04,-0.16,28.00,-3.11,-0.58,27.00,-0.01,-0.07
3697432,27.00,-0.14,-0.22,28.00,-3.35,-0.03,27.00,0.01,0.01
3697492,27.00,0.27,-0.18,28.00,-3.74,-0.11,27.00,0.02,-0.04
3697552,27.00,0.01,-0.17,28.00,-4.11,-0.56,27.00,0.02,-0.10
3697612,27.00,0.07,-0.16,28.00,-3.93,-0.66,27.00,0.02,-0.14
3697672,27.00,0.07,-0.29,28.00,-3.58,-0.48,27.00,-0.04,-0.01
3697732,27.00,0.10,-0.22,28.00,-3.30,-0.44,27.00,-0.05,0.06
3697793,27.00,0.10,0.10,28.00,-3.48,-0.14,27.00,0.05,-0.00
3697853,27.00,-0.04,-0.37,28.00,-3.35,-0.34,27.00,-0.04,0.05
3697913,27.00,-0.01,-0.29,28.00,-3.11,-0.31,27.00,0.04,-0.03
3697973,27.00,-0.07,-0.25,28.00,-2.31,-0.58,27.00,0.07,-0.01
3698033,27.00,0.01,-0.12,28.00,-1.87,-0.65,27.00,0.01,-0.06
3698093,27.00,0.02,-0.10,28.00,-1.65,-0.48,27.00,-0.01,-0.03
3698153,27.00,-0.26,-0.07,28.00,-1.00,-0.23,27.00,-0.01,-0.02
3698213,27.00,0.01,-0.15,28.00,-0.36,-0.44,27.00,-0.02,-0.06
3698274,27.00,0.15,-0.13,28.00,0.01,-0.06,27.00,-0.02,-0.04
3698334,27.00,0.01,-0.15,28.00,0.68,-0.38,27.00,0.01,-0.06
3698394,27.00,0.01,-0.11,28.00,1.24,-0.30,27.00,-0.11,-0.06
3698454,27.00,-0.08,-0.08,28.00,1.88,-0.16,27.00,-0.05,-0.02
3698514,27.00,-0.01,-0.06,28.00,2.47,0.07,27.00,-0.02,0.03
3698574,27.00,-0.20,-0.13,28.00,2.50,-0.05,27.00,-0.02,-0.07
3698634,27.00,0.04,0.01,28.00,3.00,0.07,27.00,-0.02,0.01
3698695,27.00,-0.05,-0.23,28.00,3.35,-0.17,27.00,0.05,-0.00
3698755,27.00,0.08,-0.10,28.00,3.42,-0.14,27.00,-0.05,-0.07
3698815,27.00,0.05,-0.18,28.00,3.57,0.43,27.00,0.02,0.01
3698875,27.00,0.02,-0.30,28.00,3.89,0.10,27.00,0.02,0.02
3698935,27.00,-0.04,-0.28,28.00,3.88,-0.88,27.00,-0.01,-0.03
3698995,27.00,-0.08,-0.16,28.00,3.80,-0.12,27.00,0.01,0.00
3699055,27.00,0.15,-0.10,28.00,3.41,-0.10,27.00,0.01,-0.06
3699115,27.00,0.10,-0.25,28.00,3.14,0.12,27.00,-0.01,-0.06
3699176,27.00,0.04,-0.37,28.00,2.92,-0.13,27.00,-0.05,-0.01
3699236,27.00,-0.11,-0.17,28.00,2.48,-0.15,27.00,-0.05,-0.09
3699296,27.00,-0.02,-0.22,28.00,2.01,-0.14,27.00,-0.02,0.00
3699356,27.00,-0.15,-0.18,28.00,1.27,0.07,27.00,-0.01,-0.04
3699416,27.00,-0.04,-0.15,28.00,0.78,-0.46,27.00,-0.02,-0.05
3699476,27.00,-0.07,-0.21,28.00,0.55,-0.14,27.00,-0.08,0.03
3699536,27.00,-0.18,-0.22,28.00,-0.21,-0.18,27.00,0.01,-0.06
3699597,27.00,-0.05,-0.20,28.00,-0.93,-0.37,27.00,-0.02,-0.00
3699657,27.00,-0.04,-0.04,28.00,-1.46,-0.65,27.00,-0.02,-0.01
3699717,27.00,0.02,-0.22,28.00,-1.87,-0.10,27.00,-0.07,-0.07
3699777,27.00,0.01,-0.26,28.00,-2.19,0.07,27.00,0.04,0.00
3699837,27.00,0.08,-0.35,28.00,-2.92,-0.15,27.00,-0.01,-0.04
3699897,27.00,0.05,-0.00,28.00,-3.13,-0.05,27.00,-0.04,-0.00
3699957,27.00,-0.04,-0.20,28.00,-3.64,-0.17,27.00,0.01,-0.02
3700017,27.00,-0.14,-0.24,28.00,-3.71,-0.10,27.00,-0.01,-0.08
3700078,27.00,-0.02,-0.12,28.00,-3.83,-0.17,27.00,0.02,0.00
3700138,27.00,-0.02,-0.19,28.00,-4.05,-0.50,27.00,-0.04,-0.05
3700198,27.00,-0.12,-0.22,28.00,-3.71,-0.22,27.00,-0.07,-0.00
3700258,27.00,0.01,-0.45,28.00,-3.83,-0.45,27.00,-0.04,-0.02
3700318,27.00,-0.12,-0.12,28.00,-3.73,-0.65,27.00,0.02,-0.00
3700378,27.00,-0.14,-0.16,28.00,-3.22,-0.25,27.00,-0.01,-0.01
3700438,27.00,0.24,-0.13,28.00,-2.72,-0.36,27.00,0.01,-0.01
3700499,27.00,0.10,-0.22,28.00,-2.06,-0.36,27.00,0.04,-0.06
3700559,27.00,-0.04,-0.05,28.00,-1.85,-0.38,27.00,0.02,-0.06
3700619,27.00,0.01,-0.04,28.00,-1.47,-0.56,27.00,0.07,0.05
3700679,27.00,0.08,-0.19,28.00,-0.95,-0.79,27.00,0.02,-0.06
3700739,27.00,0.05,-0.33,28.00,-0.32,-0.78,27.00,0.04,0.01
3700799,27.00,-0.12,-0.10,28.00,0.30,-0.40,27.00,0.02,-0.05
3700859,27.00,0.02,-0.12,28.00,0.95,0.29,27.00,-0.01,-0.04
3700919,27.00,-0.02,-0.27,28.00,1.33,0.07,27.00,-0.01,0.01
3700980,27.00,-0.14,0.00,28.00,1.87,-0.00,27.00,-0.01,-0.09
3701040,27.00,0.17,-0.09,28.00,2.44,-0.14,27.00,-0.04,0.00
3701100,27.00,-0.08,-0.27,28.00,2.59,0.27,27.00,0.02,-0.03
3701160,27.00,-0.11,-0.27,28.00,3.39,-0.16,27.00,-0.05,-0.04
3701220,27.00,0.07,-0.25,28.00,3.45,-0.15,27.00,0.01,-0.07
3701280,27.00,-0.11,-0.19,28.00,3.82,0.47,27.00,0.01,-0.06
3701340,27.00,-0.07,-0.15,28.00,3.79,0.31,27.00,-0.01,0.00
3701401,27.00,-0.05,-0.27,28.00,3.82,-0.07,27.00,-0.01,-0.07
3701461,27.00,0.02,-0.22,28.00,3.85,-0.27,27.00,0.04,-0.00
3701521,27.00,-0.07,-0.15,28.00,3.83,-0.39,27.00,0.04,-0.04
3701581,27.00,-0.02,-0.13,28.00,3.66,-0.58,27.00,0.01,-0.07
3701641,27.00,-0.01,-0.19,28.00,3.08,-0.46,27.00,0.05,-0.07
3701701,27.00,-0.12,-0.27,28.00,2.66,0.16,27.00,0.02,0.01
3701761,27.00,-0.21,-0.21,28.00,2.23,0.06,27.00,-0.04,-0.07
3701821,27.00,-0.07,-0.20,28.00,1.68,0.11,27.00,-0.01,-0.04
3701882,27.00,0.02,-0.00,28.00,1.24,0.01,27.00,-0.02,-0.06
3701942,27.00,-0.01,-0.18,28.00,0.70,-0.16,27.00,-0.05,-0.07
3702002,27.00,-0.01,-0.32,28.00,0.37,-0.16,27.00,-0.05,-0.04
3702062,27.00,-0.08,-0.15,28.00,-0.33,0.02,27.00,0.04,-0.03
3702122,27.00,-0.10,-0.22,28.00,-1.36,0.09,27.00,-0.02,-0.06
3702182,27.00,-0.02,-0.08,28.00,-1.79,-0.13,27.00,-0.08,-0.02
3702242,27.00,-0.04,-0.08,28.00,-1.94,-0.07,27.00,-0.04,-0.01
3702303,27.00,0.02,-0.16,28.00,-2.67,-0.24,27.00,-0.01,-0.03
3702363,27.00,-0.12,-0.21,28.00,-3.03,0.00,27.00,0.02,0.05
3702423,27.00,-0.04,-0.16,28.00,-3.51,-0.33,27.00,-0.04,-0.01
3702483,27.00,-0.01,-0.16,28.00,-3.58,-0.68,27.00,-0.04,0.00
3702543,27.00,-0.07,-0.20,28.00,-3.64,-0.24,27.00,0.01,0.01
3702603,27.00,-0.11,-0.19,28.00,-3.61,-0.59,27.00,-0.08,-0.01
3702663,27.00,-0.01,0.01,28.00,-3.74,-0.22,27.00,0.01,-0.12
3702724,27.00,0.10,-0.21,28.00,-3.96,-0.12,27.00,0.04,0.03
3702784,27.00,0.08,-0.05,28.00,-3.48,-0.37,27.00,0.01,-0.10
3702844,27.00,0.15,-0.29,28.00,-3.13,-0.57,27.00,-0.01,-0.07
3702904,27.00,-0.29,-0.26,28.00,-3.10,-0.67,27.00,-0.04,0.02
3702964,27.00,0.15,-0.25,28.00,-2.81,-0.22,27.00,0.01,-0.05
3703024,27.00,-0.08,-0.21,28.00,-2.19,0.05,27.00,-0.07,-0.04
3703084,27.00,0.11,-0.20,28.00,-1.65,-0.22,27.00,0.04,0.00
3703144,27.00,-0.12,-0.23,28.00,-1.30,-0.51,27.00,-0.01,-0.07
3703205,27.00,0.10,-0.31,28.00,-0.62,-0.87,27.00,-0.01,-0.01
3703265,27.00,0.01,-0.23,28.00,0.10,-0.44,27.00,-0.01,-0.03
3703325,27.00,0.15,-0.26,28.00,0.77,-0.30,27.00,-0.01,-0.04
3703385,27.00,-0.04,-0.23,28.00,1.25,-0.23,27.00,-0.01,-0.01
3703445,27.00,0.11,-0.30,28.00,1.74,0.06,27.00,-0.02,-0.00
3703505,27.00,0.05,-0.50,28.00,2.28,-0.03,27.00,0.01,-0.00
3703565,27.00,0.05,-0.37,28.00,2.73,-0.45,27.00,0.04,-0.05
3703626,27.00,0.11,-0.11,28.00,2.91,0.78,27.00,-0.02,-0.03
3703686,27.00,-0.02,0.00,28.00,3.42,0.47,27.00,0.01,-0.04
3703746,27.00,0.21,-0.14,28.00,3.47,-0.19,27.00,-0.05,0.03
3703806,27.00,0.08,-0.22,28.00,3.83,0.02,27.00,-0.01,0.06
3703866,27.00,0.11,-0.21,28.00,3.92,-0.13,27.00,-0.05,-0.07
3703926,27.00,-0.11,-0.22,28.00,3.96,0.27,27.00,-0.02,-0.07
3703986,27.00,-0.07,-0.22,28.00,3.77,-0.00,27.00,-0.05,-0.05
3704046,27.00,0.14,-0.25,28.00,3.68,0.52,27.00,-0.04,0.01
3704107,27.00,-0.26,-0.13,28.00,3.01,0.07,27.00,0.07,-0.02
3704167,27.00,0.05,-0.13,28.00,2.88,0.05,27.00,-0.07,0.00
3704227,27.00,0.02,-0.18,28.00,2.51,0.01,27.00,-0.01,-0.09
3704287,27.00,-0.05,-0.27,28.00,2.00,0.32,27.00,-0.02,-0.10
3704347,27.00,0.11,-0.14,28.00,1.66,-0.22,27.00,-0.02,-0.03
3704407,27.00,-0.01,-0.07,28.00,0.90,0.56,27.00,0.02,0.01
3704467,27.00,-0.04,-0.17,28.00,0.37,0.36,27.00,0.02,0.01
3704528,27.00,0.02,-0.05,28.00,-0.34,-0.20,27.00,-0.04,-0.10
3704588,27.00,-0.01,-0.12,28.00,-0.67,-0.19,27.00,0.08,-0.01
3704648,27.00,-0.05,-0.22,28.00,-1.22,0.05,27.00,-0.02,-0.02
3704708,27.00,-0.07,-0.21,28.00,-1.85,-0.43,27.00,0.05,0.00
3704768,27.00,0.01,-0.12,28.00,-2.26,-0.15,27.00,0.04,-0.04
3704828,27.00,0.14,-0.13,28.00,-2.72,-0.15,27.00,-0.05,-0.00
3704888,27.00,-0.04,0.03,28.00,-3.29,-0.10,27.00,-0.02,-0.03
3704948,27.00,-0.12,-0.20,28.00,-3.68,-0.39,27.00,0.02,-0.02
3705009,27.00,0.04,-0.36,28.00,-3.49,0.10,27.00,-0.08,-0.00
3705069,27.00,0.11,-0.28,28.00,-3.68,-0.92,27.00,-0.01,-0.07
3705129,27.00,-0.04,-0.24,28.00,-3.67,-0.55,27.00,-0.04,-0.07
3705189,27.00,-0.07,-0.28,28.00,-3.57,-0.40,27.00,0.08,0.02
3705249,27.00,0.02,-0.16,28.00,-3.76,-0.35,27.00,0.05,-0.03
3705309,27.00,0.08,-0.24,28.00,-3.55,-0.26,27.00,-0.01,-0.05
3705369,27.00,-0.08,-0.08,28.00,-3.11,-0.67,27.00,0.07,0.04
3705430,27.00,0.04,-0.03,28.00,-2.69,-0.23,27.00,-0.02,-0.03
3705490,27.00,0.18,-0.12,28.00,-2.57,-0.25,27.00,0.01,-0.08
3705550,27.00,-0.02,-0.09,28.00,-1.93,-0.66,27.00,-0.02,-0.06
3705610,27.00,-0.07,-0.15,28.00,-1.14,-0.59,27.00,-0.01,-0.06
3705670,27.00,-0.11,-0.01,28.00,-0.62,-0.57,27.00,-0.01,-0.00
3705730,27.00,0.12,-0.26,28.00,-0.20,-0.45,27.00,-0.05,-0.01
3705790,27.00,0.05,0.00,28.00,0.32,-0.34,27.00,0.01,0.03
3705850,27.00,-0.20,0.02,28.00,0.90,-0.58,27.00,0.04,-0.02
3705911,27.00,-0.02,-0.28,28.00,1.38,-0.81,27.00,0.10,-0.01
3705971,27.00,0.01,-0.29,28.00,2.12,-0.14,27.00,-0.02,-0.03
3706031,27.00,0.01,-0.22,28.00,2.57,0.15,27.00,-0.01,-0.09
3706091,27.00,-0.12,-0.29,28.00,2.89,-0.01,27.00,-0.02,-0.06
3706151,27.00,-0.04,-0.12,28.00,3.52,-0.13,27.00,-0.04,-0.07
3706211,27.00,0.08,-0.25,28.00,3.42,-0.03,27.00,-0.02,-0.03
3706271,27.00,0.02,-0.37,28.00,3.80,-0.32,27.00,0.05,0.00
3706332,27.00,-0.02,-0.23,28.00,4.18,-0.73,27.00,-0.01,0.00
3706392,27.00,0.01,-0.22,28.00,4.08,-0.05,27.00,0.01,-0.07
3706452,27.00,0.02,-0.07,28.00,3.85,0.09,27.00,-0.01,-0.07
3706512,27.00,0.01,-0.15,28.00,3.64,-0.07,27.00,0.01,0.03
3706572,27.00,-0.10,-0.26,28.00,3.47,0.41,27.00,-0.02,-0.05
3706632,27.00,-0.23,-0.24,28.00,2.97,0.65,27.00,-0.05,-0.06
3706692,27.00,0.02,-0.22,28.00,2.81,0.11,27.00,0.02,-0.02
3706752,27.00,0.07,-0.16,28.00,2.37,0.17,27.00,0.01,-0.04
3706813,27.00,0.15,-0.24,28.00,1.72,0.52,27.00,-0.02,0.02
3706873,27.00,-0.07,-0.24,28.00,1.11,0.39,27.00,0.02,-0.13
3706933,27.00,0.04,-0.05,28.00,0.81,0.03,27.00,-0.04,-0.06
3706993,27.00,-0.08,-0.22,28.00,0.17,0.07,27.00,0.05,0.02
3707053,27.00,-0.08,-0.24,28.00,-0.42,-0.21,27.00,0.02,-0.07
3707113,27.00,0.12,-0.20,28.00,-0.81,-0.03,27.00,0.05,-0.02
3707173,27.00,-0.05,-0.25,28.00,-1.65,-0.42,27.00,0.01,-0.07
3707234,27.00,0.15,-0.07,28.00,-2.16,-0.36,27.00,0.02,-0.07
3707294,27.00,-0.01,-0.18,28.00,-2.72,-0.32,27.00,-0.04,-0.05
3707354,27.00,0.04,-0.19,28.00,-2.82,-1.00,27.00,-0.01,-0.10
3707414,27.00,-0.12,-0.29,28.00,-2.98,0.37,27.00,-0.05,-0.11
3707474,27.00,-0.11,-0.22,28.00,-3.73,-0.23,27.00,0.02,-0.07
3707534,27.00,-0.01,-0.19,28.00,-3.64,-0.61,27.00,-0.02,-0.01
3707594,27.00,0.08,-0.09,28.00,-4.14,-0.35,27.00,-0.04,-0.02
3707655,27.00,0.02,-0.07,28.00,-3.61,-0.45,27.00,0.01,-0.03
3707715,27.00,-0.10,-0.35,28.00,-3.70,-0.47,27.00,0.04,-0.09
3707775,27.00,0.05,-0.07,28.00,-3.49,-0.08,27.00,0.02,-0.05
3707835,27.00,-0.01,-0.07,28.00,-3.35,-0.22,27.00,-0.01,-0.05
3707895,27.00,0.05,-0.29,28.00,-3.26,-0.22,27.00,0.01,-0.06
3707955,27.00,0.08,-0.15,28.00,-2.57,-0.60,27.00,0.01,-0.05
3708015,27.00,-0.12,-0.30,28.00,-2.21,-0.41,27.00,0.02,-0.03
3708075,27.00,-0.18,-0.05,28.00,-1.82,-0.60,27.00,0.02,0.04
3708136,27.00,0.04,-0.20,28.00,-1.25,-0.35,27.00,-0.02,-0.06
3708196,27.00,0.11,-0.15,28.00,-0.39,-0.98,27.00,-0.04,0.00
3708256,27.00,-0.01,-0.28,28.00,-0.18,-0.68,27.00,-0.01,0.02
3708316,27.00,-0.05,-0.24,28.00,0.48,-0.46,27.00,0.04,-0.00
3708376,27.00,0.10,-0.21,28.00,1.05,-0.06,27.00,-0.01,0.01
3708436,27.00,-0.07,-0.13,28.00,1.66,-0.15,27.00,-0.01,-0.06
3708496,27.00,-0.20,-0.21,28.00,2.41,0.05,27.00,-0.05,-0.04
3708557,27.00,-0.02,-0.07,28.00,2.69,0.24,27.00,-0.07,-0.04
3708617,27.00,-0.08,-0.29,28.00,3.14,-0.33,27.00,-0.02,-0.00
3708677,27.00,-0.08,-0.07,28.00,3.33,-0.32,27.00,-0.08,-0.09
3708737,27.00,0.12,-0.09,28.00,3.73,-0.08,27.00,0.01,-0.11
3708797,27.00,0.10,-0.35,28.00,3.66,0.24,27.00,-0.08,0.03
3708857,27.00,0.04,-0.22,28.00,3.74,-0.43,27.00,0.02,-0.07
3708917,27.00,0.02,-0.15,28.00,3.68,-0.33,27.00,-0.01,-0.04
3708977,27.00,0.01,-0.40,28.00,3.68,-0.26,27.00,-0.04,-0.03
3709038,27.00,0.07,-0.15,28.00,3.57,0.22,27.00,-0.04,0.01
3709098,27.00,-0.08,-0.11,28.00,3.54,0.22,27.00,-0.02,-0.06
3709158,27.00,0.12,-0.11,28.00,3.08,0.51,27.00,0.04,-0.07
3709218,27.00,-0.07,-0.09,28.00,2.76,-0.27,27.00,0.05,-0.11
3709278,27.00,0.07,-0.17,28.00,1.91,-0.17,27.00,0.04,-0.04
3709338,27.00,-0.01,-0.22,28.00,1.47,-0.02,27.00,0.04,0.00
3709398,27.00,0.07,-0.22,28.00,1.11,-0.25,27.00,-0.02,0.07
3709459,27.00,-0.04,-0.28,28.00,0.64,-0.18,27.00,-0.01,0.05
3709519,27.00,-0.02,-0.26,28.00,-0.07,0.01,27.00,0.01,0.00
3709579,27.00,-0.04,-0.07,28.00,-0.83,0.15,27.00,0.02,0.02
3709639,27.00,-0.02,-0.15,28.00,-1.34,-0.31,27.00,0.04,-0.02
3709699,27.00,-0.12,-0.29,28.00,-1.84,-0.09,27.00,-0.02,-0.05
3709759,27.00,-0.02,-0.29,28.00,-2.19,-0.22,27.00,-0.04,0.06
3709819,27.00,-0.08,-0.22,28.00,-2.63,0.04,27.00,-0.02,-0.10
3709879,27.00,0.07,-0.15,28.00,-3.04,-0.22,27.00,-0.01,-0.02
3709940,27.00,-0.10,-0.17,28.00,-3.47,-0.38,27.00,-0.02,-0.02
3710000,27.00,0.04,-0.29,28.00,-3.74,-0.35,27.00,-0.02,-0.06
3710060,27.00,-0.11,-0.46,28.00,-4.01,-0.11,27.00,0.02,0.00
3710120,27.00,-0.07,-0.38,28.00,-3.63,-0.77,27.00,0.01,-0.02
3710180,27.00,-0.08,-0.39,28.00,-3.83,-0.45,27.00,-0.02,-0.07
3710240,27.00,-0.04,-0.23,28.00,-3.67,-0.41,27.00,-0.07,0.05
3710300,27.00,-0.07,-0.28,28.00,-3.41,-0.89,27.00,-0.07,-0.07
3710361,27.00,-0.07,-0.18,28.00,-3.19,-0.65,27.00,-0.02,-0.05
3710421,27.00,0.01,0.04,28.00,-3.11,-0.45,27.00,-0.02,0.01
3710481,27.00,0.14,-0.20,28.00,-2.67,-0.80,27.00,-0.01,-0.03
3710541,27.00,-0.15,-0.11,28.00,-2.10,-0.13,27.00,0.01,0.02
3710601,27.00,0.05,-0.15,28.00,-1.46,0.07,27.00,0.05,-0.03
3710661,27.00,-0.14,-0.24,28.00,-0.90,-0.29,27.00,0.01,-0.02
3710721,27.00,-0.20,-0.13,28.00,-0.51,-0.45,27.00,-0.07,0.00
3710781,27.00,-0.02,-0.26,28.00,0.17,-0.35,27.00,0.01,-0.09
3710842,27.00,0.05,-0.29,28.00,0.96,-0.17,27.00,-0.04,-0.08
3710902,27.00,-0.04,-0.18,28.00,1.58,-0.21,27.00,-0.01,0.02
3710962,27.00,0.02,-0.22,28.00,1.91,0.21,27.00,-0.04,-0.02
3711022,27.00,-0.11,-0.30,28.00,2.29,-0.50,27.00,0.02,-0.01
3711082,27.00,-0.20,-0.30,28.00,2.72,0.33,27.00,-0.02,-0.09
3711142,27.00,0.02,-0.07,28.00,2.92,0.11,27.00,0.02,-0.14
3711202,27.00,-0.04,-0.26,28.00,3.36,-0.36,27.00,-0.02,-0.06
3711263,27.00,0.05,-0.25,28.00,3.77,-0.15,27.00,-0.01,-0.04
3711323,27.00,0.14,-0.22,28.00,3.96,0.17,27.00,0.05,-0.02
3711383,27.00,-0.05,-0.02,28.00,3.98,-0.15,27.00,-0.04,-0.01
3711443,27.00,-0.02,-0.13,28.00,3.57,-0.01,27.00,0.02,-0.06
3711503,27.00,-0.14,-0.20,28.00,3.45,0.25,27.00,0.01,-0.08
3711563,27.00,-0.02,-0.16,28.00,3.54,-0.12,27.00,0.07,0.04
3711623,27.00,0.05,-0.25,28.00,3.29,-0.30,27.00,0.01,-0.07
3711683,27.00,0.07,-0.34,28.00,2.94,0.29,27.00,0.01,-0.03
3711744,27.00,0.04,-0.11,28.00,2.50,0.14,27.00,-0.01,-0.03
3711804,27.00,0.04,-0.29,28.00,1.82,-0.25,27.00,-0.05,-0.07
3711864,27.00,0.10,-0.15,28.00,1.38,0.08,27.00,-0.12,-0.12
3711924,27.00,0.07,-0.26,28.00,0.59,0.54,27.00,-0.04,0.00
3711984,27.00,-0.08,-0.22,28.00,0.10,-0.03,27.00,-0.04,-0.08
3712044,27.00,-0.01,-0.08,28.00,-0.24,-0.07,27.00,-0.07,0.00
3712104,27.00,0.05,-0.15,28.00,-1.12,0.17,27.00,0.05,-0.00
3712165,27.00,0.04,-0.24,28.00,-1.84,0.22,27.00,0.01,-0.08
3712225,27.00,-0.07,-0.23,28.00,-2.31,-0.18,27.00,-0.04,-0.04
3712285,27.00,0.21,-0.14,28.00,-2.54,-0.34,27.00,-0.05,-0.02
3712345,27.00,0.12,-0.21,28.00,-2.94,0.09,27.00,-0.01,-0.04
3712405,27.00,-0.07,-0.29,28.00,-3.23,-0.29,27.00,-0.07,-0.02
3712465,27.00,-0.10,-0.27,28.00,-3.96,-0.50,27.00,0.02,-0.10
3712525,27.00,0.07,-0.17,28.00,-3.83,-0.05,27.00,-0.01,-0.06
3712585,27.00,-0.05,-0.06,28.00,-4.02,-0.44,27.00,-0.04,-0.06
3712646,27.00,-0.12,-0.14,28.00,-3.64,-0.47,27.00,-0.07,-0.03
3712706,27.00,0.02,-0.22,28.00,-3.61,-0.37,27.00,-0.04,-0.04
3712766,27.00,0.05,-0.43,28.00,-3.73,0.07,27.00,-0.05,-0.01
3712826,27.00,0.08,-0.22,28.00,-3.60,-0.40,27.00,-0.05,-0.05
3712886,27.00,0.02,-0.06,28.00,-3.20,-0.44,27.00,0.01,-0.02
3712946,27.00,0.07,-0.15,28.00,-2.67,-0.41,27.00,-0.01,0.01
3713006,27.00,-0.01,-0.31,28.00,-2.07,-0.70,27.00,-0.05,-0.02
3713067,27.00,-0.02,-0.22,28.00,-1.97,-0.71,27.00,-0.07,0.02
3713127,27.00,-0.08,-0.19,28.00,-1.24,-0.29,27.00,-0.01,0.04
3713187,27.00,0.04,-0.39,28.00,-0.67,-0.69,27.00,0.02,-0.01
3713247,27.00,-0.07,-0.19,28.00,-0.02,-0.52,27.00,-0.04,-0.07
3713307,27.00,0.10,-0.09,28.00,0.43,-0.40,27.00,-0.05,-0.05
3713367,27.00,0.04,-0.27,28.00,1.05,-0.25,27.00,-0.05,-0.09
3713427,27.00,-0.18,-0.26,28.00,1.60,-0.30,27.00,-0.02,0.00
3713487,27.00,0.01,-0.21,28.00,2.13,-0.00,27.00,-0.02,-0.06
3713548,27.00,-0.08,-0.31,28.00,2.53,-0.66,27.00,-0.05,-0.03
3713608,27.00,0.05,-0.17,28.00,3.20,-0.16,27.00,0.01,-0.01
3713668,27.00,-0.15,-0.15,28.00,3.51,0.34,27.00,0.07,0.03
3713728,27.00,0.05,-0.19,28.00,3.52,-0.04,27.00,-0.02,-0.04
3713788,27.00,-0.17,-0.22,28.00,3.89,-0.16,27.00,0.01,-0.02
3713848,27.00,0.15,-0.13,28.00,3.83,0.09,27.00,-0.01,-0.03
3713908,27.00,0.10,-0.30,28.00,3.99,0.42,27.00,-0.01,0.04
3713969,27.00,-0.12,-0.20,28.00,3.82,0.25,27.00,0.02,-0.07
3714029,27.00,0.14,-0.18,28.00,3.64,0.45,27.00,0.02,-0.10
3714089,27.00,0.04,-0.01,28.00,3.32,0.17,27.00,-0.04,-0.02
3714149,27.00,0.04,-0.31,28.00,2.81,0.29,27.00,0.01,-0.01
3714209,27.00,0.01,-0.13,28.00,2.86,0.22,27.00,-0.01,-0.07
3714269,27.00,0.10,-0.15,28.00,2.16,0.37,27.00,-0.02,-0.00
3714329,27.00,0.02,-0.23,28.00,1.60,0.21,27.00,-0.07,-0.01
3714390,27.00,-0.04,-0.19,28.00,1.11,0.45,27.00,-0.10,-0.05
3714450,27.00,0.02,-0.18,28.00,0.51,0.28,27.00,-0.02,0.06
3714510,27.00,0.01,-0.29,28.00,0.26,-0.27,27.00,-0.02,0.04
3714570,27.00,-0.05,-0.23,28.00,-0.46,-0.52,27.00,-0.02,-0.04
3714630,27.00,-0.14,-0.24,28.00,-1.09,-0.51,27.00,0.02,-0.02
3714690,27.00,-0.05,-0.29,28.00,-1.56,0.04,27.00,-0.05,-0.02
3714750,27.00,0.04,-0.24,28.00,-2.47,-0.36,27.00,-0.05,-0.12
3714810,27.00,-0.02,-0.17,28.00,-2.62,-0.34,27.00,-0.02,-0.08
3714871,27.00,-0.07,-0.16,28.00,-3.11,-0.19,27.00,0.02,-0.00
3714931,27.00,-0.17,-0.11,28.00,-3.55,-0.03,27.00,0.02,-0.03
3714991,27.00,0.04,-0.18,28.00,-3.83,-0.09,27.00,-0.15,0.01
3715051,27.00,-0.07,-0.11,28.00,-4.02,-0.65,27.00,-0.10,-0.03
3715111,27.00,-0.02,-0.22,28.00,-3.55,-0.76,27.00,0.01,-0.04
3715171,27.00,-0.15,-0.30,28.00,-3.86,-0.68,27.00,0.01,-0.03
3715231,27.00,-0.04,-0.30,28.00,-3.61,-0.33,27.00,-0.05,-0.04
3715292,27.00,0.02,-0.24,28.00,-3.64,0.13,27.00,-0.04,-0.00
3715352,27.00,-0.08,-0.31,28.00,-3.13,-0.29,27.00,0.05,-0.07
3715412,27.00,0.05,-0.18,28.00,-2.92,-0.58,27.00,-0.07,0.04
3715472,27.00,0.14,-0.32,28.00,-2.48,-0.55,27.00,0.02,-0.08
3715532,27.00,-0.10,-0.17,28.00,-2.10,-0.82,27.00,-0.04,-0.00
3715592,27.00,-0.01,-0.12,28.00,-1.46,-0.68,27.00,-0.04,-0.02
3715652,27.00,0.07,-0.26,28.00,-1.24,-0.57,27.00,-0.02,-0.04
3715712,27.00,0.01,-0.14,28.00,-0.56,-0.60,27.00,0.04,-0.05
3715773,27.00,-0.07,-0.19,28.00,0.10,-0.47,27.00,0.10,0.02
3715833,27.00,0.14,-0.20,28.00,0.59,-0.21,27.00,-0.04,-0.05
3715893,27.00,0.01,-0.36,28.00,1.15,-0.05,27.00,-0.02,0.01
3715953,27.00,-0.01,-0.09,28.00,1.94,-0.16,27.00,0.02,0.00
3716013,27.00,0.07,-0.13,28.00,2.48,0.09,27.00,-0.05,-0.03
3716073,27.00,-0.02,-0.27,28.00,2.82,-0.43,27.00,0.04,0.03
3716133,27.00,-0.12,-0.24,28.00,3.25,0.16,27.00,0.02,-0.05
3716194,27.00,-0.02,-0.31,28.00,3.44,-0.15,27.00,-0.07,-0.07
3716254,27.00,-0.07,-0.22,28.00,3.76,-0.17,27.00,0.05,-0.07
3716314,27.00,0.01,0.07,28.00,3.58,-0.31,27.00,-0.04,-0.07
3716374,27.00,-0.10,-0.38,28.00,4.04,0.27,27.00,-0.01,0.01
3716434,27.00,-0.18,-0.18,28.00,4.01,-0.31,27.00,-0.02,-0.03
3716494,27.00,0.01,-0.27,28.00,3.92,-0.11,27.00,0.07,-0.02
3716554,27.00,-0.02,-0.24,28.00,3.82,0.27,27.00,-0.05,-0.03
3716614,27.00,-0.02,-0.41,28.00,3.14,0.07,27.00,0.01,-0.07
3716675,27.00,0.01,-0.18,28.00,3.11,0.09,27.00,0.01,-0.04
3716735,27.00,-0.18,-0.43,28.00,2.51,0.46,27.00,-0.01,-0.02
3716795,27.00,-0.07,-0.27,28.00,2.03,0.51,27.00,0.02,0.02
3716855,27.00,0.04,-0.21,28.00,1.47,0.11,27.00,0.05,-0.03
3716915,27.00,-0.04,-0.25,28.00,1.11,0.07,27.00,-0.02,-0.09
3716975,27.00,-0.04,-0.06,28.00,0.45,-0.16,27.00,-0.08,-0.03
3717035,27.00,0.05,-0.22,28.00,-0.26,-0.23,27.00,0.04,-0.03
3717096,27.00,-0.01,-0.15,28.00,-0.70,-0.48,27.00,0.04,-0.01
3717156,27.00,-0.01,-0.34,28.00,-1.33,-0.04,27.00,-0.02,-0.13
3717216,27.00,-0.11,-0.33,28.00,-2.18,-0.08,27.00,-0.02,0.00
3717276,27.00,0.02,-0.21,28.00,-2.67,-0.21,27.00,0.04,-0.04
3717336,27.00,-0.08,-0.11,28.00,-2.86,-0.24,27.00,-0.02,0.00
3717396,27.00,-0.01,-0.30,28.00,-3.08,-0.41,27.00,0.01,0.02
3717456,27.00,-0.04,-0.03,28.00,-3.36,-0.54,27.00,-0.01,-0.05
3717516,27.00,-0.05,-0.18,28.00,-3.90,-0.29,27.00,-0.02,-0.00
3717577,27.00,0.07,-0.12,28.00,-3.85,-0.34,27.00,-0.04,-0.02
3717637,27.00,-0.21,-0.08,28.00,-3.90,-0.42,27.00,-0.04,0.00
3717697,27.00,0.01,-0.27,28.00,-3.71,-0.47,27.00,0.01,-0.06
3717757,27.00,-0.02,-0.24,28.00,-3.85,-0.42,27.00,0.02,0.11
3717817,27.00,0.05,-0.22,28.00,-3.49,-0.62,27.00,-0.01,0.01
3717877,27.00,-0.20,-0.13,28.00,-3.36,-0.44,27.00,-0.04,-0.01
3717937,27.00,0.07,-0.26,28.00,-2.78,-0.35,27.00,-0.01,-0.07
3717998,27.00,0.02,-0.04,28.00,-2.32,-0.65,27.00,0.01,-0.03
3718058,27.00,0.08,-0.22,28.00,-1.60,-0.65,27.00,-0.01,-0.02
3718118,27.00,-0.02,-0.37,28.00,-1.18,-0.38,27.00,-0.02,0.00
3718178,27.00,-0.10,-0.15,28.00,-0.67,-0.93,27.00,-0.01,-0.02
3718238,27.00,-0.08,-0.30,28.00,-0.12,-0.65,27.00,-0.04,0.02
3718298,27.00,0.07,-0.29,28.00,0.42,-0.34,27.00,-0.07,-0.00
3718358,27.00,-0.07,-0.30,28.00,0.96,-0.08,27.00,0.05,0.00
3718418,27.00,0.02,-0.02,28.00,1.55,0.15,27.00,-0.02,0.00
3718479,27.00,0.11,-0.07,28.00,1.91,-1.02,27.00,-0.07,-0.05
3718539,27.00,0.17,-0.20,28.00,2.51,-0.22,27.00,0.02,-0.02
3718599,27.00,0.07,-0.23,28.00,2.88,-0.27,27.00,0.01,0.01
3718659,27.00,0.04,-0.29,28.00,3.25,-0.52,27.00,-0.01,-0.07
3718719,27.00,0.04,-0.12,28.00,3.76,-0.15,27.00,-0.04,0.02
3718779,27.00,-0.10,-0.27,28.00,3.52,0.24,27.00,-0.05,-0.09
3718839,27.00,0.02,-0.22,28.00,3.51,0.29,27.00,0.02,0.07
3718900,27.00,-0.12,-0.21,28.00,4.11,-0.14,27.00,-0.05,-0.15
3718960,27.00,-0.04,-0.35,28.00,3.77,-0.20,27.00,-0.02,-0.03
3719020,27.00,-0.08,-0.07,28.00,3.86,0.07,27.00,-0.02,-0.10
3719080,27.00,0.08,-0.25,28.00,3.77,-0.76,27.00,-0.01,-0.00
3719140,27.00,0.08,-0.34,28.00,3.20,-0.22,27.00,-0.01,-0.02
3719200,27.00,-0.08,-0.08,28.00,2.57,-0.04,27.00,-0.04,-0.07
3719260,27.00,-0.01,-0.16,28.00,2.29,-0.20,27.00,0.01,-0.07
3719321,27.00,0.05,-0.19,28.00,1.90,0.15,27.00,0.04,-0.07
3719381,27.00,-0.08,-0.22,28.00,1.30,-0.03,27.00,-0.02,-0.08
3719441,27.00,-0.08,-0.21,28.00,0.67,-0.07,27.00,-0.05,-0.10
3719501,27.00,0.15,-0.26,28.00,0.08,-0.48,27.00,0.05,-0.08
3719561,27.00,0.01,-0.24,28.00,-0.51,-0.36,27.00,-0.04,-0.02
3719621,27.00,-0.05,-0.16,28.00,-1.27,-0.33,27.00,-0.01,-0.03
3719681,27.00,0.07,-0.14,28.00,-1.75,-0.15,27.00,0.02,-0.16
3719741,27.00,0.11,-0.25,28.00,-2.25,0.09,27.00,-0.01,0.02
3719802,27.00,-0.15,-0.31,28.00,-2.62,-0.09,27.00,-0.05,-0.10
3719862,27.00,-0.11,-0.33,28.00,-3.08,0.01,27.00,0.10,-0.02
3719922,27.00,0.04,-0.27,28.00,-3.16,-0.23,27.00,0.01,-0.05
3719982,27.00,-0.02,-0.18,28.00,-3.42,-0.60,27.00,-0.04,0.05
3720042,27.00,0.15,-0.15,28.00,-4.11,0.37,27.00,-0.05,-0.08
3720102,27.00,-0.01,-0.34,28.00,-4.01,-0.55,27.00,0.01,-0.03
3720162,27.00,-0.02,-0.15,28.00,-3.76,-0.46,27.00,-0.10,-0.02
3720223,27.00,-0.05,-0.01,28.00,-4.08,-0.21,27.00,0.02,0.04
3720283,27.00,0.07,-0.13,28.00,-3.41,-0.27,27.00,0.02,-0.05
3720343,27.00,-0.02,-0.15,28.00,-3.39,-0.44,27.00,-0.04,-0.06
3720403,27.00,-0.08,-0.33,28.00,-3.27,-0.50,27.00,0.07,0.06
3720463,27.00,0.07,-0.05,28.00,-2.73,-0.50,27.00,-0.07,-0.04
3720523,27.00,-0.08,-0.28,28.00,-2.07,-0.56,27.00,-0.05,-0.04
3720583,27.00,0.01,-0.11,28.00,-1.79,-0.58,27.00,-0.05,-0.07
3720643,27.00,0.01,-0.24,28.00,-0.89,-0.65,27.00,0.01,-0.07
3720704,27.00,-0.12,-0.29,28.00,-0.62,-0.51,27.00,-0.01,-0.07
3720764,27.00,0.07,0.07,28.00,0.08,-0.47,27.00,-0.01,-0.07
3720824,27.00,-0.15,-0.08,28.00,0.68,-0.21,27.00,-0.05,-0.05
3720884,27.00,-0.11,-0.25,28.00,1.06,-0.26,27.00,-0.04,0.02
3720944,27.00,0.20,-0.01,28.00,2.07,-0.64,27.00,-0.01,-0.03
3721004,27.00,-0.05,-0.36,28.00,2.10,0.03,27.00,0.02,0.00
3721064,27.00,-0.04,-0.10,28.00,2.62,-0.00,27.00,0.01,-0.00
3721125,27.00,0.04,-0.27,28.00,2.91,0.54,27.00,-0.01,-0.02
3721185,27.00,-0.05,-0.11,28.00,3.10,0.37,27.00,-0.04,0.01
3721245,27.00,0.07,-0.16,28.00,3.99,0.13,27.00,0.01,0.03
3721305,27.00,-0.15,-0.19,28.00,3.93,0.29,27.00,0.07,-0.03
3721365,27.00,-0.07,-0.29,28.00,3.95,0.00,27.00,-0.05,-0.07
3721425,27.00,0.11,-0.15,28.00,3.57,0.20,27.00,0.02,0.00
3721485,27.00,-0.05,0.05,28.00,3.92,-0.07,27.00,-0.01,-0.07
3721545,27.00,-0.02,-0.22,28.00,3.39,0.28,27.00,0.04,-0.02
3721606,27.00,-0.01,-0.25,28.00,3.13,-0.16,27.00,0.04,-0.00
3721666,27.00,-0.12,-0.05,28.00,2.67,-0.33,27.00,-0.07,-0.03
3721726,27.00,0.08,-0.15,28.00,2.29,0.17,27.00,0.01,-0.00
3721786,27.00,-0.08,0.03,28.00,2.12,-0.23,27.00,0.01,0.01
3721846,27.00,0.15,-0.15,28.00,1.50,0.02,27.00,-0.01,-0.00
3721906,27.00,0.08,-0.25,28.00,0.86,0.54,27.00,-0.05,-0.00
3721966,27.00,-0.05,-0.17,28.00,0.30,-0.18,27.00,0.07,0.02
3722027,27.00,-0.02,-0.21,28.00,-0.30,-0.24,27.00,-0.01,-0.07
3722087,27.00,-0.10,-0.06,28.00,-0.65,-0.15,27.00,-0.02,-0.07
3722147,27.00,-0.02,-0.30,28.00,-1.47,0.24,27.00,-0.02,-0.04
3722207,27.00,0.01,-0.20,28.00,-1.85,0.11,27.00,-0.04,0.00
3722267,27.00,-0.14,-0.31,28.00,-2.23,0.00,27.00,-0.02,-0.06
3722327,27.00,0.02,-0.07,28.00,-2.88,0.30,27.00,0.02,0.00
3722387,27.00,-0.07,-0.21,28.00,-3.32,-0.00,27.00,-0.01,-0.02
3722447,27.00,0.11,-0.18,28.00,-3.71,-0.20,27.00,-0.01,-0.03
3722508,27.00,0.18,-0.21,28.00,-3.85,-0.02,27.00,0.01,0.07
3722568,27.00,0.07,-0.07,28.00,-3.60,-1.12,27.00,0.10,-0.07
3722628,27.00,0.05,-0.28,28.00,-3.82,-0.53,27.00,-0.10,0.01
3722688,27.00,-0.17,-0.14,28.00,-3.66,-0.44,27.00,-0.05,0.05
3722748,27.00,0.17,-0.16,28.00,-3.88,-0.22,27.00,-0.02,-0.08
3722808,27.00,-0.08,-0.15,28.00,-3.33,-0.36,27.00,-0.02,-0.03
3722868,27.00,0.10,-0.09,28.00,-3.26,-0.45,27.00,-0.01,-0.04
3722929,27.00,-0.05,-0.27,28.00,-2.69,-0.04,27.00,-0.04,-0.07
3722989,27.00,0.18,0.03,28.00,-2.54,-0.42,27.00,-0.05,-0.07
3723049,27.00,-0.10,-0.20,28.00,-1.78,-0.49,27.00,-0.02,-0.00
3723109,27.00,-0.02,-0.28,28.00,-1.44,-0.22,27.00,-0.01,-0.19
3723169,27.00,0.05,-0.06,28.00,-0.77,-0.75,27.00,0.01,-0.10
3723229,27.00,0.17,-0.22,28.00,-0.18,-0.53,27.00,0.02,-0.01
3723289,27.00,-0.17,-0.21,28.00,0.36,-0.14,27.00,-0.07,-0.00
3723349,27.00,0.05,-0.21,28.00,0.93,-0.59,27.00,0.07,-0.05
3723410,27.00,0.20,-0.21,28.00,1.55,-0.47,27.00,-0.02,0.00
3723470,27.00,0.08,-0.00,28.00,2.06,0.48,27.00,0.04,-0.08
3723530,27.00,0.04,-0.20,28.00,2.26,0.61,27.00,-0.04,-0.08
3723590,27.00,0.17,-0.01,28.00,2.84,-0.00,27.00,-0.02,-0.05
3723650,27.00,0.08,-0.36,28.00,3.30,-0.10,27.00,-0.02,0.04
3723710,27.00,0.04,-0.14,28.00,3.39,-0.07,27.00,-0.02,0.01
3723770,27.00,0.08,-0.09,28.00,3.77,-0.15,27.00,-0.02,-0.03
3723831,27.00,-0.20,-0.28,28.00,3.79,0.08,27.00,-0.02,-0.07
3723891,27.00,0.02,-0.26,28.00,3.82,0.15,27.00,-0.05,-0.02
3723951,27.00,-0.02,0.04,28.00,3.96,-0.74,27.00,0.01,-0.00
3724011,27.00,0.12,-0.22,28.00,3.67,-0.19,27.00,0.05,0.02
3724071,27.00,0.12,-0.29,28.00,3.44,-0.01,27.00,-0.02,-0.08
3724131,27.00,0.02,-0.10,28.00,2.95,-0.07,27.00,0.01,-0.07
3724191,27.00,0.05,-0.24,28.00,2.86,0.10,27.00,0.02,-0.07
3724251,27.00,0.21,-0.34,28.00,2.00,-0.07,27.00,0.01,0.02
3724312,27.00,0.21,-0.31,28.00,1.74,0.62,27.00,0.02,-0.02
3724372,27.00,0.01,-0.08,28.00,1.03,0.54,27.00,0.02,-0.06
3724432,27.00,-0.08,-0.15,28.00,0.61,0.76,27.00,0.01,0.00
3724492,27.00,-0.10,-0.26,28.00,0.11,0.08,27.00,0.04,-0.17
3724552,27.00,-0.04,-0.15,28.00,-0.42,-0.39,27.00,-0.01,-0.06
3724612,27.00,-0.02,-0.17,28.00,-0.61,-0.10,27.00,0.02,-0.04
3724672,27.00,-0.17,-0.15,28.00,-1.37,-0.37,27.00,-0.01,-0.06
3724733,27.00,0.02,-0.29,28.00,-2.21,-0.42,27.00,-0.11,-0.08
3724793,27.00,0.08,-0.27,28.00,-2.40,-0.09,27.00,0.07,0.01
3724853,27.00,0.02,-0.19,28.00,-2.70,-0.48,27.00,0.01,-0.02
3724913,27.00,-0.05,-0.26,28.00,-3.16,0.08,27.00,0.02,0.01
3724973,27.00,0.07,-0.33,28.00,-3.58,-0.07,27.00,0.04,-0.01
3725033,27.00,0.02,-0.21,28.00,-3.79,-0.36,27.00,0.05,-0.03
3725093,27.00,0.07,-0.25,28.00,-3.79,-0.42,27.00,-0.04,-0.03
3725154,27.00,0.02,-0.29,28.00,-3.82,-0.32,27.00,-0.04,-0.01
3725214,27.00,0.07,-0.20,28.00,-3.68,-0.45,27.00,0.05,-0.00
3725274,27.00,0.01,-0.31,28.00,-3.38,-0.38,27.00,-0.02,0.03
3725334,27.00,0.01,-0.10,28.00,-3.04,0.11,27.00,0.04,0.07
3725394,27.00,-0.02,-0.22,28.00,-3.04,-0.22,27.00,0.02,-0.08
3725454,27.00,-0.14,-0.22,28.00,-2.57,-0.56,27.00,0.01,-0.01
3725514,27.00,0.12,-0.05,28.00,-2.29,-0.80,27.00,0.02,-0.01
3725574,27.00,-0.02,-0.06,28.00,-1.65,-0.70,27.00,0.01,-0.05
3725635,27.00,-0.01,-0.24,28.00,-1.24,-0.90,27.00,0.02,-0.02
3725695,27.00,-0.26,-0.38,28.00,-0.33,-0.71,27.00,0.01,-0.01
3725755,27.00,-0.10,-0.21,28.00,-0.14,-0.41,27.00,-0.01,-0.05
3725815,27.00,0.04,-0.16,28.00,0.37,-0.32,27.00,-0.02,-0.05
3725875,27.00,-0.02,-0.18,28.00,0.95,-0.35,27.00,0.07,-0.06
3725935,27.00,-0.14,-0.15,28.00,1.72,-0.30,27.00,0.02,-0.00
3725995,27.00,0.08,-0.25,28.00,2.41,0.16,27.00,-0.02,0.02
3726056,27.00,-0.01,0.09,28.00,2.67,-0.07,27.00,-0.02,0.04
3726116,27.00,0.05,-0.15,28.00,3.20,-0.81,27.00,0.07,-0.07
3726176,27.00,-0.02,-0.28,28.00,3.51,-0.44,27.00,0.05,0.00
3726236,27.00,-0.04,-0.32,28.00,3.52,-0.02,27.00,-0.05,-0.07
3726296,27.00,-0.02,-0.25,28.00,3.54,-0.55,27.00,-0.08,-0.07
3726356,27.00,-0.11,-0.04,28.00,3.82,-0.56,27.00,-0.01,0.02
3726416,27.00,0.05,-0.12,28.00,3.98,-0.32,27.00,-0.07,-0.07
3726476,27.00,0.07,-0.14,28.00,3.79,0.09,27.00,-0.05,-0.08
3726537,27.00,-0.07,-0.04,28.00,3.57,-0.25,27.00,-0.05,-0.05
3726597,27.00,-0.07,-0.15,28.00,3.54,0.17,27.00,0.04,-0.13
3726657,27.00,-0.11,-0.36,28.00,3.00,0.04,27.00,0.05,-0.02
3726717,27.00,0.07,-0.22,28.00,2.47,-0.25,27.00,-0.04,0.01
3726777,27.00,0.11,-0.16,28.00,2.16,0.16,27.00,-0.01,0.02
3726837,27.00,-0.11,-0.22,28.00,1.75,0.00,27.00,-0.02,-0.08
3726897,27.00,0.04,-0.15,28.00,1.12,-0.23,27.00,0.01,-0.05
3726958,27.00,0.05,-0.09,28.00,0.56,0.03,27.00,0.05,-0.02
3727018,27.00,-0.05,-0.27,28.00,0.04,-0.11,27.00,0.01,-0.04
3727078,27.00,-0.04,-0.33,28.00,-0.43,-0.19,27.00,-0.08,-0.03
3727138,27.00,-0.04,-0.07,28.00,-1.25,-0.42,27.00,0.02,-0.15
3727198,27.00,0.10,-0.14,28.00,-1.60,-0.24,27.00,-0.02,-0.11
3727258,27.00,-0.12,-0.29,28.00,-2.35,0.33,27.00,-0.02,-0.08
3727318,27.00,-0.08,-0.21,28.00,-2.82,0.01,27.00,-0.05,-0.00
3727378,27.00,0.07,-0.21,28.00,-3.20,-0.37,27.00,-0.04,0.04
3727439,27.00,-0.07,-0.15,28.00,-3.36,-0.42,27.00,0.02,0.01
3727499,27.00,-0.05,-0.16,28.00,-3.80,-0.45,27.00,0.01,-0.05
3727559,27.00,-0.05,-0.12,28.00,-3.99,-0.13,27.00,0.04,-0.09
3727619,27.00,-0.01,-0.23,28.00,-3.74,-0.49,27.00,-0.07,-0.04
3727679,27.00,0.04,-0.08,28.00,-3.64,-0.39,27.00,-0.01,-0.01
3727739,27.00,0.08,-0.13,28.00,-3.52,-0.20,27.00,-0.05,-0.02
3727799,27.00,0.01,-0.12,28.00,-3.58,-0.49,27.00,-0.01,-0.04
3727860,27.00,0.08,-0.16,28.00,-3.19,-0.78,27.00,0.02,-0.04
3727920,27.00,-0.20,-0.24,28.00,-2.94,-0.47,27.00,-0.05,-0.10
3727980,27.00,0.02,-0.05,28.00,-2.40,-0.45,27.00,0.01,-0.06
3728040,27.00,0.02,-0.10,28.00,-1.93,-0.43,27.00,0.01,-0.08
3728100,27.00,-0.01,-0.21,28.00,-1.69,-0.58,27.00,-0.02,-0.04
3728160,27.00,-0.12,-0.29,28.00,-1.06,-0.39,27.00,-0.04,-0.05
3728220,27.00,0.23,-0.19,28.00,-0.43,-0.69,27.00,-0.04,-0.03
3728280,27.00,-0.07,-0.03,28.00,0.17,-0.24,27.00,-0.01,0.00
3728341,27.00,0.08,-0.22,28.00,0.81,-0.16,27.00,-0.04,-0.06
3728401,27.00,0.07,-0.34,28.00,1.34,0.11,27.00,0.02,-0.05
3728461,27.00,-0.15,-0.40,28.00,1.88,0.28,27.00,-0.01,-0.07
3728521,27.00,-0.10,-0.19,28.00,2.40,-0.15,27.00,0.05,0.06
3728581,27.00,-0.07,-0.35,28.00,2.56,-0.14,27.00,-0.02,-0.02
3728641,27.00,-0.08,-0.33,28.00,3.20,-0.28,27.00,-0.02,-0.03
3728701,27.00,0.01,-0.22,28.00,3.44,-0.32,27.00,0.01,-0.02
3728762,27.00,0.08,-0.12,28.00,3.51,0.15,27.00,-0.05,-0.01
3728822,27.00,-0.01,-0.26,28.00,3.89,0.05,27.00,-0.01,-0.06
3728882,27.00,0.07,-0.15,28.00,4.11,-0.32,27.00,0.01,-0.04
3728942,27.00,-0.04,-0.21,28.00,3.79,-0.05,27.00,-0.08,-0.02
3729002,27.00,0.08,-0.10,28.00,3.55,-0.47,27.00,0.02,-0.05
3729062,27.00,-0.10,-0.19,28.00,3.45,-0.40,27.00,-0.02,0.05
3729122,27.00,0.21,-0.20,28.00,3.19,0.14,27.00,0.04,-0.03
3729182,27.00,-0.05,-0.22,28.00,2.63,0.12,27.00,-0.01,-0.02
3729243,27.00,0.11,-0.19,28.00,2.25,-0.23,27.00,-0.04,-0.08
3729303,27.00,0.10,-0.24,28.00,2.06,-0.39,27.00,-0.04,-0.05
3729363,27.00,0.02,-0.03,28.00,1.36,-0.15,27.00,0.02,0.01
3729423,27.00,-0.04,-0.22,28.00,0.62,-0.00,27.00,0.05,-0.04
3729483,27.00,-0.07,-0.26,28.00,0.20,-0.19,27.00,-0.04,-0.14
3729543,27.00,-0.11,-0.26,28.00,-0.11,-0.18,27.00,-0.08,-0.10
3729603,27.00,0.23,-0.04,28.00,-1.09,-0.22,27.00,0.01,-0.02
3729664,27.00,0.05,-0.24,28.00,-1.43,-0.51,27.00,-0.01,-0.00
3729724,27.00,-0.02,-0.03,28.00,-2.03,-0.39,27.00,0.01,0.03
3729784,27.00,0.04,-0.13,28.00,-2.41,-0.16,27.00,0.04,-0.02
3729844,27.00,-0.04,-0.10,28.00,-3.03,0.13,27.00,-0.10,-0.10
3729904,27.00,0.02,-0.13,28.00,-3.19,-0.40,27.00,-0.02,-0.05
3729964,27.00,0.02,-0.12,28.00,-3.58,-0.44,27.00,0.04,-0.05
3730024,27.00,0.14,-0.11,28.00,-3.77,-0.46,27.00,0.01,-0.05
3730085,27.00,-0.01,-0.11,28.00,-3.86,-0.20,27.00,-0.02,-0.09
3730145,27.00,-0.08,-0.36,28.00,-3.95,-0.27,27.00,0.04,0.03
3730205,27.00,0.08,-0.28,28.00,-3.95,-0.22,27.00,0.04,-0.07
3730265,27.00,-0.04,-0.16,28.00,-4.02,-0.08,27.00,0.04,-0.02
3730325,27.00,-0.02,-0.07,28.00,-3.33,-0.16,27.00,-0.02,-0.09
3730385,27.00,0.08,-0.06,28.00,-3.42,-0.33,27.00,0.02,-0.02
3730445,27.00,-0.14,-0.13,28.00,-2.78,-0.59,27.00,-0.05,0.00
3730505,27.00,-0.23,-0.26,28.00,-2.40,-0.51,27.00,0.02,0.00
3730566,27.00,0.04,-0.15,28.00,-1.82,-0.15,27.00,-0.02,-0.05
3730626,27.00,0.08,-0.32,28.00,-1.28,-0.83,27.00,0.04,-0.00
3730686,27.00,-0.10,-0.14,28.00,-0.81,-0.77,27.00,-0.01,0.07
3730746,27.00,-0.05,-0.36,28.00,-0.01,-0.69,27.00,-0.02,0.02
3730806,27.00,-0.01,-0.31,28.00,0.48,-0.36,27.00,-0.02,0.05
3730866,27.00,0.04,-0.09,28.00,1.00,0.44,27.00,0.01,-0.08
3730926,27.00,0.01,-0.13,28.00,1.43,-0.00,27.00,0.02,0.01
3730986,27.00,-0.04,-0.09,28.00,1.84,-0.41,27.00,-0.02,-0.05
3731047,27.00,0.08,-0.18,28.00,2.47,-0.24,27.00,0.02,-0.01
3731107,27.00,0.07,-0.07,28.00,3.04,0.28,27.00,-0.02,-0.01
3731167,27.00,-0.17,-0.25,28.00,3.04,0.49,27.00,-0.04,-0.10
3731227,27.00,0.08,-0.19,28.00,3.71,0.11,27.00,-0.04,-0.07
3731287,27.00,0.10,-0.04,28.00,3.98,-0.34,27.00,0.02,-0.03
3731347,27.00,0.11,-0.26,28.00,3.85,0.06,27.00,-0.07,0.01
3731407,27.00,0.02,-0.33,28.00,3.85,0.10,27.00,0.07,-0.02
3731468,27.00,0.01,-0.29,28.00,3.88,0.07,27.00,0.08,0.01
3731528,27.00,-0.08,-0.26,28.00,3.49,0.02,27.00,-0.10,-0.02
3731588,27.00,-0.23,-0.25,28.00,3.29,0.25,27.00,-0.05,-0.03
3731648,27.00,-0.08,-0.20,28.00,2.92,0.26,27.00,-0.02,-0.08
3731708,27.00,-0.17,-0.29,28.00,2.48,0.32,27.00,-0.04,-0.03
3731768,27.00,-0.10,-0.28,28.00,2.19,-0.40,27.00,-0.04,-0.00
3731828,27.00,-0.11,-0.31,28.00,1.59,0.13,27.00,-0.07,-0.01
3731889,27.00,-0.02,-0.17,28.00,1.18,-0.33,27.00,0.02,-0.03
3731949,27.00,-0.10,-0.26,28.00,0.46,0.32,27.00,0.04,0.02
3732009,27.00,-0.04,-0.22,28.00,0.02,-0.31,27.00,0.01,-0.04
3732069,27.00,-0.01,-0.22,28.00,-0.58,-0.23,27.00,-0.07,-0.07
3732129,27.00,-0.05,-0.24,28.00,-0.87,0.01,27.00,-0.07,0.00
3732189,27.00,0.07,-0.20,28.00,-1.78,-0.10,27.00,0.04,-0.05
3732249,27.00,0.02,0.01,28.00,-2.26,-0.70,27.00,-0.08,-0.02
3732309,27.00,-0.04,-0.18,28.00,-2.54,-0.19,27.00,0.01,-0.09
3732370,27.00,-0.11,-0.30,28.00,-2.94,-0.31,27.00,-0.01,-0.02
3732430,27.00,0.07,-0.08,28.00,-3.33,-0.22,27.00,-0.10,-0.06
3732490,27.00,-0.10,-0.15,28.00,-3.80,0.20,27.00,-0.01,0.02
3732550,27.00,-0.02,-0.00,28.00,-3.83,-0.55,27.00,-0.02,-0.07
3732610,27.00,0.10,-0.20,28.00,-3.90,-0.49,27.00,-0.02,-0.03
3732670,27.00,-0.12,-0.34,28.00,-3.93,-0.62,27.00,-0.01,-0.07
3732730,27.00,-0.10,-0.24,28.00,-3.55,0.07,27.00,-0.01,-0.07
3732791,27.00,-0.08,-0.28,28.00,-3.80,-0.37,27.00,0.02,-0.05
3732851,27.00,-0.02,-0.27,28.00,-3.33,-0.21,27.00,-0.01,-0.02
3732911,27.00,-0.14,-0.24,28.00,-3.01,-0.43,27.00,0.05,-0.08
3732971,27.00,-0.11,-0.22,28.00,-2.44,-0.02,27.00,0.01,-0.06
3733031,27.00,-0.07,-0.37,28.00,-2.19,-1.07,27.00,0.04,-0.01
3733091,27.00,-0.05,-0.17,28.00,-1.58,-0.42,27.00,0.01,-0.00
3733151,27.00,0.01,-0.07,28.00,-1.16,-0.67,27.00,0.02,-0.02
3733211,27.00,-0.05,-0.31,28.00,-0.62,-0.30,27.00,0.01,0.07
3733272,27.00,0.07,-0.23,28.00,0.02,-0.31,27.00,0.02,-0.03
3733332,27.00,0.02,-0.20,28.00,0.71,-0.01,27.00,-0.01,0.00
3733392,27.00,-0.05,-0.22,28.00,1.21,-0.30,27.00,-0.02,-0.06
3733452,27.00,0.01,-0.21,28.00,1.78,-0.51,27.00,0.04,0.03
3733512,27.00,-0.01,-0.34,28.00,2.51,-0.01,27.00,-0.11,-0.07
3733572,27.00,0.08,-0.25,28.00,2.76,-0.48,27.00,0.02,-0.03
3733632,27.00,0.01,-0.10,28.00,3.26,0.11,27.00,0.02,0.05
3733693,27.00,0.02,-0.44,28.00,3.32,0.13,27.00,-0.01,-0.00
3733753,27.00,0.05,-0.14,28.00,3.68,0.38,27.00,0.02,-0.04
3733813,27.00,-0.01,-0.29,28.00,3.99,0.02,27.00,0.04,-0.00
3733873,27.00,0.14,-0.04,28.00,4.02,0.13,27.00,0.01,-0.02
3733933,27.00,-0.14,-0.19,28.00,3.93,-0.27,27.00,-0.02,-0.09
3733993,27.00,0.02,-0.22,28.00,3.74,-0.07,27.00,0.05,0.00
3734053,27.00,-0.15,-0.27,28.00,3.57,-0.25,27.00,0.04,-0.03
3734113,27.00,-0.17,-0.13,28.00,3.20,0.07,27.00,0.02,-0.08
3734174,27.00,0.05,-0.06,28.00,2.69,0.31,27.00,0.01,-0.04
3734234,27.00,0.15,-0.25,28.00,2.25,0.29,27.00,-0.04,-0.03
3734294,27.00,0.36,-0.12,28.00,1.78,0.54,27.00,0.05,-0.05
3734354,27.00,0.02,-0.08,28.00,1.49,0.25,27.00,-0.05,-0.01
3734414,27.00,0.02,-0.17,28.00,0.90,0.12,27.00,0.02,-0.11
3734474,27.00,-0.02,-0.29,28.00,0.36,0.20,27.00,0.05,-0.05
3734534,27.00,0.10,-0.15,28.00,-0.34,-0.05,27.00,-0.04,-0.07
3734595,27.00,0.11,-0.16,28.00,-0.81,-0.66,27.00,-0.02,-0.03
3734655,27.00,0.08,-0.15,28.00,-1.47,-0.02,27.00,-0.07,-0.11
3734715,27.00,0.20,-0.27,28.00,-1.84,-0.54,27.00,-0.14,-0.02
3734775,27.00,0.01,-0.11,28.00,-2.53,-0.41,27.00,-0.07,-0.15
3734835,27.00,0.01,-0.13,28.00,-2.60,-0.34,27.00,0.01,-0.04
3734895,27.00,-0.02,0.00,28.00,-3.01,0.25,27.00,0.01,-0.03
3734955,27.00,-0.02,-0.13,28.00,-3.30,-0.40,27.00,0.02,-0.07
3735015,27.00,-0.01,-0.17,28.00,-3.48,-0.22,27.00,0.07,0.01
3735076,27.00,0.07,-0.17,28.00,-3.95,-0.60,27.00,-0.05,-0.00
3735136,27.00,-0.01,-0.16,28.00,-3.77,-0.52,27.00,-0.04,0.07
3735196,27.00,0.24,-0.15,28.00,-3.80,-0.28,27.00,0.02,-0.00
3735256,27.00,-0.11,-0.28,28.00,-3.70,-0.59,27.00,0.01,-0.03
3735316,27.00,0.08,-0.31,28.00,-3.55,-0.41,27.00,-0.02,-0.05
3735376,27.00,-0.10,-0.20,28.00,-3.19,-0.81,27.00,0.07,0.03
3735436,27.00,0.04,-0.22,28.00,-2.50,-0.46,27.00,0.05,0.02
3735497,27.00,0.08,-0.19,28.00,-2.38,-0.07,27.00,0.07,-0.02
3735557,27.00,-0.20,-0.21,28.00,-1.88,-0.35,27.00,-0.01,-0.03
3735617,27.00,0.01,-0.08,28.00,-1.12,-0.75,27.00,0.02,-0.05
3735677,27.00,0.01,-0.17,28.00,-0.77,-0.46,27.00,-0.04,-0.07
3735737,27.00,-0.04,-0.22,28.00,-0.05,-0.64,27.00,-0.04,-0.04
3735797,27.00,0.04,-0.29,28.00,0.45,-0.43,27.00,0.04,-0.10
3735857,27.00,0.04,-0.10,28.00,0.78,0.11,27.00,-0.05,-0.09
3735917,27.00,-0.11,-0.23,28.00,1.30,-0.35,27.00,-0.04,-0.10
3735978,27.00,-0.14,-0.30,28.00,1.94,-0.27,27.00,-0.02,-0.07
3736038,27.00,-0.07,-0.22,28.00,2.62,-0.17,27.00,0.02,-0.05
3736098,27.00,-0.01,-0.23,28.00,2.91,-0.69,27.00,-0.11,-0.04
3736158,27.00,-0.02,-0.16,28.00,3.35,-0.22,27.00,-0.02,-0.02
3736218,27.00,-0.01,-0.25,28.00,3.74,-0.03,27.00,0.02,0.06
3736278,27.00,-0.02,-0.18,28.00,3.16,0.40,27.00,0.01,-0.02
3736338,27.00,0.02,-0.12,28.00,3.92,-0.12,27.00,-0.02,0.02
3736399,27.00,-0.11,-0.21,28.00,3.96,-0.45,27.00,-0.07,-0.03
3736459,27.00,0.10,-0.24,28.00,4.01,-0.04,27.00,-0.04,-0.06
3736519,27.00,-0.01,-0.08,28.00,3.58,-0.07,27.00,-0.05,-0.06
3736579,27.00,0.07,-0.20,28.00,3.63,-0.08,27.00,0.04,-0.05
3736639,27.00,-0.01,-0.29,28.00,3.20,0.50,27.00,0.04,-0.00
3736699,27.00,0.04,-0.16,28.00,2.53,0.06,27.00,0.04,-0.12
3736759,27.00,0.08,-0.11,28.00,2.28,0.11,27.00,-0.05,-0.00
3736820,27.00,0.11,-0.07,28.00,1.68,0.43,27.00,0.04,-0.10
3736880,27.00,-0.08,-0.17,28.00,1.19,-0.11,27.00,0.01,-0.06
3736940,27.00,0.12,-0.23,28.00,0.83,0.36,27.00,-0.01,-0.06
3737000,27.00,-0.04,-0.16,28.00,0.23,0.03,27.00,-0.08,-0.12
3737060,27.00,-0.04,-0.12,28.00,-0.49,-0.22,27.00,-0.05,-0.06
3737120,27.00,-0.07,-0.27,28.00,-1.02,-0.19,27.00,0.01,-0.06
3737180,27.00,-0.14,-0.28,28.00,-1.46,-0.46,27.00,0.04,0.02
3737240,27.00,0.04,-0.17,28.00,-2.28,0.34,27.00,-0.02,-0.13
3737301,27.00,-0.14,-0.21,28.00,-2.42,-0.23,27.00,-0.04,-0.03
3737361,27.00,-0.02,-0.22,28.00,-3.17,-0.28,27.00,0.02,0.02
3737421,27.00,-0.04,-0.21,28.00,-3.19,-0.49,27.00,-0.08,-0.07
3737481,27.00,0.15,-0.11,28.00,-3.64,-0.47,27.00,-0.01,-0.09
3737541,27.00,0.02,-0.17,28.00,-4.10,-0.19,27.00,0.02,-0.10
3737601,27.00,-0.07,-0.03,28.00,-3.89,-0.39,27.00,0.01,-0.09
3737661,27.00,-0.18,-0.35,28.00,-3.64,-0.36,27.00,0.01,-0.06
3737722,27.00,-0.05,-0.15,28.00,-3.79,-0.16,27.00,-0.11,0.02
3737782,27.00,-0.02,-0.07,28.00,-3.49,-0.68,27.00,-0.02,-0.00
3737842,27.00,-0.02,-0.20,28.00,-3.36,-0.58,27.00,-0.02,-0.05
3737902,27.00,0.12,-0.29,28.00,-2.91,-0.88,27.00,-0.01,-0.00
3737962,27.00,0.04,-0.14,28.00,-2.62,-0.48,27.00,-0.01,-0.03
3738022,27.00,-0.10,-0.03,28.00,-2.23,-0.39,27.00,-0.05,0.07
3738082,27.00,0.11,-0.14,28.00,-1.69,-0.64,27.00,-0.01,0.03
3738142,27.00,-0.10,-0.36,28.00,-0.96,-0.61,27.00,0.04,0.01
3738203,27.00,0.04,-0.16,28.00,-0.58,-0.69,27.00,-0.02,-0.01
3738263,27.00,-0.07,-0.15,28.00,0.05,-0.44,27.00,-0.10,0.02
3738323,27.00,0.10,-0.07,28.00,0.53,-0.04,27.00,-0.07,-0.08
3738383,27.00,0.21,-0.30,28.00,1.14,0.15,27.00,-0.02,-0.04
3738443,27.00,0.05,-0.06,28.00,1.53,0.11,27.00,-0.07,-0.05
3738503,27.00,0.11,-0.22,28.00,2.07,-0.07,27.00,-0.02,-0.06
3738563,27.00,-0.04,-0.26,28.00,2.75,-0.18,27.00,0.02,-0.05
3738624,27.00,0.07,-0.31,28.00,2.81,0.34,27.00,0.02,-0.01
3738684,27.00,0.04,-0.33,28.00,3.07,-0.30,27.00,-0.04,-0.01
3738744,27.00,0.02,-0.23,28.00,3.66,0.22,27.00,-0.04,0.03
3738804,27.00,-0.02,-0.15,28.00,3.77,-0.11,27.00,0.05,-0.02
3738864,27.00,0.04,-0.22,28.00,4.01,-0.25,27.00,-0.01,-0.05
3738924,27.00,-0.07,-0.24,28.00,3.85,0.18,27.00,-0.07,-0.08
3738984,27.00,0.18,-0.19,28.00,3.90,-0.29,27.00,0.04,0.11
3739044,27.00,0.02,-0.16,28.00,3.36,-0.37,27.00,-0.01,0.07
3739105,27.00,0.01,-0.19,28.00,3.29,0.00,27.00,-0.05,-0.05
3739165,27.00,-0.02,-0.10,28.00,3.19,-0.52,27.00,-0.04,-0.01
3739225,27.00,-0.08,-0.26,28.00,2.54,-0.14,27.00,-0.01,0.04
3739285,27.00,-0.08,-0.22,28.00,1.88,-0.00,27.00,0.01,-0.00
3739345,27.00,-0.12,-0.24,28.00,1.55,0.12,27.00,-0.07,-0.03
3739405,27.00,0.15,-0.30,28.00,0.61,0.33,27.00,0.05,-0.04
3739465,27.00,0.07,-0.26,28.00,0.53,-0.49,27.00,0.01,-0.02
3739526,27.00,0.01,-0.15,28.00,-0.02,-0.14,27.00,-0.01,0.01
3739586,27.00,0.12,-0.23,28.00,-0.53,-0.21,27.00,0.01,0.00
3739646,27.00,0.08,-0.29,28.00,-1.31,-0.40,27.00,0.04,-0.03
3739706,27.00,-0.10,-0.03,28.00,-1.87,-0.10,27.00,-0.01,-0.03
3739766,27.00,0.05,-0.20,28.00,-2.40,0.24,27.00,0.05,-0.08
3739826,27.00,-0.07,-0.28,28.00,-2.79,-0.11,27.00,0.04,-0.01
3739886,27.00,0.08,-0.05,28.00,-3.13,-0.18,27.00,0.08,-0.05
3739946,27.00,0.07,-0.22,28.00,-3.25,-0.40,27.00,-0.02,-0.08
3740007,27.00,0.11,-0.19,28.00,-3.64,-0.06,27.00,0.02,-0.08
3740067,27.00,0.01,-0.27,28.00,-3.52,-0.22,27.00,0.01,-0.11
3740127,27.00,-0.05,-0.00,28.00,-3.79,-0.07,27.00,0.01,-0.06
3740187,27.00,-0.10,-0.24,28.00,-3.96,-0.09,27.00,-0.05,-0.06
3740247,27.00,-0.02,-0.31,28.00,-3.89,-0.17,27.00,-0.01,-0.00
3740307,27.00,-0.08,-0.24,28.00,-3.61,-0.53,27.00,-0.01,-0.04
3740367,27.00,-0.12,-0.23,28.00,-3.11,-0.38,27.00,-0.05,-0.00
3740428,27.00,-0.01,-0.24,28.00,-3.00,-0.24,27.00,-0.02,-0.06
3740488,27.00,0.05,-0.07,28.00,-2.38,-0.23,27.00,-0.01,-0.01
3740548,27.00,-0.11,-0.26,28.00,-2.09,-0.22,27.00,0.01,-0.07
3740608,27.00,0.05,-0.28,28.00,-1.53,-0.80,27.00,0.04,-0.05
3740668,27.00,-0.01,-0.22,28.00,-1.09,-0.73,27.00,0.08,0.04
3740728,27.00,-0.08,-0.29,28.00,-0.10,-0.71,27.00,-0.02,0.00
3740788,27.00,0.02,-0.13,28.00,0.01,-0.52,27.00,0.01,-0.02
3740848,27.00,-0.07,-0.03,28.00,0.93,-0.80,27.00,0.02,0.00
3740909,27.00,-0.01,0.00,28.00,1.62,-0.51,27.00,-0.02,-0.05
3740969,27.00,0.01,-0.23,28.00,1.62,0.15,27.00,-0.04,-0.01
3741029,27.00,-0.04,-0.11,28.00,2.59,-0.16,27.00,-0.05,-0.07
3741089,27.00,0.02,-0.19,28.00,2.64,0.11,27.00,-0.07,-0.04
3741149,27.00,0.01,-0.18,28.00,3.16,0.01,27.00,0.01,-0.07
3741209,27.00,0.05,-0.32,28.00,3.27,0.20,27.00,-0.02,-0.04
3741269,27.00,0.14,-0.15,28.00,3.71,0.18,27.00,0.05,-0.07
3741330,27.00,-0.01,-0.15,28.00,4.14,-0.25,27.00,0.01,0.05
3741390,27.00,0.02,-0.23,28.00,3.95,0.18,27.00,-0.05,0.00
3741450,27.00,0.11,-0.08,28.00,4.23,-0.36,27.00,-0.04,-0.03
3741510,27.00,0.10,-0.25,28.00,3.61,0.15,27.00,0.02,-0.05
3741570,27.00,0.01,-0.32,28.00,3.54,0.08,27.00,-0.02,-0.01
3741630,27.00,-0.02,-0.14,28.00,3.04,0.00,27.00,-0.01,-0.05
3741690,27.00,0.02,-0.23,28.00,2.97,0.22,27.00,-0.02,-0.05
3741750,27.00,-0.02,-0.16,28.00,2.23,0.37,27.00,-0.02,0.00
3741811,27.00,0.02,-0.22,28.00,1.75,0.01,27.00,0.01,-0.00
3741871,27.00,-0.11,-0.21,28.00,1.37,0.39,27.00,-0.07,-0.01
3741931,27.00,0.10,-0.25,28.00,0.77,0.43,27.00,0.01,-0.03
3741991,27.00,-0.11,-0.14,28.00,0.04,0.22,27.00,-0.04,-0.09
3742051,27.00,-0.11,-0.23,28.00,-0.27,-0.22,27.00,-0.05,-0.01
3742111,27.00,0.01,-0.33,28.00,-1.09,0.25,27.00,0.04,-0.03
3742171,27.00,0.12,-0.07,28.00,-1.53,0.20,27.00,-0.01,0.00
3742232,27.00,0.01,-0.27,28.00,-1.87,-0.36,27.00,-0.02,-0.02
3742292,27.00,-0.02,-0.26,28.00,-2.62,-0.24,27.00,0.01,-0.04
3742352,27.00,0.04,-0.10,28.00,-2.82,-0.32,27.00,0.01,-0.02
3742412,27.00,-0.08,-0.22,28.00,-3.54,0.00,27.00,-0.08,-0.00
3742472,27.00,-0.18,-0.15,28.00,-3.48,-0.06,27.00,-0.02,-0.05
3742532,27.00,0.02,-0.20,28.00,-3.68,-0.70,27.00,-0.04,-0.02
3742592,27.00,0.17,-0.22,28.00,-3.67,-0.54,27.00,-0.04,-0.00
3742653,27.00,-0.17,-0.33,28.00,-4.02,-0.26,27.00,-0.01,-0.08
3742713,27.00,-0.18,-0.37,28.00,-3.95,-0.40,27.00,-0.05,-0.08
3742773,27.00,0.08,-0.22,28.00,-3.83,-0.30,27.00,0.07,0.01
3742833,27.00,-0.05,-0.11,28.00,-3.70,-0.33,27.00,-0.02,0.09
3742893,27.00,-0.04,-0.31,28.00,-3.00,-0.06,27.00,-0.01,-0.10
3742953,27.00,-0.07,0.05,28.00,-2.54,-0.03,27.00,0.04,-0.01
3743013,27.00,-0.01,-0.21,28.00,-2.29,-0.41,27.00,0.01,-0.13
3743073,27.00,0.04,-0.14,28.00,-1.66,-0.15,27.00,0.05,-0.04
3743134,27.00,0.07,-0.22,28.00,-1.18,-0.45,27.00,-0.02,-0.03
3743194,27.00,-0.11,-0.13,28.00,-0.56,-0.63,27.00,0.04,0.03
3743254,27.00,-0.08,-0.10,28.00,-0.18,-0.64,27.00,0.02,-0.00
3743314,27.00,0.11,-0.29,28.00,0.65,-0.38,27.00,0.02,0.00
3743374,27.00,0.24,-0.12,28.00,0.99,-0.29,27.00,0.05,-0.07
3743434,27.00,-0.01,-0.22,28.00,1.62,-0.42,27.00,-0.04,-0.01
3743494,27.00,0.02,-0.23,28.00,2.22,0.36,27.00,-0.04,-0.02
3743555,27.00,0.04,-0.22,28.00,2.73,0.11,27.00,-0.01,-0.05
3743615,27.00,-0.17,-0.23,28.00,3.17,0.04,27.00,-0.04,-0.05
3743675,27.00,-0.20,-0.14,28.00,3.44,0.26,27.00,-0.02,-0.07
3743735,27.00,0.08,-0.15,28.00,3.58,0.22,27.00,-0.04,-0.07
3743795,27.00,-0.07,-0.22,28.00,3.92,-0.72,27.00,0.02,-0.04
3743855,27.00,0.12,-0.21,28.00,4.07,-0.51,27.00,0.07,-0.07
3743915,27.00,0.01,-0.21,28.00,4.10,-0.13,27.00,0.02,-0.07
3743975,27.00,0.15,-0.15,28.00,3.73,0.41,27.00,-0.01,0.00
3744036,27.00,-0.07,-0.26,28.00,3.54,0.02,27.00,0.08,-0.08
3744096,27.00,-0.02,-0.23,28.00,3.08,-0.19,27.00,-0.02,-0.06
3744156,27.00,-0.07,-0.32,28.00,2.85,0.11,27.00,-0.01,-0.08
3744216,27.00,-0.04,-0.11,28.00,2.78,0.16,27.00,-0.05,-0.12
3744276,27.00,-0.11,-0.10,28.00,2.32,0.41,27.00,-0.01,-0.00
3744336,27.00,-0.05,-0.11,28.00,1.59,0.25,27.00,-0.07,0.00
3744396,27.00,-0.10,-0.15,28.00,1.30,0.03,27.00,-0.05,-0.07
3744457,27.00,0.10,-0.13,28.00,0.49,0.37,27.00,-0.08,0.00
3744517,27.00,-0.08,-0.26,28.00,-0.07,0.17,27.00,-0.04,-0.10
3744577,27.00,0.05,-0.30,28.00,-0.62,-0.09,27.00,0.02,0.05
3744637,27.00,-0.05,-0.17,28.00,-1.11,-0.78,27.00,0.02,-0.03
3744697,27.00,0.11,-0.10,28.00,-1.87,-0.15,27.00,0.05,-0.09
3744757,27.00,0.05,-0.05,28.00,-2.45,-0.17,27.00,-0.02,-0.05
3744817,27.00,-0.02,-0.02,28.00,-2.70,-0.28,27.00,-0.05,-0.01
3744877,27.00,-0.01,-0.12,28.00,-3.03,-0.48,27.00,0.04,-0.06
3744938,27.00,-0.05,-0.05,28.00,-3.54,-0.50,27.00,0.02,-0.05
3744998,27.00,-0.04,-0.27,28.00,-3.58,-0.36,27.00,-0.04,-0.05
3745058,27.00,-0.08,-0.14,28.00,-3.89,-0.23,27.00,0.01,-0.04
3745118,27.00,-0.01,-0.27,28.00,-3.68,-0.72,27.00,-0.05,0.00
3745178,27.00,-0.12,-0.26,28.00,-3.76,-0.30,27.00,0.01,-0.00
3745238,27.00,0.10,-0.23,28.00,-3.70,0.02,27.00,-0.01,-0.06
3745298,27.00,-0.14,-0.27,28.00,-3.41,-0.56,27.00,0.01,-0.04
3745359,27.00,0.04,-0.21,28.00,-3.27,-0.29,27.00,0.01,0.00
3745419,27.00,0.04,-0.23,28.00,-2.82,-0.61,27.00,-0.04,-0.08
3745479,27.00,0.01,-0.27,28.00,-2.48,-0.49,27.00,0.01,0.00
3745539,27.00,0.04,-0.17,28.00,-1.94,-0.39,27.00,0.01,-0.07
3745599,27.00,0.04,-0.18,28.00,-1.53,-0.36,27.00,-0.05,-0.02
3745659,27.00,0.02,-0.10,28.00,-0.99,-0.54,27.00,0.02,-0.03
3745719,27.00,0.15,-0.18,28.00,-0.34,-0.89,27.00,0.02,-0.06
3745779,27.00,0.05,-0.17,28.00,0.27,-0.28,27.00,0.02,-0.07
3745840,27.00,-0.04,-0.28,28.00,0.71,-0.40,27.00,-0.04,-0.02
3745900,27.00,0.07,-0.19,28.00,1.12,-0.17,27.00,0.02,-0.07
3745960,27.00,-0.07,-0.32,28.00,2.13,-0.48,27.00,0.01,0.02
3746020,27.00,0.23,-0.22,28.00,2.54,-0.36,27.00,0.02,0.01
3746080,27.00,0.17,-0.34,28.00,2.89,0.15,27.00,0.02,-0.06
3746140,27.00,0.05,-0.22,28.00,3.10,-0.45,27.00,-0.07,0.03
3746200,27.00,-0.05,-0.25,28.00,3.52,-0.25,27.00,-0.01,0.05
3746261,27.00,0.07,-0.20,28.00,3.52,-0.05,27.00,-0.07,-0.07
3746321,27.00,0.11,-0.27,28.00,3.74,-0.30,27.00,0.02,-0.01
3746381,27.00,-0.04,-0.15,28.00,3.82,-0.07,27.00,-0.08,-0.05
3746441,27.00,-0.02,-0.23,28.00,3.79,0.00,27.00,0.02,-0.04
3746501,27.00,0.04,-0.21,28.00,3.73,-0.19,27.00,0.01,0.01
3746561,27.00,0.11,-0.23,28.00,3.67,-0.23,27.00,0.01,-0.05
3746621,27.00,0.05,-0.13,28.00,2.97,-0.08,27.00,0.07,-0.04
3746681,27.00,0.04,-0.29,28.00,2.78,-0.10,27.00,0.05,-0.05
3746742,27.00,-0.10,-0.22,28.00,2.57,-0.01,27.00,0.01,0.02
3746802,27.00,0.02,-0.06,28.00,1.97,0.06,27.00,0.02,-0.07
3746862,27.00,-0.04,-0.02,28.00,1.36,-0.18,27.00,0.05,-0.07
3746922,27.00,-0.11,-0.21,28.00,0.78,-0.19,27.00,0.01,-0.02
3746982,27.00,0.10,-0.24,28.00,0.43,-0.05,27.00,0.01,-0.02
3747042,27.00,-0.14,-0.12,28.00,-0.30,-0.39,27.00,-0.01,-0.05
3747102,27.00,0.05,-0.28,28.00,-0.86,-0.22,27.00,-0.04,-0.04
3747163,27.00,0.07,-0.15,28.00,-1.47,-0.12,27.00,0.04,-0.06
3747223,27.00,-0.01,-0.16,28.00,-1.79,-0.58,27.00,0.07,-0.00
3747283,27.00,-0.10,-0.16,28.00,-2.35,-0.08,27.00,-0.07,-0.10
3747343,27.00,0.10,-0.20,28.00,-3.01,0.08,27.00,0.01,-0.05
3747403,27.00,-0.02,-0.07,28.00,-3.19,-0.01,27.00,-0.04,-0.13
3747463,27.00,-0.11,-0.13,28.00,-3.67,-0.16,27.00,0.04,0.03
3747523,27.00,0.04,-0.29,28.00,-3.99,-0.07,27.00,0.04,-0.05
3747583,27.00,-0.04,-0.44,28.00,-3.89,-0.51,27.00,0.01,-0.02
3747644,27.00,0.11,-0.13,28.00,-3.73,-0.12,27.00,-0.04,-0.02
3747704,27.00,-0.01,-0.10,28.00,-3.80,-0.33,27.00,-0.01,-0.07
3747764,27.00,-0.10,-0.22,28.00,-3.66,-0.91,27.00,-0.02,-0.02
3747824,27.00,-0.08,-0.06,28.00,-3.63,-0.33,27.00,0.04,-0.03
3747884,27.00,0.11,-0.18,28.00,-3.01,-0.61,27.00,-0.04,-0.08
3747944,27.00,-0.02,-0.29,28.00,-2.53,-0.49,27.00,0.10,-0.07
3748004,27.00,0.08,-0.14,28.00,-2.19,-0.72,27.00,0.01,-0.11
3748065,27.00,0.01,-0.17,28.00,-1.91,-0.61,27.00,0.01,-0.08
3748125,27.00,-0.08,-0.19,28.00,-1.22,-0.62,27.00,-0.02,-0.06
3748185,27.00,0.02,-0.25,28.00,-0.61,-0.61,27.00,-0.02,0.04
3748245,27.00,-0.04,-0.31,28.00,-0.29,-0.58,27.00,0.01,0.03
3748305,27.00,0.07,-0.28,28.00,0.34,-0.39,27.00,-0.02,-0.02
3748365,27.00,-0.01,-0.07,28.00,0.74,0.17,27.00,-0.01,-0.00
3748425,27.00,-0.17,0.15,28.00,1.36,-0.12,27.00,-0.01,0.04
3748485,27.00,-0.18,-0.24,28.00,1.96,-0.12,27.00,-0.04,-0.02
3748546,27.00,-0.10,-0.14,28.00,2.44,-0.30,27.00,0.01,0.04
3748606,27.00,0.05,-0.15,28.00,2.92,-0.01,27.00,-0.07,0.00
3748666,27.00,-0.10,-0.27,28.00,3.19,0.29,27.00,-0.02,-0.01
3748726,27.00,-0.12,-0.28,28.00,3.52,0.29,27.00,-0.02,0.04
3748786,27.00,0.10,-0.22,28.00,3.55,0.29,27.00,-0.04,-0.14
3748846,27.00,-0.15,-0.07,28.00,4.11,-0.34,27.00,-0.02,-0.03
3748906,27.00,0.01,-0.15,28.00,3.63,-0.00,27.00,-0.04,-0.09
3748967,27.00,-0.08,-0.16,28.00,3.88,-0.16,27.00,-0.04,-0.03
3749027,27.00,-0.05,-0.27,28.00,3.52,0.11,27.00,-0.02,-0.06
3749087,27.00,-0.05,-0.18,28.00,3.45,-0.06,27.00,-0.01,0.07
3749147,27.00,0.11,-0.09,28.00,3.05,-0.04,27.00,0.02,0.01
3749207,27.00,0.07,-0.16,28.00,2.57,0.22,27.00,0.02,-0.01
3749267,27.00,0.01,-0.12,28.00,2.21,-0.29,27.00,-0.05,-0.02
3749327,27.00,0.05,-0.08,28.00,1.75,-0.08,27.00,0.01,-0.06
3749388,27.00,0.04,-0.02,28.00,1.19,0.04,27.00,0.02,-0.05
3749448,27.00,0.04,-0.07,28.00,0.53,0.24,27.00,-0.01,-0.04
3749508,27.00,-0.01,-0.13,28.00,0.12,-0.27,27.00,0.04,0.01
3749568,27.00,0.05,-0.35,28.00,-0.53,-0.06,27.00,0.01,-0.00
3749628,27.00,-0.01,-0.18,28.00,-1.18,0.73,27.00,-0.01,-0.00
3749688,27.00,-0.04,-0.29,28.00,-1.69,0.07,27.00,-0.02,-0.05
3749748,27.00,0.01,-0.16,28.00,-1.91,-0.24,27.00,0.01,0.08
3749808,27.00,-0.05,-0.12,28.00,-2.45,-0.19,27.00,-0.05,-0.04
3749869,27.00,0.02,-0.11,28.00,-3.27,0.22,27.00,-0.01,0.12
3749929,27.00,0.04,-0.15,28.00,-3.41,-0.35,27.00,-0.01,-0.02
3749989,27.00,-0.05,-0.09,28.00,-3.63,-0.23,27.00,-0.01,-0.13
3750049,27.00,-0.04,-0.37,28.00,-3.61,-0.50,27.00,-0.05,-0.09
3750109,27.00,0.12,-0.02,28.00,-3.83,-0.12,27.00,0.02,-0.05
3750169,27.00,0.04,-0.24,28.00,-3.67,-0.22,27.00,-0.07,-0.01
3750229,27.00,0.18,-0.22,28.00,-3.89,-0.44,27.00,-0.05,-0.02
3750290,27.00,-0.04,-0.30,28.00,-3.73,-0.42,27.00,-0.04,-0.03
3750350,27.00,0.02,-0.33,28.00,-3.52,-0.36,27.00,0.01,-0.06
3750410,27.00,-0.11,-0.18,28.00,-3.19,-0.20,27.00,0.07,-0.04
3750470,27.00,0.10,-0.22,28.00,-2.72,-0.41,27.00,0.02,-0.07
3750530,27.00,0.05,-0.12,28.00,-1.94,-0.78,27.00,-0.07,-0.05
3750590,27.00,0.23,-0.06,28.00,-1.69,-0.14,27.00,-0.02,-0.09
3750650,27.00,-0.01,-0.18,28.00,-1.06,-0.33,27.00,-0.04,-0.02
3750710,27.00,0.02,-0.14,28.00,-0.59,-0.65,27.00,0.01,-0.01
3750771,27.00,0.20,-0.17,28.00,0.05,-0.36,27.00,0.02,-0.09
3750831,27.00,0.04,-0.15,28.00,0.70,-0.37,27.00,-0.01,-0.03
3750891,27.00,0.14,-0.20,28.00,1.08,-0.13,27.00,-0.08,-0.06
3750951,27.00,0.12,-0.27,28.00,1.84,-0.45,27.00,-0.01,-0.06
3751011,27.00,0.07,-0.26,28.00,2.32,-0.14,27.00,0.02,0.02
3751071,27.00,-0.01,-0.24,28.00,2.79,-0.22,27.00,0.01,-0.08
3751131,27.00,-0.01,-0.35,28.00,3.36,-0.13,27.00,0.02,-0.07
3751192,27.00,-0.04,-0.29,28.00,3.47,0.15,27.00,0.01,0.00
3751252,27.00,-0.07,-0.39,28.00,3.41,0.13,27.00,-0.01,-0.03
3751312,27.00,0.04,-0.28,28.00,3.76,-0.03,27.00,0.08,-0.05
3751372,27.00,0.01,-0.27,28.00,3.74,-0.18,27.00,0.02,-0.01
3751432,27.00,0.04,-0.06,28.00,3.83,-0.33,27.00,-0.05,-0.01
3751492,27.00,0.05,-0.26,28.00,3.85,0.20,27.00,-0.02,-0.06
3751552,27.00,0.04,-0.15,28.00,3.61,0.32,27.00,0.04,-0.04
3751612,27.00,0.07,-0.12,28.00,3.07,-0.21,27.00,0.02,-0.02
3751673,27.00,-0.21,-0.12,28.00,2.85,0.16,27.00,-0.05,-0.00
3751733,27.00,-0.15,-0.30,28.00,2.37,0.14,27.00,0.07,-0.09
3751793,27.00,-0.11,-0.29,28.00,1.85,0.33,27.00,-0.01,-0.08
3751853,27.00,-0.10,-0.23,28.00,1.34,0.76,27.00,0.04,-0.06
3751913,27.00,-0.08,-0.11,28.00,0.81,0.95,27.00,-0.01,0.03
3751973,27.00,0.11,-0.25,28.00,0.46,0.15,27.00,-0.01,-0.06
3752033,27.00,0.04,-0.16,28.00,-0.11,-0.16,27.00,-0.02,0.01
3752094,27.00,0.05,-0.06,28.00,-0.67,-0.22,27.00,-0.02,0.03
3752154,27.00,0.12,-0.17,28.00,-1.53,0.36,27.00,0.04,0.04
3752214,27.00,0.05,-0.15,28.00,-1.90,-0.09,27.00,-0.07,-0.02
3752274,27.00,0.01,-0.12,28.00,-2.51,-0.38,27.00,0.02,-0.05
3752334,27.00,0.02,-0.19,28.00,-2.73,-0.19,27.00,-0.02,0.04
3752394,27.00,-0.08,-0.13,28.00,-3.22,-0.36,27.00,-0.07,-0.07
3752454,27.00,0.07,-0.19,28.00,-3.42,-0.41,27.00,0.04,-0.01
3752514,27.00,-0.21,-0.16,28.00,-3.77,-0.27,27.00,-0.01,-0.01
3752575,27.00,0.18,-0.18,28.00,-3.89,-0.57,27.00,-0.02,-0.01
3752635,27.00,-0.05,-0.06,28.00,-3.88,-0.15,27.00,-0.04,-0.10
3752695,27.00,-0.07,-0.31,28.00,-3.98,-0.58,27.00,0.02,-0.03
3752755,27.00,-0.05,-0.16,28.00,-3.66,0.05,27.00,-0.05,-0.00
3752815,27.00,-0.12,-0.25,28.00,-3.36,0.46,27.00,0.01,0.05
3752875,27.00,0.02,-0.28,28.00,-3.01,-0.71,27.00,0.01,0.09
3752935,27.00,-0.07,-0.18,28.00,-2.72,-0.47,27.00,0.01,-0.02
3752996,27.00,-0.05,-0.29,28.00,-2.35,-0.48,27.00,-0.04,0.05
3753056,27.00,-0.14,-0.32,28.00,-1.90,-0.41,27.00,-0.07,0.03
3753116,27.00,-0.10,-0.14,28.00,-1.46,-0.94,27.00,0.07,-0.07
3753176,27.00,0.01,-0.34,28.00,-0.71,-0.59,27.00,-0.02,0.01
3753236,27.00,0.02,-0.22,28.00,-0.24,-0.40,27.00,-0.01,0.02
3753296,27.00,-0.05,-0.24,28.00,0.27,-0.46,27.00,-0.01,-0.10
3753356,27.00,-0.05,-0.15,28.00,1.00,-0.67,27.00,-0.01,-0.06
3753416,27.00,-0.05,-0.16,28.00,1.44,-0.10,27.00,-0.01,-0.07
3753477,27.00,-0.07,-0.21,28.00,1.97,0.27,27.00,0.02,-0.07
3753537,27.00,0.01,-0.33,28.00,2.45,0.01,27.00,-0.02,-0.02
3753597,27.00,0.20,-0.24,28.00,2.92,-0.61,27.00,-0.01,0.02
3753657,27.00,-0.12,-0.12,28.00,3.48,-0.12,27.00,0.04,-0.03
3753717,27.00,0.14,-0.25,28.00,3.52,-0.29,27.00,0.02,-0.15
3753777,27.00,-0.02,-0.13,28.00,3.58,-0.37,27.00,0.02,0.03
3753837,27.00,-0.05,-0.22,28.00,3.79,-0.04,27.00,-0.07,-0.07
3753898,27.00,0.02,-0.13,28.00,3.98,0.15,27.00,0.02,0.02
3753958,27.00,-0.11,-0.24,28.00,3.95,0.14,27.00,0.07,-0.12
3754018,27.00,0.12,-0.14,28.00,3.64,0.13,27.00,-0.01,-0.05
3754078,27.00,-0.11,-0.07,28.00,3.48,-0.05,27.00,0.01,0.02
3754138,27.00,0.05,-0.23,28.00,3.05,0.33,27.00,0.01,-0.06
3754198,27.00,0.12,-0.22,28.00,2.57,-0.02,27.00,0.01,-0.02
3754258,27.00,0.10,0.00,28.00,2.31,0.03,27.00,-0.02,-0.02
3754319,27.00,-0.11,-0.21,28.00,1.82,0.23,27.00,-0.02,-0.05
3754379,27.00,-0.18,-0.15,28.00,1.33,0.16,27.00,-0.04,-0.05
3754439,27.00,-0.01,-0.12,28.00,0.78,0.53,27.00,0.01,0.08
3754499,27.00,0.10,-0.20,28.00,0.21,-0.08,27.00,-0.02,-0.01
3754559,27.00,0.11,-0.19,28.00,-0.42,-0.13,27.00,-0.10,-0.11
3754619,27.00,-0.08,-0.18,28.00,-0.86,-0.87,27.00,0.04,0.03
3754679,27.00,-0.05,-0.24,28.00,-1.44,-0.46,27.00,0.05,-0.07
3754739,27.00,-0.10,-0.30,28.00,-2.42,-0.05,27.00,0.02,-0.01
3754800,27.00,-0.01,-0.28,28.00,-2.79,0.11,27.00,0.01,-0.00
3754860,27.00,0.02,-0.34,28.00,-3.05,-0.31,27.00,0.01,-0.03
3754920,27.00,-0.08,-0.16,28.00,-3.52,-0.29,27.00,-0.02,-0.05
3754980,27.00,-0.02,-0.17,28.00,-3.36,-0.28,27.00,-0.02,-0.06
3755040,27.00,0.02,-0.30,28.00,-3.61,-0.54,27.00,-0.01,0.08
3755100,27.00,-0.11,-0.36,28.00,-3.74,-0.17,27.00,-0.02,-0.07
3755160,27.00,-0.04,-0.24,28.00,-3.98,-0.15,27.00,0.01,-0.07
3755221,27.00,0.04,-0.24,28.00,-3.64,-0.32,27.00,-0.05,-0.10
3755281,27.00,-0.05,-0.45,28.00,-3.57,-0.53,27.00,0.01,-0.02
3755341,27.00,0.02,-0.22,28.00,-3.45,-0.40,27.00,-0.01,0.01
3755401,27.00,0.21,-0.22,28.00,-2.78,-0.67,27.00,0.04,-0.00
3755461,27.00,0.04,-0.39,28.00,-2.82,-0.51,27.00,0.05,0.01
3755521,27.00,0.10,-0.32,28.00,-2.10,-0.58,27.00,-0.01,-0.03
3755581,27.00,-0.04,-0.01,28.00,-1.58,-1.08,27.00,-0.01,-0.04
3755641,27.00,0.15,-0.35,28.00,-0.97,-0.39,27.00,-0.01,0.00
3755702,27.00,-0.07,-0.13,28.00,-0.43,-0.36,27.00,-0.01,-0.06
3755762,27.00,-0.04,-0.28,28.00,-0.01,-0.35,27.00,-0.08,0.03
3755822,27.00,0.02,-0.17,28.00,0.71,-0.37,27.00,-0.07,-0.02
3755882,27.00,-0.08,-0.33,28.00,0.87,0.34,27.00,-0.04,-0.01
3755942,27.00,0.05,-0.18,28.00,1.79,0.17,27.00,0.01,-0.05
3756002,27.00,-0.05,-0.23,28.00,2.16,-0.08,27.00,0.01,0.00
3756062,27.00,-0.08,-0.00,28.00,2.56,0.22,27.00,-0.01,-0.05
3756123,27.00,-0.14,-0.27,28.00,2.92,-0.64,27.00,-0.02,-0.02
3756183,27.00,0.02,-0.21,28.00,3.35,-0.12,27.00,-0.07,-0.04
3756243,27.00,-0.07,-0.29,28.00,3.47,0.30,27.00,0.05,-0.01
3756303,27.00,-0.05,0.00,28.00,3.95,0.12,27.00,-0.05,-0.07
3756363,27.00,-0.14,-0.33,28.00,3.83,-0.36,27.00,-0.07,-0.06
3756423,27.00,0.07,-0.07,28.00,3.92,0.21,27.00,0.05,-0.00
3756483,27.00,0.04,-0.19,28.00,3.60,-0.43,27.00,0.02,-0.05
3756543,27.00,0.01,-0.25,28.00,3.64,-0.72,27.00,0.02,-0.06
3756604,27.00,-0.01,-0.15,28.00,3.41,-0.51,27.00,-0.08,-0.04
3756664,27.00,-0.17,-0.22,28.00,3.03,-0.18,27.00,0.01,-0.03
3756724,27.00,0.08,-0.22,28.00,2.62,-0.02,27.00,0.01,-0.08
3756784,27.00,0.15,-0.07,28.00,2.21,-0.35,27.00,-0.02,0.01
3756844,27.00,-0.05,-0.17,28.00,1.52,-0.34,27.00,0.01,-0.00
3756904,27.00,0.05,-0.16,28.00,1.09,-0.28,27.00,-0.04,0.02
3756964,27.00,-0.01,-0.19,28.00,0.49,-0.13,27.00,-0.01,-0.04
3757025,27.00,0.08,0.00,28.00,-0.18,-0.04,27.00,0.02,0.06
3757085,27.00,-0.02,-0.15,28.00,-0.81,-0.25,27.00,-0.02,0.07
3757145,27.00,-0.11,-0.26,28.00,-1.43,-0.59,27.00,-0.04,-0.09
3757205,27.00,-0.05,-0.30,28.00,-1.90,-0.09,27.00,0.02,0.00
3757265,27.00,-0.10,-0.07,28.00,-2.22,0.18,27.00,-0.02,0.00
3757325,27.00,-0.15,-0.37,28.00,-2.67,-0.11,27.00,-0.01,-0.07
3757385,27.00,0.01,-0.02,28.00,-3.10,-0.11,27.00,-0.01,0.02
3757445,27.00,0.05,-0.11,28.00,-3.44,-0.40,27.00,-0.04,-0.04
3757506,27.00,0.08,-0.10,28.00,-3.77,-0.25,27.00,-0.04,-0.04
3757566,27.00,0.02,-0.34,28.00,-3.71,-0.38,27.00,-0.04,-0.02
